EmpNumber,Age,Gender,EducationBackground,MaritalStatus,EmpDepartment,EmpJobRole,BusinessTravelFrequency,DistanceFromHome,EmpEducationLevel,EmpEnvironmentSatisfaction,EmpHourlyRate,EmpJobInvolvement,EmpJobLevel,EmpJobSatisfaction,NumCompaniesWorked,OverTime,EmpLastSalaryHikePercent,EmpRelationshipSatisfaction,TotalWorkExperienceInYears,TrainingTimesLastYear,EmpWorkLifeBalance,ExperienceYearsAtThisCompany,ExperienceYearsInCurrentRole,YearsSinceLastPromotion,YearsWithCurrManager,Attrition,PerformanceRating
E1001000,32.0,Male,Marketing,Single,Sales,Sales Executive,Travel_Rarely,10.0,3,4,55.0,3,2,4,1.0,No,12.0,4,10.0,2.0,2,10.0,7.0,0.0,8.0,No,3
E1001006,47.0,Male,Marketing,Single,Sales,Sales Executive,Travel_Rarely,14.0,4,4,42.0,3,2,1,2.0,No,12.0,4,20.0,2.0,3,7.0,7.0,1.0,7.0,No,3
E1001007,40.0,Male,Life Sciences,Married,Sales,Sales Executive,Travel_Frequently,5.0,4,4,48.0,2,3,1,5.0,Yes,21.0,3,20.0,2.0,3,18.0,13.0,1.0,12.0,No,4
E1001009,41.0,Male,Human Resources,Divorced,Human Resources,Manager,Travel_Rarely,10.0,4,2,73.0,2,5,4,3.0,No,15.0,2,23.0,2.0,2,21.0,6.0,12.0,6.0,No,3
E1001010,60.0,Male,Marketing,Single,Sales,Sales Executive,Travel_Rarely,16.0,4,1,84.0,3,2,1,8.0,No,14.0,4,10.0,1.0,3,2.0,2.0,2.0,2.0,No,3
E1001011,27.0,Male,Life Sciences,Divorced,Development,Developer,Travel_Frequently,10.0,2,4,32.0,3,3,1,1.0,No,21.0,3,9.0,4.0,2,9.0,7.0,1.0,7.0,No,4
E1001016,50.0,Male,Marketing,Married,Sales,Sales Representative,Travel_Rarely,8.0,4,4,54.0,3,1,2,7.0,No,15.0,4,4.0,2.0,3,2.0,2.0,2.0,2.0,No,3
E1001019,28.0,Female,Life Sciences,Single,Development,Developer,Travel_Rarely,1.0,2,1,67.0,1,1,2,7.0,Yes,13.0,4,10.0,4.0,3,7.0,7.0,3.0,7.0,Yes,3
E1001020,36.0,Female,Life Sciences,Married,Development,Developer,Non-Travel,8.0,3,1,63.0,4,3,1,9.0,No,14.0,1,10.0,2.0,3,8.0,7.0,0.0,5.0,No,3
E1001021,38.0,Female,Life Sciences,Single,Development,Developer,Travel_Rarely,1.0,3,3,81.0,3,3,3,4.0,Yes,14.0,4,10.0,4.0,4,1.0,0.0,0.0,0.0,No,3
E1001022,44.0,Male,Medical,Single,Development,Developer,Non-Travel,24.0,3,1,49.0,1,1,3,2.0,No,14.0,3,9.0,5.0,3,5.0,2.0,1.0,4.0,No,3
E1001024,47.0,Female,Medical,Divorced,Sales,Sales Executive,Travel_Frequently,3.0,3,4,49.0,3,4,3,9.0,Yes,12.0,4,28.0,2.0,2,22.0,2.0,11.0,13.0,No,3
E1001025,30.0,Male,Marketing,Divorced,Sales,Sales Executive,Travel_Rarely,27.0,5,3,99.0,3,2,4,7.0,No,23.0,4,10.0,2.0,2,8.0,7.0,7.0,7.0,No,4
E1001027,29.0,Male,Life Sciences,Single,Sales,Sales Representative,Travel_Rarely,10.0,3,3,99.0,3,1,3,1.0,No,11.0,3,1.0,6.0,3,1.0,0.0,0.0,0.0,No,3
E1001030,42.0,Male,Medical,Divorced,Development,Developer,Travel_Frequently,19.0,3,3,57.0,4,1,3,6.0,Yes,12.0,4,7.0,2.0,3,2.0,2.0,2.0,2.0,Yes,3
E1001035,34.0,Female,Medical,Single,Development,Developer,Travel_Rarely,8.0,2,2,96.0,3,2,3,3.0,No,11.0,4,10.0,2.0,3,5.0,1.0,4.0,3.0,No,3
E1001038,39.0,Female,Human Resources,Married,Human Resources,Human Resources,Travel_Rarely,3.0,3,3,44.0,4,2,2,9.0,No,15.0,3,12.0,3.0,1,8.0,3.0,3.0,6.0,No,3
E1001040,56.0,Male,Medical,Married,Development,Developer,Travel_Rarely,9.0,3,3,81.0,3,4,4,7.0,No,11.0,3,30.0,1.0,2,10.0,7.0,1.0,1.0,No,3
E1001041,40.0,Female,Medical,Single,Development,Developer,Travel_Rarely,2.0,1,4,86.0,2,1,4,0.0,Yes,20.0,4,5.0,2.0,2,4.0,2.0,2.0,3.0,No,4
E1001042,27.0,Female,Medical,Single,Development,Developer,Travel_Rarely,7.0,3,4,55.0,2,2,1,8.0,No,19.0,1,9.0,2.0,1,7.0,6.0,0.0,7.0,No,3
E1001044,29.0,Male,Marketing,Divorced,Sales,Sales Representative,Travel_Rarely,10.0,3,4,83.0,3,1,2,1.0,No,14.0,4,2.0,2.0,3,2.0,2.0,2.0,2.0,No,3
E1001047,53.0,Male,Life Sciences,Single,Development,Developer,Travel_Rarely,6.0,3,4,86.0,3,2,4,2.0,No,17.0,4,19.0,4.0,3,2.0,2.0,2.0,2.0,No,3
E1001049,35.0,Female,Life Sciences,Divorced,Development,Senior Developer,Non-Travel,2.0,4,4,61.0,3,2,1,2.0,No,11.0,1,16.0,2.0,4,1.0,0.0,0.0,0.0,No,3
E1001050,32.0,Male,Life Sciences,Married,Development,Developer,Travel_Frequently,24.0,4,1,80.0,3,2,4,1.0,No,15.0,4,10.0,2.0,3,10.0,8.0,4.0,7.0,No,3
E1001053,34.0,Female,Life Sciences,Divorced,Development,Developer,Travel_Rarely,8.0,5,2,32.0,3,2,1,3.0,No,14.0,3,7.0,3.0,3,0.0,0.0,0.0,0.0,No,3
E1001054,52.0,Male,Marketing,Married,Sales,Manager,Travel_Rarely,3.0,4,3,31.0,2,4,1,1.0,No,11.0,1,34.0,3.0,4,34.0,6.0,1.0,16.0,No,4
E1001058,33.0,Male,Other,Single,Development,Developer,Travel_Rarely,1.0,4,4,63.0,3,1,4,1.0,Yes,13.0,3,10.0,2.0,2,10.0,9.0,7.0,8.0,Yes,3
E1001059,25.0,Female,Medical,Single,Sales,Sales Executive,Travel_Rarely,26.0,1,3,32.0,3,2,4,1.0,No,23.0,2,6.0,5.0,2,6.0,5.0,1.0,4.0,No,4
E1001061,45.0,Male,Technical Degree,Single,Sales,Sales Representative,Travel_Rarely,2.0,2,2,46.0,1,2,3,0.0,No,13.0,1,9.0,3.0,3,8.0,7.0,3.0,1.0,No,3
E1001062,23.0,Male,Medical,Single,Development,Developer,Travel_Rarely,10.0,1,1,79.0,4,1,3,1.0,No,18.0,4,2.0,3.0,3,2.0,2.0,0.0,2.0,No,3
E1001063,47.0,Female,Life Sciences,Single,Sales,Sales Executive,Travel_Frequently,27.0,2,2,77.0,4,2,3,4.0,Yes,12.0,4,8.0,2.0,3,5.0,4.0,1.0,3.0,Yes,3
E1001064,34.0,Male,Other,Single,Sales,Sales Executive,Travel_Rarely,2.0,3,4,60.0,3,2,4,1.0,No,22.0,3,6.0,5.0,3,6.0,5.0,1.0,4.0,No,4
E1001067,36.0,Male,Life Sciences,Single,Sales,Sales Executive,Non-Travel,8.0,4,1,76.0,2,3,1,1.0,No,15.0,2,10.0,1.0,3,10.0,7.0,0.0,9.0,No,3
E1001069,52.0,Male,Medical,Married,Development,Developer,Non-Travel,19.0,4,4,41.0,3,1,4,0.0,No,18.0,1,5.0,3.0,3,4.0,3.0,1.0,2.0,No,3
E1001070,26.0,Female,Life Sciences,Divorced,Development,Developer,Travel_Frequently,1.0,2,1,71.0,1,1,4,3.0,No,14.0,1,5.0,2.0,3,2.0,2.0,2.0,0.0,No,3
E1001071,29.0,Female,Medical,Married,Development,Developer,Travel_Rarely,27.0,3,2,66.0,3,2,3,4.0,No,12.0,1,11.0,3.0,2,8.0,7.0,1.0,1.0,No,3
E1001074,26.0,Male,Technical Degree,Single,Sales,Sales Executive,Travel_Rarely,8.0,3,4,38.0,2,2,1,6.0,No,17.0,3,6.0,2.0,2,4.0,3.0,1.0,2.0,Yes,3
E1001075,34.0,Female,Life Sciences,Single,Development,Developer,Travel_Rarely,1.0,4,2,72.0,4,1,4,2.0,No,16.0,3,10.0,2.0,3,4.0,2.0,1.0,3.0,No,3
E1001077,54.0,Female,Medical,Divorced,Development,Developer,Travel_Rarely,19.0,4,4,95.0,3,2,1,9.0,Yes,11.0,2,9.0,4.0,3,5.0,3.0,1.0,4.0,No,3
E1001078,27.0,Male,Marketing,Married,Sales,Sales Executive,Travel_Frequently,8.0,1,3,84.0,3,2,4,0.0,No,19.0,2,5.0,3.0,3,4.0,2.0,1.0,1.0,No,3
E1001080,37.0,Female,Life Sciences,Divorced,Development,Developer,Travel_Rarely,10.0,1,4,82.0,3,1,1,0.0,Yes,13.0,2,6.0,3.0,2,5.0,3.0,4.0,3.0,No,3
E1001081,38.0,Female,Life Sciences,Single,Development,Developer,Travel_Frequently,2.0,4,1,75.0,4,2,1,6.0,Yes,12.0,4,17.0,2.0,3,15.0,7.0,4.0,12.0,No,3
E1001082,34.0,Female,Medical,Single,Development,Developer,Travel_Rarely,2.0,4,3,86.0,2,1,1,1.0,No,11.0,3,6.0,3.0,3,6.0,5.0,1.0,3.0,No,3
E1001083,35.0,Female,Life Sciences,Married,Sales,Sales Representative,Travel_Rarely,8.0,4,1,72.0,3,1,4,1.0,No,16.0,2,3.0,1.0,2,3.0,2.0,0.0,2.0,No,3
E1001085,40.0,Female,Medical,Married,Development,Developer,Travel_Frequently,2.0,2,3,38.0,4,2,2,1.0,No,24.0,4,8.0,2.0,3,8.0,7.0,3.0,7.0,No,4
E1001086,34.0,Female,Life Sciences,Married,Sales,Sales Executive,Travel_Rarely,8.0,2,3,93.0,3,2,1,5.0,No,17.0,2,6.0,1.0,3,3.0,2.0,1.0,2.0,No,3
E1001090,24.0,Male,Life Sciences,Divorced,Development,Senior Developer,Non-Travel,9.0,3,3,60.0,2,1,2,1.0,No,11.0,3,1.0,4.0,3,1.0,0.0,0.0,0.0,No,3
E1001091,52.0,Female,Life Sciences,Married,Development,Senior Developer,Travel_Rarely,11.0,4,4,82.0,3,2,3,8.0,No,20.0,2,9.0,3.0,3,5.0,2.0,1.0,4.0,No,4
E1001093,50.0,Male,Medical,Married,Development,Developer,Travel_Rarely,2.0,3,3,64.0,3,4,3,5.0,No,16.0,4,30.0,3.0,3,4.0,3.0,0.0,3.0,No,3
E1001094,29.0,Female,Life Sciences,Married,Development,Developer,Travel_Rarely,1.0,2,2,36.0,2,1,1,1.0,Yes,11.0,4,1.0,1.0,3,1.0,0.0,0.0,0.0,Yes,3
E1001095,33.0,Male,Medical,Married,Development,Developer,Travel_Rarely,7.0,3,3,49.0,3,3,3,0.0,No,11.0,4,14.0,3.0,4,13.0,9.0,3.0,7.0,No,3
E1001097,33.0,Female,Marketing,Single,Sales,Sales Executive,Travel_Rarely,16.0,3,1,69.0,3,2,1,5.0,No,15.0,3,6.0,3.0,3,3.0,2.0,0.0,2.0,Yes,3
E1001098,47.0,Female,Other,Married,Development,Developer,Travel_Rarely,2.0,2,3,33.0,3,4,4,1.0,Yes,11.0,3,26.0,3.0,2,26.0,14.0,3.0,0.0,No,3
E1001101,36.0,Female,Other,Married,Development,Developer,Travel_Rarely,1.0,3,3,35.0,3,2,2,0.0,No,15.0,1,10.0,2.0,3,9.0,7.0,0.0,5.0,No,3
E1001102,29.0,Male,Life Sciences,Married,Development,Senior Developer,Travel_Rarely,23.0,2,3,81.0,4,1,3,1.0,No,24.0,3,10.0,3.0,3,10.0,7.0,0.0,7.0,No,4
E1001104,35.0,Female,Life Sciences,Single,Development,Senior Developer,Travel_Rarely,1.0,4,4,40.0,4,1,3,3.0,No,13.0,3,7.0,0.0,3,2.0,2.0,2.0,2.0,No,3
E1001105,42.0,Female,Life Sciences,Married,Development,Developer,Travel_Rarely,1.0,2,4,43.0,2,2,4,9.0,Yes,13.0,4,8.0,4.0,3,4.0,3.0,0.0,2.0,No,3
E1001106,28.0,Male,Medical,Single,Development,Developer,Travel_Rarely,2.0,4,3,46.0,3,1,3,6.0,No,17.0,4,5.0,3.0,2,2.0,2.0,2.0,1.0,Yes,3
E1001107,36.0,Male,Human Resources,Married,Human Resources,Human Resources,Travel_Rarely,13.0,3,3,36.0,3,1,2,4.0,No,13.0,2,8.0,2.0,3,5.0,2.0,0.0,4.0,No,3
E1001110,40.0,Male,Medical,Single,Development,Developer,Travel_Frequently,16.0,4,1,51.0,2,2,3,6.0,No,14.0,4,10.0,6.0,3,1.0,0.0,0.0,0.0,No,3
E1001111,30.0,Female,Medical,Single,Development,Developer,Travel_Rarely,2.0,3,3,52.0,2,2,4,5.0,Yes,24.0,2,12.0,4.0,2,0.0,0.0,0.0,0.0,No,4
E1001112,45.0,Female,Life Sciences,Single,Development,Developer,Travel_Rarely,2.0,3,2,95.0,2,1,3,1.0,No,14.0,4,1.0,3.0,3,1.0,0.0,0.0,0.0,No,3
E1001114,42.0,Male,Life Sciences,Married,Development,Developer,Travel_Rarely,29.0,3,2,98.0,3,2,2,1.0,No,13.0,4,10.0,3.0,2,9.0,8.0,7.0,8.0,No,3
E1001115,38.0,Male,Life Sciences,Divorced,Development,Developer,Travel_Frequently,12.0,3,1,45.0,2,2,1,2.0,No,15.0,3,13.0,3.0,2,4.0,3.0,1.0,2.0,No,3
E1001118,49.0,Female,Marketing,Married,Sales,Sales Executive,Travel_Rarely,11.0,3,3,43.0,3,3,4,1.0,No,18.0,1,9.0,3.0,4,9.0,8.0,7.0,7.0,Yes,3
E1001120,55.0,Male,Medical,Single,Sales,Sales Executive,Travel_Rarely,2.0,1,3,37.0,3,2,4,4.0,No,16.0,3,12.0,3.0,2,9.0,7.0,7.0,3.0,Yes,3
E1001121,43.0,Male,Life Sciences,Married,Development,Developer,Travel_Rarely,14.0,2,2,94.0,3,4,1,6.0,No,24.0,3,22.0,3.0,3,4.0,1.0,1.0,0.0,No,3
E1001122,27.0,Male,Technical Degree,Divorced,Development,Developer,Travel_Rarely,5.0,1,3,42.0,2,3,4,1.0,Yes,16.0,2,9.0,3.0,3,9.0,8.0,0.0,8.0,No,3
E1001123,35.0,Male,Other,Single,Development,Developer,Travel_Rarely,7.0,3,3,59.0,3,3,3,3.0,No,21.0,2,17.0,3.0,4,8.0,5.0,1.0,6.0,No,4
E1001124,28.0,Female,Marketing,Married,Sales,Sales Executive,Travel_Rarely,2.0,4,2,81.0,3,2,2,1.0,Yes,20.0,1,8.0,2.0,3,8.0,7.0,7.0,5.0,No,3
E1001126,26.0,Female,Medical,Married,Development,Developer,Travel_Frequently,5.0,2,3,88.0,2,1,3,1.0,Yes,14.0,1,8.0,2.0,3,8.0,7.0,1.0,7.0,Yes,3
E1001128,27.0,Male,Medical,Married,Development,Developer,Non-Travel,3.0,3,4,50.0,3,1,4,1.0,No,11.0,3,0.0,6.0,2,0.0,0.0,0.0,0.0,No,3
E1001129,51.0,Female,Marketing,Married,Sales,Manager,Travel_Rarely,26.0,4,1,66.0,3,4,3,2.0,No,14.0,3,29.0,2.0,2,20.0,6.0,4.0,17.0,No,3
E1001130,44.0,Male,Medical,Single,Development,Developer,Travel_Rarely,4.0,3,4,50.0,3,2,2,9.0,No,12.0,4,10.0,2.0,2,5.0,2.0,2.0,3.0,No,3
E1001132,25.0,Male,Medical,Single,Development,Developer,Travel_Rarely,2.0,1,1,65.0,4,1,1,7.0,No,13.0,3,6.0,3.0,2,4.0,3.0,0.0,1.0,No,3
E1001134,35.0,Female,Medical,Single,Development,Senior Developer,Travel_Rarely,27.0,1,3,53.0,2,1,1,1.0,No,11.0,4,6.0,3.0,2,6.0,5.0,1.0,1.0,No,3
E1001135,36.0,Male,Life Sciences,Married,Sales,Sales Executive,Travel_Rarely,1.0,2,2,56.0,3,2,4,1.0,Yes,14.0,4,18.0,1.0,2,18.0,14.0,4.0,11.0,No,3
E1001140,53.0,Female,Marketing,Married,Sales,Sales Executive,Travel_Rarely,7.0,2,1,78.0,2,3,4,7.0,Yes,18.0,4,35.0,3.0,3,5.0,2.0,0.0,4.0,No,3
E1001142,45.0,Male,Marketing,Divorced,Sales,Sales Executive,Travel_Rarely,9.0,3,4,74.0,3,3,1,4.0,Yes,12.0,3,18.0,2.0,3,5.0,4.0,0.0,2.0,No,3
E1001143,32.0,Female,Medical,Married,Development,Developer,Travel_Rarely,8.0,2,3,91.0,4,2,3,5.0,No,12.0,3,9.0,3.0,2,5.0,3.0,1.0,3.0,No,3
E1001146,37.0,Male,Marketing,Divorced,Sales,Sales Executive,Travel_Rarely,16.0,4,4,66.0,2,2,3,4.0,No,19.0,4,9.0,2.0,3,1.0,0.0,0.0,0.0,No,3
E1001147,28.0,Male,Medical,Divorced,Human Resources,Human Resources,Travel_Rarely,8.0,2,2,63.0,2,1,4,1.0,No,13.0,4,6.0,6.0,3,5.0,1.0,0.0,4.0,No,3
E1001150,22.0,Male,Life Sciences,Married,Development,Senior Developer,Travel_Rarely,1.0,2,4,33.0,2,2,4,6.0,No,22.0,1,4.0,2.0,1,2.0,2.0,2.0,2.0,No,3
E1001152,44.0,Male,Life Sciences,Married,Development,Developer,Travel_Rarely,8.0,4,1,62.0,4,1,4,2.0,Yes,24.0,3,10.0,2.0,2,3.0,2.0,0.0,2.0,No,3
E1001153,42.0,Male,Medical,Single,Development,Senior Developer,Travel_Frequently,2.0,1,2,35.0,3,1,4,5.0,Yes,14.0,4,8.0,2.0,3,2.0,1.0,2.0,2.0,No,3
E1001156,36.0,Male,Life Sciences,Married,Human Resources,Human Resources,Travel_Rarely,8.0,3,1,77.0,2,1,1,0.0,No,21.0,3,6.0,3.0,3,5.0,4.0,0.0,3.0,No,3
E1001157,25.0,Male,Other,Married,Sales,Sales Executive,Travel_Rarely,3.0,1,3,98.0,3,2,1,1.0,Yes,18.0,4,5.0,3.0,3,5.0,3.0,0.0,3.0,No,3
E1001159,35.0,Female,Life Sciences,Divorced,Development,Developer,Travel_Frequently,25.0,4,4,96.0,3,1,2,1.0,Yes,19.0,1,10.0,3.0,2,10.0,2.0,7.0,8.0,Yes,3
E1001160,32.0,Male,Life Sciences,Divorced,Development,Developer,Non-Travel,1.0,3,4,61.0,3,1,4,0.0,No,12.0,2,4.0,2.0,3,3.0,0.0,0.0,2.0,No,3
E1001165,49.0,Female,Technical Degree,Married,Data Science,Data Scientist,Travel_Rarely,1.0,3,3,36.0,3,1,1,2.0,No,16.0,2,7.0,2.0,3,4.0,2.0,0.0,2.0,No,3
E1001166,24.0,Male,Life Sciences,Married,Development,Senior Developer,Non-Travel,4.0,1,1,46.0,2,1,4,0.0,No,17.0,4,6.0,2.0,2,5.0,2.0,3.0,4.0,No,3
E1001167,32.0,Male,Life Sciences,Married,Sales,Sales Executive,Travel_Frequently,5.0,2,2,48.0,3,2,2,1.0,No,14.0,4,10.0,3.0,3,10.0,8.0,5.0,3.0,No,3
E1001171,38.0,Male,Marketing,Married,Sales,Sales Representative,Travel_Rarely,9.0,3,2,98.0,2,1,2,0.0,No,19.0,4,3.0,3.0,3,2.0,2.0,1.0,2.0,No,3
E1001173,31.0,Male,Life Sciences,Married,Development,Senior Developer,Travel_Rarely,11.0,4,4,48.0,3,1,4,3.0,Yes,19.0,2,8.0,2.0,3,6.0,4.0,0.0,2.0,No,3
E1001175,53.0,Male,Marketing,Married,Sales,Sales Executive,Travel_Rarely,8.0,3,1,73.0,3,4,4,5.0,No,14.0,3,28.0,3.0,3,2.0,0.0,2.0,2.0,No,3
E1001178,37.0,Female,Medical,Married,Sales,Sales Representative,Travel_Frequently,21.0,2,3,54.0,3,1,4,5.0,No,15.0,2,10.0,3.0,3,5.0,4.0,0.0,0.0,No,3
E1001179,53.0,Female,Life Sciences,Single,Development,Developer,Travel_Rarely,23.0,4,4,72.0,3,4,4,6.0,No,18.0,3,33.0,0.0,3,12.0,9.0,3.0,8.0,No,3
E1001180,43.0,Female,Life Sciences,Married,Development,Developer,Travel_Frequently,1.0,3,4,33.0,3,2,4,4.0,No,13.0,2,12.0,2.0,2,5.0,2.0,2.0,2.0,No,3
E1001181,47.0,Female,Marketing,Married,Sales,Sales Executive,Travel_Rarely,2.0,2,3,35.0,3,2,4,0.0,Yes,22.0,1,8.0,2.0,3,7.0,6.0,7.0,7.0,No,4
E1001182,37.0,Male,Medical,Single,Sales,Sales Executive,Non-Travel,19.0,2,1,32.0,3,3,2,1.0,Yes,13.0,4,10.0,2.0,3,10.0,0.0,0.0,9.0,No,3
E1001183,50.0,Male,Life Sciences,Divorced,Development,Developer,Non-Travel,2.0,4,1,98.0,3,4,1,1.0,No,11.0,4,31.0,3.0,3,31.0,6.0,14.0,7.0,No,3
E1001187,39.0,Female,Life Sciences,Married,Human Resources,Human Resources,Travel_Rarely,2.0,3,4,42.0,2,2,4,8.0,No,11.0,3,13.0,2.0,3,5.0,4.0,0.0,4.0,No,3
E1001188,33.0,Male,Human Resources,Divorced,Human Resources,Human Resources,Travel_Rarely,3.0,2,4,57.0,3,1,2,3.0,Yes,11.0,3,7.0,4.0,4,4.0,3.0,0.0,3.0,No,3
E1001189,32.0,Male,Life Sciences,Single,Development,Developer,Travel_Rarely,25.0,4,1,87.0,3,1,4,1.0,Yes,24.0,3,1.0,2.0,1,1.0,0.0,0.0,1.0,Yes,3
E1001191,44.0,Male,Life Sciences,Married,Development,Developer,Travel_Rarely,9.0,2,2,61.0,3,1,1,1.0,Yes,13.0,4,8.0,0.0,3,8.0,7.0,7.0,1.0,No,3
E1001196,58.0,Male,Life Sciences,Divorced,Development,Developer,Travel_Frequently,2.0,1,4,57.0,2,1,4,9.0,Yes,14.0,4,3.0,3.0,2,1.0,0.0,0.0,0.0,Yes,3
E1001200,20.0,Female,Medical,Single,Sales,Sales Representative,Travel_Rarely,2.0,3,3,49.0,2,1,3,1.0,No,13.0,4,2.0,3.0,2,2.0,2.0,0.0,2.0,Yes,3
E1001201,21.0,Female,Other,Single,Data Science,Data Scientist,Travel_Rarely,18.0,1,4,65.0,3,1,4,1.0,No,19.0,1,1.0,3.0,2,1.0,0.0,0.0,0.0,Yes,3
E1001202,36.0,Male,Life Sciences,Married,Data Science,Data Scientist,Travel_Rarely,14.0,1,3,68.0,3,2,4,0.0,Yes,17.0,1,17.0,2.0,2,16.0,8.0,4.0,11.0,No,3
E1001203,47.0,Female,Life Sciences,Single,Sales,Sales Representative,Travel_Rarely,2.0,4,4,65.0,2,1,4,1.0,Yes,18.0,1,3.0,3.0,2,3.0,2.0,1.0,2.0,No,3
E1001204,22.0,Female,Life Sciences,Married,Development,Developer,Travel_Rarely,3.0,1,2,34.0,3,2,3,0.0,Yes,19.0,1,4.0,3.0,4,3.0,2.0,0.0,2.0,Yes,3
E1001208,28.0,Female,Medical,Divorced,Development,Developer,Travel_Rarely,9.0,3,3,77.0,3,1,3,5.0,No,18.0,2,6.0,2.0,3,2.0,2.0,2.0,2.0,No,3
E1001210,39.0,Male,Medical,Married,Development,Senior Developer,Travel_Rarely,6.0,3,4,70.0,3,1,1,7.0,Yes,21.0,4,8.0,2.0,1,2.0,2.0,2.0,2.0,Yes,3
E1001211,27.0,Female,Life Sciences,Single,Development,Developer,Travel_Rarely,4.0,3,2,76.0,3,1,3,1.0,No,19.0,3,1.0,2.0,3,1.0,1.0,0.0,0.0,No,3
E1001212,34.0,Male,Life Sciences,Divorced,Development,Developer,Travel_Rarely,10.0,3,2,83.0,3,1,2,1.0,No,14.0,2,1.0,3.0,3,1.0,0.0,1.0,0.0,No,3
E1001214,42.0,Female,Medical,Single,Sales,Sales Executive,Travel_Rarely,14.0,2,3,68.0,2,2,3,7.0,No,17.0,1,10.0,6.0,3,5.0,4.0,0.0,3.0,No,3
E1001217,33.0,Male,Other,Single,Development,Senior Developer,Travel_Rarely,1.0,4,3,100.0,2,1,1,3.0,Yes,11.0,2,6.0,1.0,3,3.0,2.0,0.0,2.0,No,3
E1001218,58.0,Female,Technical Degree,Divorced,Development,Senior Developer,Travel_Rarely,5.0,3,3,37.0,2,3,2,2.0,Yes,13.0,4,24.0,3.0,3,6.0,0.0,0.0,4.0,No,3
E1001219,31.0,Male,Life Sciences,Married,Sales,Sales Representative,Travel_Rarely,7.0,4,2,41.0,2,1,3,3.0,No,15.0,2,13.0,2.0,4,7.0,7.0,5.0,2.0,No,3
E1001220,35.0,Female,Life Sciences,Married,Development,Senior Developer,Travel_Rarely,21.0,1,4,51.0,3,2,4,1.0,Yes,25.0,4,10.0,2.0,1,10.0,6.0,0.0,7.0,No,3
E1001223,48.0,Male,Medical,Married,Data Science,Data Scientist,Travel_Rarely,20.0,4,4,51.0,3,1,3,4.0,No,17.0,1,13.0,2.0,2,0.0,0.0,0.0,0.0,No,3
E1001225,31.0,Female,Marketing,Married,Sales,Sales Executive,Non-Travel,20.0,2,4,45.0,3,2,3,1.0,No,13.0,4,9.0,2.0,2,9.0,8.0,0.0,0.0,No,3
E1001227,36.0,Male,Other,Single,Development,Developer,Travel_Rarely,7.0,4,2,65.0,3,1,4,2.0,No,18.0,3,8.0,6.0,3,6.0,2.0,0.0,1.0,No,3
E1001228,38.0,Female,Technical Degree,Married,Development,Senior Developer,Travel_Rarely,1.0,3,4,80.0,3,3,1,1.0,No,13.0,2,15.0,3.0,3,15.0,12.0,5.0,11.0,No,3
E1001229,32.0,Female,Life Sciences,Married,Development,Senior Developer,Non-Travel,1.0,3,3,70.0,2,1,2,6.0,No,20.0,3,5.0,3.0,3,3.0,0.0,0.0,2.0,No,4
E1001230,25.0,Male,Marketing,Married,Sales,Sales Representative,Travel_Rarely,19.0,2,3,36.0,2,1,2,1.0,Yes,18.0,3,1.0,2.0,3,1.0,0.0,0.0,0.0,Yes,3
E1001235,41.0,Male,Medical,Single,Development,Developer,Travel_Rarely,6.0,3,4,59.0,3,1,1,2.0,Yes,13.0,3,20.0,3.0,3,18.0,13.0,2.0,17.0,No,3
E1001236,36.0,Male,Medical,Single,Development,Developer,Travel_Rarely,2.0,4,3,79.0,3,1,3,4.0,No,21.0,3,16.0,6.0,3,11.0,8.0,3.0,9.0,No,4
E1001237,19.0,Male,Other,Single,Sales,Sales Representative,Travel_Rarely,21.0,3,4,37.0,2,1,2,1.0,Yes,13.0,2,1.0,3.0,4,1.0,0.0,0.0,0.0,Yes,3
E1001238,20.0,Male,Technical Degree,Single,Development,Developer,Travel_Rarely,4.0,3,1,84.0,3,1,1,1.0,No,19.0,2,1.0,2.0,3,1.0,0.0,0.0,0.0,Yes,3
E1001239,31.0,Female,Medical,Married,Development,Developer,Travel_Rarely,12.0,3,4,41.0,3,2,4,0.0,Yes,11.0,3,10.0,2.0,1,9.0,7.0,8.0,5.0,No,3
E1001245,36.0,Male,Life Sciences,Married,Sales,Sales Executive,Travel_Rarely,3.0,1,3,51.0,2,3,4,1.0,Yes,11.0,1,16.0,6.0,3,16.0,7.0,3.0,7.0,Yes,3
E1001248,37.0,Male,Life Sciences,Married,Sales,Sales Executive,Travel_Rarely,1.0,4,1,46.0,2,3,3,5.0,No,11.0,3,17.0,2.0,1,14.0,1.0,11.0,7.0,Yes,2
E1001250,45.0,Male,Life Sciences,Married,Development,Developer,Non-Travel,4.0,2,3,57.0,3,2,2,1.0,No,12.0,2,9.0,5.0,2,9.0,7.0,0.0,8.0,No,3
E1001252,29.0,Female,Technical Degree,Married,Sales,Sales Representative,Travel_Frequently,20.0,3,3,84.0,3,1,4,1.0,No,15.0,2,3.0,5.0,3,3.0,1.0,0.0,2.0,No,3
E1001253,35.0,Female,Medical,Married,Sales,Sales Executive,Travel_Rarely,18.0,3,3,86.0,3,2,3,1.0,No,16.0,2,5.0,3.0,3,5.0,2.0,1.0,0.0,No,3
E1001254,52.0,Male,Life Sciences,Married,Development,Senior Developer,Travel_Rarely,1.0,2,4,70.0,3,4,4,2.0,No,15.0,2,26.0,2.0,2,9.0,8.0,7.0,8.0,No,3
E1001259,53.0,Male,Medical,Divorced,Sales,Manager,Travel_Rarely,2.0,2,3,45.0,3,4,3,6.0,No,13.0,3,22.0,3.0,4,17.0,13.0,15.0,2.0,No,3
E1001260,30.0,Male,Other,Divorced,Sales,Sales Executive,Travel_Rarely,8.0,2,3,62.0,3,3,3,5.0,No,11.0,1,10.0,2.0,4,8.0,4.0,7.0,7.0,No,3
E1001262,35.0,Male,Life Sciences,Divorced,Sales,Sales Executive,Travel_Rarely,3.0,4,4,92.0,3,3,4,6.0,No,13.0,2,12.0,2.0,3,10.0,9.0,0.0,8.0,No,3
E1001263,39.0,Male,Life Sciences,Single,Sales,Sales Executive,Travel_Rarely,2.0,5,1,41.0,4,3,3,0.0,No,18.0,4,9.0,3.0,3,8.0,7.0,0.0,7.0,No,3
E1001264,40.0,Female,Life Sciences,Single,Sales,Sales Executive,Non-Travel,24.0,3,2,100.0,4,4,2,4.0,Yes,16.0,4,22.0,2.0,2,1.0,0.0,0.0,0.0,Yes,3
E1001265,47.0,Male,Medical,Divorced,Development,Senior Developer,Travel_Frequently,16.0,4,3,64.0,4,2,3,1.0,Yes,19.0,3,20.0,3.0,4,19.0,10.0,2.0,7.0,No,3
E1001268,36.0,Male,Technical Degree,Divorced,Sales,Sales Executive,Non-Travel,8.0,4,1,84.0,3,2,4,4.0,No,13.0,4,12.0,3.0,3,7.0,7.0,0.0,7.0,No,3
E1001269,31.0,Male,Medical,Single,Development,Developer,Non-Travel,9.0,2,3,46.0,2,1,1,0.0,Yes,22.0,1,4.0,0.0,3,3.0,2.0,1.0,2.0,Yes,4
E1001270,33.0,Male,Life Sciences,Single,Sales,Manager,Non-Travel,17.0,3,4,38.0,3,4,3,1.0,No,11.0,4,10.0,2.0,3,10.0,8.0,6.0,0.0,No,3
E1001272,29.0,Female,Life Sciences,Single,Development,Developer,Travel_Rarely,10.0,3,4,92.0,2,1,1,6.0,Yes,20.0,3,3.0,5.0,3,0.0,0.0,0.0,0.0,Yes,4
E1001273,33.0,Female,Life Sciences,Single,Development,Developer,Travel_Rarely,13.0,1,2,53.0,3,1,4,3.0,No,18.0,1,5.0,4.0,3,3.0,2.0,0.0,2.0,No,3
E1001274,45.0,Female,Medical,Divorced,Development,Developer,Travel_Rarely,1.0,4,4,91.0,3,1,4,3.0,No,14.0,4,8.0,2.0,3,5.0,3.0,0.0,2.0,No,3
E1001275,50.0,Male,Medical,Divorced,Development,Senior Developer,Travel_Rarely,1.0,2,4,66.0,3,4,4,9.0,No,22.0,3,32.0,1.0,2,5.0,4.0,1.0,3.0,No,4
E1001276,33.0,Female,Other,Married,Development,Developer,Travel_Frequently,1.0,4,3,84.0,4,2,2,1.0,Yes,13.0,1,6.0,2.0,3,6.0,5.0,1.0,2.0,No,3
E1001277,41.0,Male,Medical,Divorced,Development,Developer,Travel_Frequently,9.0,3,1,64.0,3,5,3,2.0,No,17.0,2,21.0,2.0,4,18.0,16.0,0.0,11.0,No,3
E1001280,45.0,Male,Life Sciences,Married,Development,Developer,Non-Travel,23.0,2,4,42.0,3,2,1,1.0,Yes,15.0,3,9.0,2.0,3,9.0,8.0,0.0,8.0,No,3
E1001281,47.0,Female,Life Sciences,Single,Sales,Sales Executive,Travel_Rarely,4.0,2,4,83.0,3,2,4,1.0,Yes,17.0,3,9.0,0.0,3,9.0,0.0,0.0,7.0,No,3
E1001282,30.0,Female,Life Sciences,Married,Development,Developer,Travel_Rarely,22.0,3,1,48.0,3,1,3,4.0,Yes,11.0,2,7.0,2.0,3,5.0,2.0,0.0,1.0,Yes,3
E1001283,50.0,Male,Life Sciences,Married,Development,Developer,Travel_Rarely,24.0,3,4,95.0,3,4,3,3.0,Yes,18.0,4,22.0,2.0,3,12.0,11.0,1.0,5.0,No,3
E1001284,38.0,Male,Medical,Married,Research & Development,Senior Manager R&D,Travel_Frequently,10.0,1,3,66.0,3,1,3,0.0,No,17.0,2,3.0,0.0,2,2.0,1.0,0.0,2.0,No,3
E1001288,35.0,Male,Other,Divorced,Research & Development,Laboratory Technician,Travel_Rarely,14.0,4,3,39.0,2,1,2,1.0,Yes,24.0,4,5.0,2.0,1,4.0,2.0,0.0,2.0,Yes,3
E1001289,31.0,Female,Life Sciences,Married,Research & Development,Manufacturing Director,Travel_Frequently,1.0,1,3,96.0,3,2,1,1.0,No,12.0,3,4.0,1.0,3,4.0,3.0,0.0,3.0,No,3
E1001290,18.0,Male,Life Sciences,Single,Research & Development,Research Scientist,Non-Travel,5.0,2,2,73.0,3,1,4,1.0,No,15.0,4,0.0,2.0,3,0.0,0.0,0.0,0.0,No,3
E1001291,54.0,Female,Technical Degree,Married,Research & Development,Senior Manager R&D,Travel_Rarely,17.0,3,3,56.0,3,3,3,8.0,No,11.0,3,22.0,2.0,3,10.0,7.0,0.0,8.0,No,3
E1001292,35.0,Female,Medical,Divorced,Research & Development,Healthcare Representative,Travel_Rarely,25.0,4,3,57.0,3,3,3,1.0,Yes,11.0,3,16.0,3.0,2,16.0,10.0,10.0,1.0,No,3
E1001293,30.0,Female,Life Sciences,Married,Research & Development,Research Director,Travel_Rarely,8.0,2,2,73.0,4,3,1,0.0,Yes,12.0,3,9.0,4.0,2,8.0,7.0,1.0,7.0,No,2
E1001296,26.0,Male,Medical,Married,Research & Development,Senior Manager R&D,Travel_Rarely,2.0,2,4,32.0,4,2,4,1.0,No,12.0,2,8.0,2.0,3,8.0,7.0,1.0,3.0,No,3
E1001297,22.0,Male,Life Sciences,Married,Research & Development,Laboratory Technician,Travel_Rarely,8.0,1,2,94.0,1,1,1,1.0,No,15.0,1,4.0,3.0,2,4.0,3.0,1.0,1.0,No,2
E1001300,48.0,Male,Life Sciences,Single,Research & Development,Healthcare Representative,Travel_Rarely,6.0,3,1,97.0,2,2,3,2.0,No,13.0,4,19.0,0.0,3,2.0,2.0,2.0,2.0,No,2
E1001302,48.0,Male,Life Sciences,Single,Research & Development,Senior Manager R&D,Travel_Rarely,4.0,4,3,78.0,2,3,3,7.0,No,14.0,2,27.0,3.0,3,15.0,11.0,4.0,8.0,No,3
E1001303,41.0,Female,Medical,Single,Research & Development,Manufacturing Director,Travel_Rarely,7.0,2,4,42.0,3,2,3,6.0,No,14.0,2,8.0,6.0,3,2.0,2.0,2.0,1.0,No,3
E1001304,39.0,Female,Life Sciences,Married,Research & Development,Manufacturing Director,Travel_Rarely,1.0,1,4,65.0,2,4,4,1.0,No,16.0,3,21.0,3.0,3,21.0,6.0,11.0,8.0,No,3
E1001305,27.0,Female,Life Sciences,Married,Research & Development,Senior Manager R&D,Travel_Rarely,2.0,4,1,47.0,3,2,4,0.0,No,18.0,2,4.0,2.0,3,3.0,2.0,2.0,2.0,No,2
E1001306,35.0,Male,Other,Divorced,Research & Development,Laboratory Technician,Travel_Rarely,10.0,3,2,45.0,3,1,4,1.0,No,20.0,1,3.0,4.0,2,3.0,2.0,1.0,2.0,No,2
E1001307,42.0,Male,Marketing,Married,Sales,Manager,Travel_Rarely,5.0,2,4,90.0,3,5,3,6.0,No,13.0,2,21.0,3.0,4,1.0,0.0,0.0,0.0,No,4
E1001308,50.0,Male,Life Sciences,Married,Research & Development,Laboratory Technician,Travel_Rarely,9.0,3,1,64.0,3,1,4,4.0,No,18.0,2,8.0,5.0,3,1.0,0.0,0.0,0.0,No,3
E1001310,59.0,Female,Life Sciences,Single,Research & Development,Manufacturing Director,Travel_Rarely,2.0,3,3,69.0,2,4,4,3.0,Yes,13.0,1,30.0,4.0,3,5.0,3.0,4.0,3.0,No,3
E1001312,55.0,Male,Medical,Married,Research & Development,Healthcare Representative,Travel_Frequently,18.0,4,3,62.0,3,2,2,3.0,Yes,14.0,4,17.0,3.0,3,8.0,7.0,6.0,7.0,No,3
E1001313,41.0,Female,Life Sciences,Divorced,Research & Development,Research Director,Non-Travel,7.0,1,2,55.0,1,5,3,1.0,No,22.0,2,21.0,3.0,3,21.0,16.0,5.0,10.0,No,2
E1001314,38.0,Male,Life Sciences,Single,Sales,Sales Executive,Travel_Rarely,3.0,4,2,42.0,3,2,4,8.0,Yes,12.0,3,19.0,1.0,3,1.0,0.0,0.0,0.0,No,3
E1001315,26.0,Male,Medical,Single,Sales,Sales Executive,Non-Travel,29.0,2,2,79.0,1,2,1,8.0,No,18.0,4,7.0,6.0,3,2.0,2.0,2.0,2.0,Yes,2
E1001316,52.0,Female,Marketing,Married,Sales,Manager,Travel_Rarely,2.0,1,1,57.0,1,5,4,1.0,No,15.0,4,33.0,3.0,3,32.0,14.0,6.0,9.0,Yes,2
E1001317,44.0,Female,Medical,Married,Sales,Sales Executive,Travel_Rarely,28.0,3,4,53.0,4,4,4,3.0,Yes,18.0,3,23.0,2.0,3,12.0,11.0,11.0,11.0,No,3
E1001318,50.0,Female,Life Sciences,Married,Sales,Sales Executive,Non-Travel,1.0,3,4,95.0,3,2,3,0.0,No,12.0,1,19.0,3.0,3,18.0,7.0,0.0,13.0,No,3
E1001321,39.0,Female,Medical,Single,Research & Development,Manufacturing Director,Travel_Frequently,22.0,3,4,82.0,3,3,1,1.0,Yes,13.0,3,21.0,2.0,3,21.0,6.0,2.0,8.0,No,3
E1001322,33.0,Female,Life Sciences,Single,Sales,Sales Representative,Non-Travel,8.0,1,2,88.0,2,1,4,0.0,No,19.0,4,3.0,2.0,2,2.0,2.0,2.0,2.0,No,2
E1001323,45.0,Female,Life Sciences,Married,Sales,Manager,Travel_Rarely,11.0,2,4,90.0,3,4,4,3.0,No,13.0,2,26.0,4.0,4,9.0,3.0,1.0,1.0,No,3
E1001324,32.0,Female,Medical,Single,Research & Development,Senior Manager R&D,Non-Travel,29.0,4,4,69.0,3,1,3,9.0,No,12.0,2,10.0,2.0,3,8.0,7.0,7.0,7.0,No,3
E1001325,34.0,Male,Marketing,Divorced,Sales,Sales Executive,Travel_Rarely,1.0,4,2,75.0,4,2,4,0.0,No,11.0,4,16.0,2.0,2,15.0,1.0,0.0,9.0,No,3
E1001326,59.0,Male,Technical Degree,Married,Sales,Manager,Travel_Rarely,1.0,2,2,66.0,3,3,4,3.0,Yes,14.0,3,14.0,1.0,1,6.0,4.0,0.0,4.0,No,3
E1001327,45.0,Male,Medical,Single,Human Resources,Human Resources,Travel_Rarely,24.0,4,2,36.0,3,1,2,1.0,No,16.0,1,6.0,3.0,3,6.0,3.0,0.0,4.0,No,3
E1001330,36.0,Male,Other,Divorced,Research & Development,Laboratory Technician,Travel_Rarely,15.0,3,1,81.0,3,2,3,7.0,No,14.0,2,9.0,3.0,2,1.0,0.0,0.0,0.0,Yes,3
E1001331,26.0,Male,Life Sciences,Married,Research & Development,Research Scientist,Travel_Frequently,2.0,3,1,57.0,3,1,1,6.0,Yes,14.0,2,6.0,2.0,3,3.0,2.0,1.0,2.0,Yes,2
E1001334,28.0,Male,Medical,Married,Sales,Sales Representative,Travel_Rarely,10.0,1,4,74.0,3,1,2,1.0,No,22.0,2,1.0,5.0,3,1.0,0.0,0.0,0.0,No,4
E1001338,38.0,Male,Other,Married,Research & Development,Senior Manager R&D,Travel_Frequently,3.0,4,3,44.0,3,1,3,3.0,No,16.0,1,8.0,2.0,3,2.0,2.0,2.0,2.0,No,3
E1001339,50.0,Male,Medical,Married,Research & Development,Senior Manager R&D,Travel_Rarely,2.0,4,2,62.0,3,5,3,2.0,Yes,11.0,4,29.0,2.0,2,8.0,1.0,7.0,7.0,No,3
E1001340,37.0,Female,Other,Single,Research & Development,Healthcare Representative,Travel_Rarely,3.0,3,4,35.0,3,2,2,3.0,No,15.0,1,8.0,3.0,2,4.0,3.0,0.0,1.0,No,3
E1001344,40.0,Male,Marketing,Married,Sales,Sales Executive,Travel_Rarely,26.0,3,3,74.0,3,2,1,1.0,No,14.0,2,8.0,3.0,2,7.0,7.0,7.0,5.0,No,3
E1001346,26.0,Female,Medical,Divorced,Research & Development,Research Scientist,Travel_Frequently,1.0,1,1,66.0,2,1,3,1.0,No,13.0,3,5.0,5.0,3,5.0,3.0,1.0,3.0,No,2
E1001348,54.0,Female,Life Sciences,Married,Sales,Sales Executive,Travel_Rarely,2.0,4,3,41.0,2,3,3,6.0,No,11.0,2,13.0,4.0,3,9.0,4.0,7.0,0.0,No,3
E1001349,56.0,Female,Medical,Married,Research & Development,Senior Manager R&D,Travel_Frequently,9.0,3,1,63.0,3,1,3,2.0,No,19.0,2,18.0,4.0,3,5.0,4.0,0.0,3.0,No,3
E1001351,36.0,Female,Medical,Single,Research & Development,Manufacturing Director,Travel_Rarely,12.0,5,4,51.0,2,3,4,0.0,No,11.0,2,15.0,2.0,2,14.0,8.0,7.0,8.0,No,3
E1001352,55.0,Male,Medical,Single,Research & Development,Manager,Non-Travel,2.0,1,3,40.0,2,4,1,7.0,No,15.0,2,31.0,3.0,4,9.0,7.0,6.0,2.0,No,4
E1001354,43.0,Male,Medical,Divorced,Sales,Sales Executive,Travel_Rarely,25.0,3,3,79.0,2,3,4,5.0,No,13.0,3,18.0,5.0,3,1.0,0.0,0.0,0.0,No,3
E1001355,20.0,Female,Marketing,Single,Sales,Sales Representative,Travel_Frequently,9.0,3,4,54.0,3,1,4,1.0,Yes,14.0,2,2.0,3.0,3,2.0,2.0,0.0,2.0,Yes,3
E1001357,21.0,Female,Life Sciences,Single,Research & Development,Senior Manager R&D,Travel_Rarely,10.0,3,3,36.0,2,1,1,1.0,No,13.0,1,1.0,6.0,2,1.0,0.0,1.0,0.0,Yes,3
E1001358,46.0,Female,Life Sciences,Divorced,Research & Development,Senior Manager R&D,Travel_Rarely,8.0,4,4,74.0,2,2,1,8.0,Yes,23.0,1,19.0,2.0,3,16.0,13.0,1.0,7.0,No,4
E1001360,28.0,Male,Technical Degree,Single,Research & Development,Senior Manager R&D,Non-Travel,24.0,2,2,72.0,2,3,1,1.0,No,12.0,1,10.0,2.0,2,10.0,7.0,1.0,9.0,Yes,2
E1001361,26.0,Male,Medical,Married,Research & Development,Laboratory Technician,Travel_Rarely,1.0,2,1,59.0,2,1,1,1.0,No,16.0,1,6.0,2.0,3,5.0,3.0,1.0,3.0,No,2
E1001362,30.0,Male,Other,Married,Research & Development,Senior Manager R&D,Travel_Rarely,20.0,3,3,85.0,3,2,1,0.0,No,15.0,3,7.0,1.0,2,6.0,2.0,0.0,2.0,No,3
E1001366,38.0,Female,Life Sciences,Married,Research & Development,Healthcare Representative,Travel_Rarely,17.0,1,3,65.0,2,3,3,0.0,No,18.0,1,20.0,4.0,2,19.0,9.0,1.0,9.0,No,3
E1001370,40.0,Male,Technical Degree,Married,Research & Development,Senior Manager R&D,Travel_Rarely,20.0,4,1,61.0,3,3,4,4.0,No,20.0,4,14.0,6.0,3,11.0,10.0,11.0,1.0,No,2
E1001372,27.0,Male,Life Sciences,Married,Research & Development,Senior Manager R&D,Non-Travel,8.0,5,1,87.0,1,1,3,1.0,No,19.0,4,3.0,4.0,3,3.0,2.0,1.0,2.0,No,2
E1001374,55.0,Male,Life Sciences,Married,Research & Development,Manager R&D,Travel_Frequently,2.0,1,4,65.0,3,3,2,3.0,No,18.0,2,23.0,4.0,3,3.0,2.0,1.0,2.0,No,3
E1001376,44.0,Male,Medical,Married,Human Resources,Human Resources,Travel_Rarely,1.0,2,2,91.0,2,3,1,9.0,No,14.0,4,24.0,1.0,3,20.0,6.0,3.0,6.0,Yes,2
E1001379,33.0,Female,Medical,Single,Research & Development,Research Scientist,Travel_Frequently,29.0,4,1,54.0,2,2,3,1.0,No,22.0,2,14.0,4.0,3,13.0,7.0,3.0,8.0,Yes,2
E1001381,34.0,Male,Life Sciences,Single,Research & Development,Healthcare Representative,Travel_Frequently,3.0,1,1,45.0,3,2,4,0.0,No,17.0,3,7.0,1.0,2,6.0,2.0,0.0,4.0,No,3
E1001384,25.0,Male,Technical Degree,Married,Research & Development,Manager R&D,Travel_Rarely,4.0,1,4,32.0,3,1,4,1.0,Yes,15.0,2,7.0,3.0,4,7.0,7.0,5.0,6.0,Yes,3
E1001385,26.0,Male,Medical,Divorced,Research & Development,Manager R&D,Travel_Rarely,21.0,3,1,37.0,3,1,3,1.0,No,20.0,3,1.0,0.0,2,1.0,1.0,0.0,0.0,Yes,4
E1001387,42.0,Male,Medical,Married,Research & Development,Manager,Travel_Rarely,2.0,2,4,35.0,3,4,1,0.0,No,17.0,4,23.0,3.0,3,22.0,6.0,13.0,7.0,No,3
E1001389,28.0,Male,Medical,Divorced,Research & Development,Manager R&D,Travel_Frequently,1.0,3,1,45.0,2,1,2,1.0,No,15.0,1,1.0,2.0,3,1.0,0.0,0.0,0.0,Yes,3
E1001391,50.0,Male,Other,Single,Sales,Sales Executive,Travel_Frequently,1.0,4,4,81.0,3,2,3,3.0,Yes,14.0,4,5.0,4.0,3,0.0,0.0,0.0,0.0,Yes,3
E1001392,33.0,Female,Life Sciences,Married,Sales,Sales Executive,Travel_Frequently,7.0,3,4,30.0,3,2,2,0.0,No,17.0,3,4.0,3.0,3,3.0,2.0,0.0,2.0,No,3
E1001393,34.0,Male,Life Sciences,Married,Research & Development,Research Scientist,Non-Travel,3.0,4,3,40.0,2,1,4,3.0,No,17.0,4,6.0,2.0,3,0.0,0.0,0.0,0.0,No,3
E1001394,48.0,Male,Medical,Single,Research & Development,Manager R&D,Non-Travel,1.0,4,1,35.0,4,4,4,2.0,No,22.0,3,27.0,3.0,2,5.0,4.0,2.0,1.0,No,2
E1001395,45.0,Female,Life Sciences,Married,Sales,Sales Executive,Non-Travel,9.0,4,2,65.0,2,2,3,1.0,No,13.0,4,15.0,2.0,3,15.0,10.0,4.0,12.0,No,2
E1001396,52.0,Male,Life Sciences,Single,Research & Development,Healthcare Representative,Travel_Rarely,7.0,4,2,87.0,3,3,2,7.0,No,19.0,4,18.0,4.0,3,8.0,6.0,4.0,0.0,No,2
E1001397,38.0,Male,Marketing,Divorced,Sales,Sales Executive,Travel_Rarely,10.0,4,3,73.0,2,3,3,0.0,Yes,14.0,2,9.0,2.0,3,8.0,7.0,2.0,7.0,No,3
E1001398,29.0,Female,Life Sciences,Divorced,Research & Development,Manager R&D,Travel_Rarely,28.0,4,3,93.0,3,1,4,4.0,No,22.0,1,11.0,1.0,3,7.0,5.0,1.0,7.0,No,4
E1001399,28.0,Female,Medical,Divorced,Research & Development,Manufacturing Director,Travel_Rarely,3.0,3,4,93.0,3,3,2,0.0,No,17.0,2,10.0,3.0,2,9.0,7.0,1.0,7.0,No,3
E1001402,46.0,Male,Marketing,Married,Sales,Manager,Travel_Rarely,3.0,1,1,52.0,3,4,3,3.0,No,12.0,4,23.0,3.0,3,12.0,9.0,4.0,9.0,No,2
E1001403,38.0,Male,Marketing,Single,Sales,Sales Executive,Travel_Rarely,2.0,2,4,32.0,3,3,2,7.0,No,16.0,3,10.0,2.0,3,1.0,0.0,0.0,0.0,No,3
E1001405,39.0,Male,Life Sciences,Divorced,Research & Development,Healthcare Representative,Travel_Frequently,2.0,3,1,84.0,3,4,4,7.0,No,11.0,4,21.0,4.0,3,18.0,7.0,11.0,5.0,Yes,2
E1001406,40.0,Male,Medical,Single,Research & Development,Manager R&D,Travel_Rarely,14.0,3,3,44.0,2,5,3,1.0,No,14.0,1,21.0,2.0,4,20.0,7.0,4.0,9.0,No,3
E1001410,39.0,Male,Life Sciences,Single,Research & Development,Laboratory Technician,Non-Travel,9.0,3,3,70.0,3,2,2,9.0,No,15.0,3,9.0,2.0,2,5.0,4.0,0.0,3.0,No,3
E1001411,36.0,Male,Life Sciences,Single,Research & Development,Manufacturing Director,Non-Travel,18.0,4,1,78.0,3,2,4,2.0,No,20.0,1,18.0,0.0,3,11.0,9.0,0.0,9.0,No,3
E1001413,31.0,Male,Life Sciences,Married,Sales,Sales Representative,Travel_Frequently,20.0,3,3,67.0,4,1,4,0.0,No,12.0,1,3.0,4.0,3,2.0,2.0,2.0,2.0,No,3
E1001414,28.0,Male,Life Sciences,Married,Research & Development,Manager R&D,Travel_Rarely,2.0,1,1,67.0,2,1,2,0.0,No,17.0,1,6.0,2.0,1,5.0,3.0,0.0,4.0,No,3
E1001415,35.0,Male,Marketing,Divorced,Sales,Sales Executive,Travel_Frequently,11.0,2,4,54.0,3,2,4,1.0,No,11.0,4,5.0,3.0,3,5.0,2.0,0.0,2.0,No,3
E1001416,49.0,Male,Technical Degree,Married,Sales,Sales Executive,Travel_Rarely,8.0,4,4,56.0,2,4,2,6.0,No,17.0,2,22.0,3.0,3,9.0,8.0,2.0,3.0,No,3
E1001418,34.0,Male,Life Sciences,Single,Research & Development,Manager R&D,Travel_Frequently,2.0,2,4,95.0,3,2,3,2.0,No,11.0,4,5.0,3.0,2,3.0,2.0,0.0,2.0,No,3
E1001421,29.0,Female,Life Sciences,Divorced,Research & Development,Research Scientist,Travel_Frequently,10.0,3,4,61.0,3,1,2,0.0,No,14.0,4,8.0,2.0,2,7.0,5.0,1.0,1.0,No,3
E1001426,42.0,Male,Medical,Single,Research & Development,Laboratory Technician,Travel_Rarely,29.0,3,2,56.0,1,2,4,4.0,No,19.0,1,16.0,3.0,3,1.0,0.0,0.0,0.0,No,3
E1001428,29.0,Male,Medical,Married,Research & Development,Manufacturing Director,Travel_Rarely,8.0,1,2,79.0,2,2,4,1.0,Yes,15.0,3,10.0,2.0,2,10.0,7.0,1.0,2.0,No,2
E1001432,28.0,Male,Life Sciences,Divorced,Research & Development,Research Scientist,Travel_Frequently,6.0,3,3,39.0,2,1,3,1.0,Yes,14.0,4,3.0,2.0,3,3.0,1.0,0.0,2.0,No,3
E1001434,18.0,Male,Medical,Single,Research & Development,Laboratory Technician,Non-Travel,8.0,1,3,80.0,3,1,3,1.0,No,12.0,4,0.0,0.0,3,0.0,0.0,0.0,0.0,Yes,3
E1001435,33.0,Female,Marketing,Single,Sales,Sales Executive,Travel_Rarely,9.0,4,1,77.0,3,2,1,0.0,Yes,17.0,1,6.0,3.0,3,5.0,2.0,0.0,3.0,Yes,3
E1001436,41.0,Male,Life Sciences,Married,Research & Development,Laboratory Technician,Travel_Rarely,12.0,4,2,46.0,3,1,4,3.0,Yes,11.0,1,6.0,4.0,3,1.0,0.0,0.0,0.0,No,3
E1001438,31.0,Male,Medical,Married,Research & Development,Laboratory Technician,Travel_Frequently,15.0,3,3,72.0,3,1,3,1.0,No,12.0,3,2.0,5.0,2,2.0,2.0,2.0,2.0,Yes,3
E1001439,37.0,Female,Medical,Divorced,Research & Development,Healthcare Representative,Travel_Rarely,25.0,2,3,52.0,2,2,4,7.0,No,13.0,3,9.0,2.0,3,6.0,2.0,1.0,3.0,No,3
E1001440,27.0,Male,Life Sciences,Married,Research & Development,Research Scientist,Travel_Rarely,6.0,3,4,55.0,2,1,3,1.0,No,13.0,3,4.0,0.0,3,4.0,2.0,2.0,2.0,No,3
E1001441,34.0,Female,Life Sciences,Married,Sales,Sales Executive,Travel_Rarely,9.0,1,2,70.0,3,2,3,1.0,No,20.0,1,6.0,3.0,2,6.0,5.0,1.0,3.0,No,2
E1001442,35.0,Male,Technical Degree,Single,Human Resources,Human Resources,Travel_Rarely,8.0,4,3,100.0,3,1,3,1.0,No,17.0,2,6.0,2.0,1,5.0,4.0,1.0,4.0,No,2
E1001443,29.0,Female,Life Sciences,Married,Sales,Sales Executive,Travel_Rarely,23.0,1,4,45.0,2,3,1,1.0,No,13.0,1,11.0,3.0,1,11.0,8.0,3.0,10.0,Yes,2
E1001444,40.0,Female,Medical,Single,Research & Development,Research Director,Travel_Frequently,9.0,4,2,88.0,3,3,3,9.0,No,17.0,3,20.0,3.0,2,18.0,7.0,2.0,13.0,No,2
E1001445,42.0,Male,Life Sciences,Single,Sales,Sales Executive,Travel_Frequently,12.0,3,3,44.0,3,4,1,0.0,Yes,12.0,2,22.0,2.0,2,21.0,9.0,13.0,14.0,Yes,3
E1001449,42.0,Male,Marketing,Single,Sales,Sales Executive,Travel_Rarely,4.0,4,2,45.0,3,2,1,7.0,No,13.0,4,9.0,3.0,4,6.0,4.0,1.0,5.0,No,4
E1001451,24.0,Male,Medical,Single,Research & Development,Laboratory Technician,Travel_Rarely,24.0,3,4,49.0,3,1,2,8.0,No,22.0,4,6.0,2.0,3,4.0,3.0,1.0,2.0,No,4
E1001453,28.0,Female,Life Sciences,Married,Research & Development,Manager R&D,Travel_Rarely,12.0,1,3,79.0,3,1,4,1.0,Yes,11.0,4,1.0,4.0,2,1.0,1.0,0.0,0.0,Yes,3
E1001455,26.0,Male,Medical,Married,Research & Development,Manager R&D,Travel_Rarely,3.0,4,1,82.0,4,1,4,1.0,No,22.0,2,8.0,2.0,3,8.0,7.0,0.0,7.0,No,3
E1001457,30.0,Male,Marketing,Married,Sales,Sales Executive,Travel_Rarely,10.0,3,3,72.0,2,2,3,1.0,No,18.0,1,10.0,3.0,3,10.0,3.0,1.0,4.0,No,3
E1001458,40.0,Female,Medical,Married,Research & Development,Research Scientist,Travel_Frequently,26.0,2,3,92.0,2,2,4,3.0,Yes,13.0,4,16.0,3.0,1,1.0,1.0,0.0,0.0,No,3
E1001460,35.0,Male,Life Sciences,Divorced,Research & Development,Manufacturing Director,Travel_Rarely,2.0,3,3,44.0,2,3,2,2.0,No,18.0,2,15.0,2.0,4,7.0,7.0,6.0,4.0,No,3
E1001462,34.0,Male,Medical,Single,Research & Development,Healthcare Representative,Travel_Frequently,1.0,3,4,97.0,2,2,1,0.0,No,20.0,3,14.0,3.0,3,13.0,9.0,4.0,9.0,No,4
E1001463,35.0,Male,Other,Married,Research & Development,Laboratory Technician,Travel_Frequently,4.0,4,4,47.0,2,1,4,1.0,No,13.0,2,2.0,2.0,4,2.0,2.0,2.0,2.0,No,3
E1001466,43.0,Female,Marketing,Single,Sales,Sales Executive,Travel_Rarely,9.0,3,1,85.0,1,2,3,8.0,No,13.0,2,7.0,2.0,2,4.0,3.0,1.0,3.0,Yes,2
E1001468,32.0,Female,Life Sciences,Divorced,Sales,Sales Representative,Non-Travel,2.0,1,3,76.0,3,1,1,1.0,No,12.0,3,1.0,3.0,3,1.0,0.0,0.0,0.0,No,3
E1001469,56.0,Female,Technical Degree,Divorced,Research & Development,Manager,Travel_Rarely,4.0,4,4,92.0,3,5,1,4.0,No,13.0,4,28.0,2.0,3,5.0,2.0,4.0,2.0,No,3
E1001470,29.0,Female,Medical,Married,Research & Development,Manager R&D,Travel_Rarely,6.0,1,2,54.0,3,1,4,1.0,No,13.0,1,10.0,5.0,3,10.0,8.0,0.0,8.0,No,3
E1001471,19.0,Male,Life Sciences,Single,Research & Development,Research Scientist,Travel_Rarely,9.0,2,3,54.0,3,1,1,1.0,No,25.0,3,1.0,4.0,3,1.0,1.0,0.0,0.0,No,4
E1001473,45.0,Female,Medical,Married,Research & Development,Manager R&D,Travel_Rarely,7.0,3,1,83.0,3,1,3,4.0,Yes,19.0,3,7.0,2.0,2,3.0,2.0,0.0,2.0,No,3
E1001474,37.0,Female,Life Sciences,Married,Research & Development,Manufacturing Director,Travel_Rarely,1.0,3,4,56.0,2,2,4,1.0,No,13.0,2,14.0,2.0,2,14.0,8.0,3.0,11.0,No,3
E1001478,44.0,Male,Life Sciences,Single,Research & Development,Manager R&D,Travel_Rarely,10.0,4,3,96.0,3,1,3,1.0,Yes,11.0,3,6.0,4.0,3,6.0,4.0,0.0,2.0,Yes,3
E1001479,53.0,Female,Medical,Divorced,Research & Development,Manager R&D,Travel_Rarely,7.0,2,4,50.0,3,5,3,3.0,No,18.0,2,26.0,6.0,3,7.0,7.0,4.0,7.0,No,3
E1001481,22.0,Male,Life Sciences,Married,Research & Development,Manager R&D,Travel_Frequently,3.0,4,3,48.0,2,1,4,0.0,Yes,11.0,2,1.0,5.0,3,0.0,0.0,0.0,0.0,Yes,3
E1001482,46.0,Female,Marketing,Married,Sales,Manager,Travel_Rarely,2.0,3,3,69.0,3,4,1,8.0,No,23.0,1,28.0,2.0,3,26.0,15.0,15.0,9.0,No,4
E1001484,44.0,Male,Life Sciences,Single,Research & Development,Research Scientist,Non-Travel,17.0,3,4,74.0,1,1,3,2.0,No,13.0,4,6.0,3.0,3,0.0,0.0,0.0,0.0,No,3
E1001485,33.0,Male,Human Resources,Married,Human Resources,Human Resources,Travel_Rarely,2.0,3,2,99.0,3,1,3,1.0,No,13.0,4,5.0,2.0,3,5.0,4.0,1.0,4.0,No,2
E1001489,30.0,Male,Life Sciences,Divorced,Sales,Sales Executive,Travel_Rarely,29.0,4,3,61.0,3,2,1,8.0,No,19.0,3,8.0,3.0,3,4.0,3.0,0.0,3.0,No,3
E1001490,40.0,Male,Medical,Married,Sales,Sales Executive,Travel_Frequently,2.0,4,2,62.0,3,2,2,5.0,No,12.0,4,5.0,2.0,3,0.0,0.0,0.0,0.0,No,3
E1001493,50.0,Female,Medical,Married,Research & Development,Manager R&D,Travel_Frequently,2.0,3,4,30.0,3,4,1,2.0,No,22.0,3,32.0,3.0,3,2.0,2.0,2.0,2.0,No,4
E1001495,46.0,Male,Life Sciences,Married,Research & Development,Manager R&D,Travel_Rarely,15.0,2,4,52.0,3,5,2,5.0,No,11.0,1,25.0,2.0,3,4.0,2.0,0.0,3.0,No,3
E1001496,35.0,Male,Life Sciences,Married,Sales,Sales Executive,Travel_Rarely,17.0,4,3,94.0,3,2,1,3.0,Yes,15.0,4,15.0,2.0,3,7.0,7.0,1.0,7.0,No,3
E1001497,24.0,Female,Life Sciences,Married,Research & Development,Laboratory Technician,Travel_Rarely,17.0,2,4,97.0,3,1,2,1.0,No,13.0,1,1.0,3.0,1,1.0,0.0,0.0,0.0,Yes,3
E1001498,33.0,Female,Medical,Married,Sales,Sales Executive,Travel_Frequently,25.0,3,2,82.0,3,2,3,1.0,No,12.0,1,10.0,3.0,2,10.0,7.0,0.0,1.0,No,3
E1001499,36.0,Male,Life Sciences,Divorced,Research & Development,Laboratory Technician,Travel_Rarely,6.0,4,3,60.0,1,1,3,1.0,No,14.0,3,7.0,4.0,3,7.0,7.0,1.0,7.0,No,3
E1001503,44.0,Male,Other,Single,Research & Development,Research Scientist,Travel_Rarely,29.0,4,4,32.0,3,2,4,1.0,No,25.0,2,20.0,3.0,3,20.0,11.0,13.0,17.0,No,4
E1001509,42.0,Male,Medical,Married,Human Resources,Human Resources,Non-Travel,2.0,5,4,79.0,4,2,1,7.0,No,16.0,1,10.0,3.0,4,4.0,3.0,0.0,3.0,No,4
E1001512,32.0,Female,Other,Married,Research & Development,Laboratory Technician,Travel_Frequently,13.0,3,3,77.0,2,1,2,1.0,No,20.0,3,2.0,2.0,3,2.0,2.0,2.0,2.0,No,4
E1001513,32.0,Female,Life Sciences,Single,Research & Development,Manager R&D,Travel_Frequently,2.0,2,4,38.0,3,2,3,4.0,Yes,14.0,4,10.0,2.0,3,8.0,7.0,0.0,7.0,No,3
E1001515,36.0,Female,Technical Degree,Divorced,Research & Development,Manufacturing Director,Travel_Rarely,1.0,3,3,77.0,1,3,1,2.0,Yes,21.0,3,17.0,2.0,3,7.0,7.0,7.0,7.0,No,4
E1001516,33.0,Male,Medical,Married,Research & Development,Research Scientist,Travel_Rarely,9.0,3,1,60.0,3,1,4,0.0,No,13.0,2,15.0,5.0,3,14.0,10.0,4.0,10.0,No,2
E1001518,25.0,Male,Life Sciences,Single,Sales,Sales Executive,Travel_Rarely,10.0,4,3,57.0,3,2,4,0.0,No,14.0,2,5.0,4.0,3,4.0,3.0,1.0,1.0,No,3
E1001520,42.0,Female,Medical,Married,Research & Development,Research Director,Travel_Frequently,26.0,5,1,60.0,3,3,1,3.0,Yes,17.0,3,20.0,6.0,3,1.0,0.0,0.0,0.0,No,3
E1001522,27.0,Male,Life Sciences,Married,Research & Development,Manager R&D,Travel_Rarely,14.0,3,1,42.0,3,1,1,1.0,Yes,14.0,4,9.0,3.0,2,9.0,7.0,6.0,8.0,No,2
E1001523,54.0,Female,Life Sciences,Divorced,Research & Development,Manufacturing Director,Travel_Frequently,1.0,4,4,53.0,3,3,3,7.0,No,17.0,1,33.0,2.0,1,5.0,4.0,1.0,4.0,No,3
E1001524,44.0,Female,Life Sciences,Married,Research & Development,Manager R&D,Travel_Rarely,2.0,1,1,72.0,4,1,4,1.0,No,13.0,4,10.0,5.0,3,10.0,5.0,7.0,7.0,No,2
E1001526,19.0,Female,Medical,Single,Research & Development,Research Scientist,Non-Travel,10.0,3,1,96.0,2,1,2,1.0,Yes,25.0,2,1.0,2.0,4,1.0,1.0,0.0,0.0,Yes,4
E1001528,54.0,Male,Life Sciences,Married,Research & Development,Research Director,Travel_Rarely,3.0,3,4,85.0,3,4,4,3.0,No,14.0,1,36.0,2.0,3,10.0,9.0,0.0,9.0,No,3
E1001529,31.0,Male,Medical,Married,Research & Development,Manager R&D,Travel_Rarely,11.0,2,3,80.0,3,2,1,1.0,Yes,12.0,4,6.0,2.0,2,6.0,5.0,0.0,1.0,No,3
E1001533,43.0,Male,Life Sciences,Married,Research & Development,Research Director,Travel_Rarely,3.0,3,3,96.0,1,5,4,3.0,No,14.0,2,25.0,2.0,3,8.0,7.0,0.0,7.0,No,3
E1001534,49.0,Male,Medical,Married,Research & Development,Manager R&D,Travel_Rarely,4.0,2,1,85.0,2,5,3,2.0,No,13.0,3,23.0,2.0,4,1.0,0.0,0.0,0.0,No,3
E1001535,36.0,Male,Technical Degree,Married,Research & Development,Research Scientist,Travel_Frequently,3.0,3,3,46.0,3,1,2,1.0,No,12.0,3,12.0,2.0,2,11.0,10.0,0.0,7.0,No,3
E1001536,48.0,Male,Technical Degree,Single,Research & Development,Laboratory Technician,Travel_Rarely,2.0,2,4,76.0,4,1,2,5.0,No,11.0,3,7.0,4.0,2,1.0,0.0,0.0,0.0,No,3
E1001538,29.0,Male,Life Sciences,Divorced,Research & Development,Manager R&D,Travel_Rarely,7.0,3,3,82.0,3,2,4,1.0,Yes,11.0,2,6.0,2.0,3,6.0,0.0,1.0,0.0,No,3
E1001541,48.0,Male,Life Sciences,Single,Research & Development,Research Director,Travel_Rarely,1.0,3,4,76.0,2,5,4,6.0,No,12.0,3,25.0,3.0,4,1.0,0.0,0.0,0.0,No,4
E1001542,29.0,Female,Life Sciences,Divorced,Research & Development,Research Director,Travel_Rarely,1.0,3,4,87.0,2,4,4,3.0,No,14.0,2,9.0,2.0,2,7.0,7.0,1.0,7.0,No,3
E1001545,44.0,Male,Marketing,Married,Sales,Manager,Travel_Rarely,5.0,3,2,88.0,3,5,2,7.0,No,11.0,3,26.0,5.0,3,22.0,9.0,3.0,10.0,No,2
E1001548,23.0,Male,Life Sciences,Married,Research & Development,Research Scientist,Travel_Rarely,1.0,2,4,47.0,3,1,3,1.0,No,22.0,4,1.0,2.0,3,1.0,0.0,0.0,1.0,No,4
E1001553,26.0,Male,Life Sciences,Single,Research & Development,Research Scientist,Travel_Rarely,4.0,2,3,53.0,3,1,4,1.0,Yes,20.0,2,8.0,2.0,2,8.0,5.0,2.0,2.0,No,4
E1001555,45.0,Female,Marketing,Single,Sales,Manager,Travel_Rarely,2.0,3,1,94.0,1,5,2,2.0,Yes,16.0,1,26.0,2.0,3,24.0,10.0,1.0,11.0,Yes,2
E1001556,55.0,Male,Medical,Divorced,Research & Development,Healthcare Representative,Non-Travel,8.0,1,4,37.0,2,4,2,1.0,Yes,15.0,4,34.0,3.0,3,33.0,9.0,15.0,0.0,No,3
E1001557,21.0,Female,Life Sciences,Single,Research & Development,Laboratory Technician,Travel_Frequently,10.0,2,1,45.0,2,1,3,1.0,No,20.0,3,2.0,2.0,1,2.0,2.0,2.0,2.0,Yes,2
E1001558,46.0,Female,Marketing,Married,Sales,Manager,Travel_Rarely,4.0,2,4,33.0,2,5,2,2.0,No,14.0,3,26.0,2.0,3,11.0,4.0,0.0,8.0,No,3
E1001559,34.0,Female,Marketing,Single,Sales,Sales Executive,Travel_Rarely,2.0,3,3,86.0,3,2,1,0.0,Yes,12.0,4,4.0,3.0,3,3.0,2.0,0.0,2.0,No,3
E1001560,51.0,Male,Life Sciences,Divorced,Sales,Manager,Travel_Frequently,9.0,3,4,83.0,3,5,2,4.0,Yes,24.0,1,31.0,5.0,2,29.0,10.0,11.0,10.0,No,4
E1001561,59.0,Male,Medical,Single,Research & Development,Manager R&D,Travel_Rarely,18.0,4,4,67.0,3,3,4,6.0,No,12.0,4,25.0,6.0,2,9.0,7.0,5.0,4.0,No,3
E1001563,34.0,Female,Medical,Divorced,Research & Development,Laboratory Technician,Travel_Frequently,19.0,3,3,46.0,3,2,2,4.0,No,13.0,3,15.0,2.0,4,11.0,8.0,5.0,10.0,No,3
E1001564,28.0,Male,Medical,Single,Research & Development,Laboratory Technician,Travel_Frequently,1.0,4,4,44.0,3,1,3,0.0,Yes,11.0,3,5.0,2.0,2,4.0,2.0,0.0,2.0,No,3
E1001566,44.0,Male,Life Sciences,Divorced,Research & Development,Manager R&D,Travel_Rarely,4.0,2,3,92.0,4,5,1,1.0,No,14.0,4,26.0,4.0,2,25.0,9.0,14.0,13.0,No,3
E1001567,34.0,Male,Life Sciences,Married,Human Resources,Human Resources,Travel_Frequently,11.0,3,3,56.0,2,2,2,4.0,No,11.0,4,14.0,5.0,4,10.0,9.0,1.0,8.0,No,3
E1001569,35.0,Male,Life Sciences,Married,Research & Development,Research Scientist,Travel_Rarely,6.0,1,3,66.0,3,1,3,0.0,Yes,14.0,4,4.0,3.0,3,3.0,2.0,2.0,2.0,No,3
E1001570,42.0,Female,Medical,Married,Research & Development,Research Scientist,Travel_Rarely,7.0,4,2,78.0,4,2,2,6.0,Yes,16.0,4,18.0,2.0,3,1.0,0.0,0.0,0.0,No,3
E1001571,43.0,Female,Marketing,Single,Sales,Sales Executive,Travel_Rarely,4.0,4,4,56.0,2,3,4,3.0,No,14.0,4,23.0,3.0,4,21.0,7.0,15.0,17.0,No,3
E1001572,36.0,Female,Life Sciences,Single,Research & Development,Manufacturing Director,Travel_Rarely,2.0,4,3,53.0,3,2,2,9.0,Yes,11.0,4,18.0,2.0,3,16.0,14.0,5.0,12.0,No,3
E1001574,28.0,Male,Life Sciences,Married,Research & Development,Laboratory Technician,Travel_Frequently,2.0,3,4,52.0,2,1,4,1.0,Yes,12.0,2,2.0,2.0,3,2.0,2.0,2.0,2.0,No,3
E1001575,51.0,Female,Medical,Single,Research & Development,Laboratory Technician,Travel_Frequently,6.0,2,2,40.0,2,1,3,0.0,No,14.0,2,8.0,6.0,2,7.0,0.0,7.0,7.0,No,3
E1001576,30.0,Female,Medical,Single,Research & Development,Manufacturing Director,Non-Travel,9.0,2,3,72.0,3,2,3,7.0,Yes,18.0,3,10.0,3.0,3,8.0,4.0,1.0,7.0,No,3
E1001577,29.0,Female,Technical Degree,Divorced,Research & Development,Laboratory Technician,Travel_Rarely,7.0,3,2,39.0,3,1,3,3.0,Yes,13.0,1,10.0,2.0,3,7.0,7.0,7.0,7.0,Yes,2
E1001579,28.0,Male,Technical Degree,Single,Research & Development,Research Scientist,Travel_Rarely,1.0,3,4,84.0,3,1,1,2.0,No,11.0,2,5.0,2.0,2,3.0,2.0,1.0,2.0,No,3
E1001581,25.0,Female,Medical,Single,Research & Development,Research Scientist,Travel_Rarely,1.0,3,4,40.0,3,1,2,1.0,No,18.0,4,2.0,3.0,2,2.0,2.0,2.0,1.0,No,3
E1001582,32.0,Male,Medical,Married,Sales,Sales Executive,Travel_Rarely,8.0,3,3,56.0,4,2,4,1.0,No,15.0,3,10.0,4.0,4,10.0,7.0,0.0,8.0,No,3
E1001584,45.0,Female,Medical,Single,Research & Development,Manager,Travel_Frequently,25.0,3,2,83.0,3,5,2,3.0,No,22.0,3,22.0,4.0,3,0.0,0.0,0.0,0.0,No,4
E1001585,39.0,Female,Medical,Divorced,Research & Development,Manager,Travel_Rarely,13.0,4,3,94.0,2,4,2,6.0,Yes,13.0,4,21.0,4.0,3,19.0,9.0,15.0,2.0,No,3
E1001586,58.0,Male,Life Sciences,Divorced,Research & Development,Research Scientist,Travel_Rarely,23.0,4,1,88.0,3,1,3,1.0,No,12.0,4,2.0,3.0,3,2.0,2.0,2.0,2.0,No,2
E1001587,32.0,Male,Life Sciences,Married,Research & Development,Manager R&D,Travel_Rarely,7.0,2,4,79.0,3,2,3,1.0,No,18.0,1,10.0,3.0,3,10.0,4.0,1.0,1.0,Yes,3
E1001590,36.0,Female,Technical Degree,Married,Research & Development,Healthcare Representative,Travel_Rarely,10.0,4,4,63.0,3,3,3,3.0,No,12.0,1,10.0,0.0,3,7.0,7.0,1.0,7.0,No,3
E1001592,46.0,Female,Life Sciences,Single,Human Resources,Human Resources,Travel_Rarely,1.0,2,4,44.0,3,1,1,6.0,No,12.0,3,10.0,3.0,4,7.0,6.0,5.0,7.0,No,3
E1001593,28.0,Female,Life Sciences,Married,Research & Development,Manager R&D,Non-Travel,1.0,3,3,55.0,1,2,4,0.0,No,11.0,1,10.0,6.0,3,9.0,8.0,7.0,5.0,No,3
E1001595,50.0,Female,Life Sciences,Married,Research & Development,Manager R&D,Travel_Rarely,28.0,3,4,43.0,3,4,1,4.0,Yes,11.0,2,25.0,2.0,3,3.0,2.0,1.0,2.0,No,3
E1001596,40.0,Male,Marketing,Single,Sales,Sales Executive,Travel_Rarely,25.0,4,4,57.0,2,3,2,2.0,Yes,12.0,3,9.0,2.0,3,5.0,4.0,1.0,0.0,Yes,3
E1001597,52.0,Male,Life Sciences,Single,Sales,Sales Executive,Travel_Rarely,5.0,3,2,64.0,3,3,2,9.0,Yes,19.0,3,10.0,2.0,2,8.0,7.0,7.0,7.0,Yes,2
E1001602,31.0,Female,Life Sciences,Divorced,Sales,Sales Executive,Non-Travel,2.0,4,4,57.0,3,3,3,1.0,Yes,19.0,1,10.0,5.0,2,10.0,8.0,9.0,6.0,No,3
E1001607,41.0,Male,Medical,Single,Sales,Sales Executive,Non-Travel,10.0,2,3,40.0,1,2,2,1.0,No,13.0,1,19.0,4.0,3,19.0,2.0,11.0,9.0,No,3
E1001614,55.0,Female,Medical,Married,Research & Development,Manager,Travel_Rarely,2.0,2,4,58.0,1,5,3,4.0,No,14.0,4,23.0,5.0,3,19.0,9.0,9.0,11.0,No,3
E1001616,56.0,Male,Life Sciences,Single,Human Resources,Manager,Travel_Rarely,8.0,4,4,99.0,3,5,2,6.0,No,14.0,1,36.0,4.0,3,7.0,3.0,7.0,7.0,No,3
E1001618,40.0,Male,Life Sciences,Divorced,Research & Development,Research Scientist,Non-Travel,16.0,2,3,74.0,3,1,3,9.0,No,16.0,2,6.0,0.0,3,4.0,2.0,0.0,0.0,No,3
E1001622,34.0,Male,Life Sciences,Divorced,Research & Development,Healthcare Representative,Travel_Rarely,9.0,3,4,86.0,3,3,4,0.0,No,11.0,4,10.0,0.0,2,9.0,7.0,1.0,6.0,No,3
E1001627,41.0,Female,Marketing,Divorced,Sales,Sales Executive,Travel_Frequently,1.0,3,3,66.0,3,2,1,0.0,No,17.0,4,10.0,2.0,3,9.0,3.0,1.0,7.0,No,3
E1001628,35.0,Male,Life Sciences,Single,Research & Development,Research Scientist,Travel_Frequently,4.0,4,3,87.0,3,2,3,1.0,Yes,11.0,2,9.0,3.0,3,9.0,6.0,1.0,1.0,No,3
E1001630,51.0,Male,Life Sciences,Divorced,Human Resources,Manager,Travel_Rarely,5.0,3,3,84.0,3,4,2,1.0,Yes,11.0,2,33.0,2.0,3,33.0,9.0,0.0,10.0,No,3
E1001633,38.0,Female,Life Sciences,Divorced,Sales,Sales Executive,Travel_Rarely,2.0,2,2,31.0,3,2,1,3.0,No,15.0,4,11.0,3.0,3,7.0,7.0,1.0,7.0,No,2
E1001634,34.0,Female,Medical,Single,Sales,Sales Executive,Travel_Rarely,15.0,2,3,66.0,3,2,1,1.0,No,12.0,4,10.0,6.0,4,10.0,8.0,9.0,6.0,No,3
E1001636,25.0,Male,Medical,Married,Research & Development,Laboratory Technician,Travel_Rarely,19.0,1,4,67.0,3,1,4,3.0,No,11.0,3,7.0,6.0,2,3.0,2.0,1.0,2.0,No,3
E1001638,58.0,Female,Medical,Married,Research & Development,Manufacturing Director,Travel_Rarely,7.0,4,3,53.0,2,3,1,7.0,Yes,14.0,4,31.0,0.0,2,10.0,9.0,5.0,9.0,Yes,3
E1001639,40.0,Male,Life Sciences,Married,Research & Development,Laboratory Technician,Travel_Rarely,1.0,4,2,88.0,3,1,2,3.0,No,22.0,3,7.0,3.0,3,4.0,2.0,0.0,3.0,No,3
E1001640,36.0,Female,Marketing,Married,Sales,Sales Executive,Travel_Frequently,7.0,3,1,83.0,4,2,1,2.0,No,16.0,4,17.0,2.0,2,15.0,7.0,6.0,13.0,No,2
E1001641,48.0,Male,Life Sciences,Single,Research & Development,Manufacturing Director,Travel_Rarely,4.0,3,4,54.0,3,3,4,1.0,No,11.0,3,11.0,2.0,3,10.0,9.0,0.0,8.0,No,3
E1001642,27.0,Female,Medical,Married,Sales,Sales Representative,Travel_Rarely,11.0,3,3,98.0,4,1,4,8.0,No,14.0,2,5.0,4.0,3,1.0,0.0,0.0,0.0,No,3
E1001645,51.0,Female,Technical Degree,Single,Research & Development,Manager R&D,Travel_Rarely,11.0,2,4,82.0,2,4,2,3.0,No,16.0,2,29.0,1.0,2,5.0,2.0,0.0,3.0,No,3
E1001646,18.0,Female,Life Sciences,Single,Research & Development,Manager R&D,Non-Travel,1.0,3,4,97.0,3,1,4,1.0,No,15.0,3,0.0,5.0,4,0.0,0.0,0.0,0.0,No,4
E1001647,35.0,Female,Medical,Married,Research & Development,Laboratory Technician,Travel_Rarely,1.0,3,4,60.0,2,2,4,0.0,No,12.0,2,10.0,0.0,3,9.0,7.0,0.0,0.0,No,3
E1001649,27.0,Male,Life Sciences,Single,Sales,Sales Executive,Travel_Frequently,2.0,1,4,43.0,1,2,4,3.0,No,20.0,2,8.0,3.0,3,6.0,2.0,0.0,0.0,No,4
E1001650,55.0,Male,Marketing,Single,Sales,Sales Executive,Travel_Rarely,13.0,4,1,85.0,4,4,3,6.0,Yes,17.0,3,24.0,2.0,2,19.0,7.0,3.0,8.0,Yes,2
E1001651,56.0,Male,Life Sciences,Married,Research & Development,Manager R&D,Travel_Rarely,23.0,3,4,68.0,3,4,2,4.0,Yes,12.0,1,33.0,0.0,3,19.0,16.0,15.0,9.0,No,3
E1001652,34.0,Female,Technical Degree,Divorced,Research & Development,Research Scientist,Non-Travel,26.0,1,1,92.0,2,1,3,1.0,No,20.0,3,5.0,2.0,3,5.0,4.0,0.0,0.0,No,3
E1001653,40.0,Female,Medical,Divorced,Research & Development,Manager R&D,Travel_Rarely,2.0,1,2,89.0,4,2,3,5.0,No,20.0,2,15.0,0.0,3,12.0,11.0,11.0,8.0,No,2
E1001655,34.0,Male,Medical,Married,Research & Development,Laboratory Technician,Travel_Rarely,29.0,3,2,86.0,3,2,3,4.0,No,13.0,1,10.0,1.0,3,8.0,7.0,7.0,7.0,No,2
E1001657,31.0,Female,Life Sciences,Single,Sales,Sales Representative,Travel_Frequently,2.0,3,3,90.0,2,1,4,7.0,No,14.0,3,3.0,3.0,4,1.0,0.0,0.0,0.0,Yes,3
E1001660,38.0,Male,Life Sciences,Divorced,Research & Development,Research Scientist,Travel_Frequently,7.0,3,4,57.0,4,1,3,1.0,No,11.0,4,4.0,2.0,3,4.0,2.0,0.0,3.0,No,3
E1001661,34.0,Female,Technical Degree,Single,Research & Development,Healthcare Representative,Travel_Rarely,2.0,4,3,98.0,3,2,4,1.0,No,11.0,4,14.0,2.0,4,14.0,11.0,4.0,11.0,No,3
E1001665,28.0,Male,Life Sciences,Married,Sales,Sales Executive,Travel_Rarely,26.0,3,3,48.0,2,2,1,1.0,No,11.0,3,5.0,0.0,3,5.0,3.0,0.0,4.0,No,3
E1001668,39.0,Male,Life Sciences,Married,Sales,Sales Executive,Travel_Rarely,21.0,4,1,44.0,2,2,4,3.0,Yes,12.0,4,8.0,2.0,4,5.0,4.0,1.0,4.0,No,2
E1001669,51.0,Male,Marketing,Married,Sales,Sales Executive,Travel_Frequently,2.0,3,2,52.0,3,3,2,2.0,No,11.0,2,14.0,5.0,3,4.0,2.0,3.0,2.0,No,2
E1001670,41.0,Female,Life Sciences,Divorced,Research & Development,Manager R&D,Travel_Frequently,22.0,3,4,75.0,3,2,4,3.0,Yes,14.0,1,12.0,4.0,2,6.0,2.0,3.0,3.0,No,3
E1001673,33.0,Male,Life Sciences,Married,Sales,Sales Executive,Travel_Frequently,5.0,1,2,61.0,3,2,4,6.0,No,13.0,1,8.0,2.0,4,5.0,4.0,1.0,2.0,No,2
E1001674,32.0,Male,Marketing,Married,Sales,Sales Executive,Travel_Rarely,2.0,1,3,36.0,3,2,2,0.0,Yes,13.0,1,4.0,3.0,2,3.0,2.0,1.0,2.0,No,3
E1001675,39.0,Male,Life Sciences,Married,Research & Development,Manager R&D,Non-Travel,25.0,2,3,71.0,3,3,3,3.0,No,21.0,2,13.0,2.0,3,6.0,4.0,0.0,5.0,No,4
E1001677,25.0,Male,Life Sciences,Married,Sales,Sales Executive,Travel_Rarely,18.0,1,1,93.0,4,2,3,2.0,No,11.0,2,6.0,3.0,2,3.0,2.0,1.0,2.0,No,2
E1001679,52.0,Female,Medical,Married,Research & Development,Manufacturing Director,Travel_Frequently,28.0,2,4,59.0,4,4,3,2.0,Yes,11.0,2,24.0,3.0,2,5.0,3.0,0.0,2.0,No,3
E1001680,43.0,Female,Medical,Single,Research & Development,Research Scientist,Travel_Rarely,6.0,3,1,73.0,2,2,3,1.0,Yes,14.0,1,20.0,3.0,1,20.0,7.0,1.0,8.0,No,2
E1001681,27.0,Female,Marketing,Married,Sales,Sales Executive,Travel_Rarely,10.0,3,4,98.0,2,2,4,1.0,Yes,11.0,4,6.0,3.0,3,6.0,2.0,4.0,4.0,No,3
E1001683,27.0,Female,Life Sciences,Single,Research & Development,Research Scientist,Travel_Rarely,17.0,4,4,51.0,3,1,3,1.0,Yes,13.0,4,8.0,2.0,3,8.0,2.0,7.0,7.0,Yes,3
E1001685,26.0,Male,Medical,Single,Research & Development,Research Scientist,Travel_Rarely,2.0,1,1,36.0,2,1,4,0.0,No,12.0,4,5.0,2.0,3,4.0,3.0,1.0,1.0,No,3
E1001686,42.0,Female,Human Resources,Married,Human Resources,Manager,Travel_Rarely,10.0,3,3,31.0,3,4,1,0.0,No,14.0,3,21.0,5.0,3,20.0,7.0,0.0,9.0,No,3
E1001689,37.0,Female,Medical,Single,Research & Development,Manager R&D,Travel_Rarely,11.0,3,1,94.0,3,1,3,4.0,No,18.0,1,8.0,6.0,3,3.0,2.0,0.0,2.0,No,3
E1001690,35.0,Male,Life Sciences,Single,Research & Development,Manufacturing Director,Travel_Frequently,18.0,2,3,60.0,3,3,4,2.0,No,11.0,3,10.0,2.0,3,2.0,2.0,2.0,2.0,No,3
E1001693,25.0,Male,Technical Degree,Married,Research & Development,Laboratory Technician,Travel_Rarely,1.0,3,1,81.0,3,1,4,4.0,No,11.0,2,7.0,2.0,2,3.0,2.0,0.0,2.0,No,3
E1001697,29.0,Male,Other,Single,Human Resources,Human Resources,Travel_Rarely,17.0,3,2,51.0,2,3,1,1.0,No,13.0,1,10.0,3.0,2,10.0,9.0,0.0,9.0,No,3
E1001698,49.0,Male,Life Sciences,Single,Research & Development,Manager R&D,Travel_Frequently,28.0,2,1,97.0,2,2,1,3.0,No,20.0,1,20.0,2.0,3,4.0,3.0,1.0,3.0,Yes,3
E1001700,54.0,Female,Medical,Single,Research & Development,Research Director,Travel_Rarely,1.0,3,4,54.0,3,4,4,6.0,No,19.0,4,29.0,3.0,2,20.0,7.0,12.0,7.0,No,3
E1001701,58.0,Female,Medical,Married,Research & Development,Manager R&D,Travel_Rarely,1.0,3,4,76.0,3,5,1,3.0,Yes,21.0,3,32.0,3.0,3,9.0,8.0,1.0,5.0,No,4
E1001703,36.0,Female,Marketing,Single,Sales,Sales Executive,Travel_Rarely,3.0,4,1,99.0,3,2,2,3.0,Yes,16.0,4,15.0,3.0,3,5.0,4.0,0.0,1.0,No,3
E1001705,31.0,Female,Life Sciences,Single,Sales,Sales Representative,Travel_Frequently,1.0,4,2,50.0,1,1,3,1.0,No,12.0,2,1.0,3.0,3,1.0,0.0,0.0,0.0,Yes,3
E1001706,30.0,Female,Marketing,Divorced,Sales,Sales Executive,Travel_Rarely,7.0,4,4,73.0,3,2,1,7.0,No,14.0,2,8.0,3.0,3,3.0,2.0,0.0,2.0,No,3
E1001708,31.0,Female,Life Sciences,Single,Research & Development,Research Director,Travel_Rarely,8.0,5,1,93.0,3,4,2,3.0,No,11.0,3,9.0,3.0,4,3.0,2.0,1.0,0.0,No,3
E1001709,34.0,Male,Other,Divorced,Research & Development,Research Scientist,Travel_Frequently,1.0,4,4,91.0,3,1,1,5.0,No,14.0,3,10.0,2.0,3,4.0,3.0,1.0,3.0,No,3
E1001711,31.0,Female,Life Sciences,Single,Research & Development,Research Scientist,Travel_Rarely,8.0,3,1,34.0,2,1,2,1.0,No,12.0,3,1.0,3.0,4,1.0,0.0,0.0,0.0,Yes,3
E1001712,27.0,Male,Life Sciences,Married,Research & Development,Manager R&D,Travel_Rarely,11.0,1,2,91.0,3,1,1,0.0,No,14.0,2,6.0,3.0,4,5.0,0.0,1.0,4.0,No,3
E1001713,36.0,Male,Life Sciences,Single,Research & Development,Laboratory Technician,Travel_Rarely,4.0,4,1,37.0,2,2,4,1.0,No,16.0,3,10.0,2.0,2,10.0,4.0,1.0,8.0,No,2
E1001716,47.0,Male,Technical Degree,Married,Research & Development,Research Scientist,Travel_Rarely,1.0,3,1,74.0,3,1,4,7.0,No,12.0,3,17.0,2.0,2,6.0,5.0,1.0,2.0,No,2
E1001717,25.0,Male,Life Sciences,Married,Sales,Sales Representative,Travel_Rarely,9.0,2,1,68.0,2,1,1,3.0,No,12.0,1,6.0,2.0,3,3.0,2.0,2.0,2.0,Yes,2
E1001718,37.0,Male,Technical Degree,Single,Research & Development,Manager R&D,Non-Travel,5.0,2,3,84.0,4,1,3,0.0,No,14.0,1,7.0,2.0,1,6.0,5.0,1.0,3.0,No,3
E1001719,56.0,Female,Life Sciences,Married,Research & Development,Manager R&D,Travel_Rarely,1.0,2,1,90.0,3,1,1,2.0,No,22.0,4,5.0,3.0,4,3.0,2.0,1.0,0.0,No,4
E1001723,24.0,Female,Medical,Married,Sales,Sales Executive,Travel_Rarely,4.0,1,4,42.0,3,2,3,1.0,Yes,12.0,3,5.0,3.0,3,5.0,4.0,0.0,3.0,No,3
E1001725,34.0,Female,Life Sciences,Married,Research & Development,Laboratory Technician,Travel_Rarely,1.0,3,4,86.0,2,1,2,5.0,No,17.0,1,7.0,2.0,2,5.0,4.0,0.0,2.0,No,3
E1001726,41.0,Male,Medical,Married,Research & Development,Manager R&D,Travel_Rarely,5.0,5,2,90.0,4,1,3,2.0,Yes,12.0,1,7.0,5.0,2,4.0,2.0,0.0,3.0,No,3
E1001727,40.0,Male,Other,Divorced,Research & Development,Laboratory Technician,Non-Travel,9.0,4,3,81.0,3,2,3,3.0,No,11.0,3,11.0,2.0,4,8.0,7.0,0.0,7.0,No,3
E1001731,31.0,Male,Life Sciences,Divorced,Sales,Sales Executive,Travel_Rarely,8.0,2,1,31.0,3,3,4,1.0,No,18.0,1,13.0,5.0,3,13.0,7.0,9.0,9.0,No,2
E1001736,39.0,Female,Life Sciences,Single,Research & Development,Laboratory Technician,Non-Travel,2.0,3,1,54.0,2,1,1,2.0,Yes,23.0,2,11.0,2.0,4,1.0,0.0,0.0,0.0,Yes,4
E1001737,31.0,Female,Life Sciences,Single,Research & Development,Manager R&D,Travel_Frequently,1.0,5,3,100.0,4,3,2,1.0,No,11.0,1,10.0,2.0,3,10.0,8.0,4.0,7.0,Yes,3
E1001738,45.0,Male,Medical,Divorced,Research & Development,Manager R&D,Travel_Rarely,20.0,3,2,95.0,1,3,1,2.0,Yes,18.0,2,24.0,2.0,3,7.0,7.0,0.0,7.0,No,3
E1001739,31.0,Female,Medical,Single,Human Resources,Human Resources,Travel_Rarely,8.0,2,4,96.0,4,1,2,9.0,No,18.0,4,8.0,3.0,3,3.0,2.0,0.0,2.0,No,3
E1001743,45.0,Male,Technical Degree,Married,Research & Development,Manager R&D,Travel_Rarely,29.0,3,2,55.0,3,3,4,4.0,Yes,18.0,4,10.0,4.0,4,3.0,1.0,1.0,2.0,No,3
E1001745,34.0,Female,Technical Degree,Married,Human Resources,Human Resources,Travel_Rarely,9.0,4,1,52.0,3,1,3,1.0,No,15.0,4,2.0,0.0,3,2.0,2.0,2.0,2.0,Yes,2
E1001746,40.0,Male,Medical,Divorced,Research & Development,Research Director,Non-Travel,8.0,1,4,55.0,2,3,2,2.0,No,11.0,3,16.0,5.0,3,9.0,8.0,4.0,8.0,No,3
E1001749,44.0,Male,Life Sciences,Single,Research & Development,Laboratory Technician,Non-Travel,5.0,3,3,90.0,2,1,3,3.0,No,14.0,4,7.0,5.0,3,5.0,2.0,0.0,3.0,No,3
E1001751,49.0,Male,Technical Degree,Married,Research & Development,Manager R&D,Travel_Rarely,5.0,4,1,96.0,3,2,3,2.0,No,14.0,2,20.0,0.0,2,3.0,2.0,1.0,2.0,No,2
E1001752,40.0,Male,Medical,Divorced,Research & Development,Research Scientist,Travel_Rarely,2.0,3,3,68.0,3,1,3,2.0,No,14.0,3,8.0,3.0,4,3.0,1.0,1.0,2.0,No,4
E1001753,44.0,Male,Life Sciences,Single,Research & Development,Manager R&D,Travel_Rarely,20.0,3,4,49.0,3,1,2,1.0,No,13.0,3,6.0,3.0,2,5.0,2.0,1.0,3.0,No,3
E1001755,33.0,Male,Medical,Married,Sales,Sales Executive,Travel_Frequently,7.0,3,4,54.0,3,2,1,0.0,No,14.0,1,5.0,2.0,3,4.0,3.0,0.0,3.0,No,3
E1001756,34.0,Male,Other,Single,Sales,Sales Executive,Travel_Rarely,3.0,3,4,81.0,1,2,1,3.0,No,18.0,4,15.0,2.0,3,13.0,9.0,3.0,12.0,No,3
E1001757,30.0,Male,Life Sciences,Married,Sales,Sales Executive,Travel_Rarely,16.0,1,4,96.0,3,2,3,8.0,No,15.0,3,4.0,2.0,2,2.0,1.0,2.0,2.0,No,3
E1001758,42.0,Female,Medical,Single,Research & Development,Laboratory Technician,Travel_Frequently,9.0,2,1,74.0,3,1,4,1.0,No,13.0,3,12.0,3.0,3,12.0,9.0,5.0,8.0,No,2
E1001759,44.0,Female,Marketing,Married,Sales,Sales Executive,Travel_Frequently,1.0,5,1,79.0,3,2,3,7.0,No,12.0,3,11.0,4.0,2,1.0,0.0,0.0,0.0,No,3
E1001760,30.0,Male,Technical Degree,Divorced,Research & Development,Research Scientist,Non-Travel,7.0,3,3,64.0,3,1,3,1.0,No,13.0,2,1.0,2.0,2,1.0,0.0,0.0,0.0,No,3
E1001761,57.0,Male,Life Sciences,Married,Research & Development,Research Scientist,Travel_Rarely,1.0,2,2,93.0,4,2,3,0.0,No,24.0,1,13.0,2.0,2,12.0,9.0,2.0,8.0,No,2
E1001762,49.0,Male,Life Sciences,Divorced,Research & Development,Manager R&D,Travel_Rarely,7.0,4,3,35.0,3,3,2,3.0,No,14.0,2,29.0,3.0,3,8.0,7.0,0.0,7.0,No,3
E1001763,34.0,Male,Medical,Divorced,Research & Development,Research Director,Travel_Frequently,15.0,3,2,71.0,3,4,1,7.0,No,14.0,4,16.0,3.0,2,14.0,8.0,6.0,9.0,No,2
E1001764,28.0,Male,Technical Degree,Married,Sales,Sales Representative,Travel_Frequently,1.0,3,1,92.0,3,1,3,3.0,No,15.0,4,5.0,3.0,4,3.0,2.0,1.0,2.0,Yes,2
E1001767,34.0,Female,Medical,Single,Sales,Sales Executive,Travel_Rarely,24.0,4,1,40.0,2,2,2,0.0,Yes,23.0,3,16.0,2.0,4,15.0,9.0,10.0,10.0,Yes,2
E1001770,35.0,Male,Life Sciences,Married,Sales,Sales Representative,Travel_Rarely,7.0,1,4,76.0,3,1,3,1.0,No,13.0,1,1.0,3.0,3,1.0,0.0,0.0,0.0,No,3
E1001773,24.0,Female,Life Sciences,Married,Sales,Sales Representative,Non-Travel,13.0,2,4,78.0,3,1,2,1.0,No,13.0,3,1.0,2.0,3,1.0,0.0,0.0,0.0,No,3
E1001774,44.0,Male,Medical,Single,Research & Development,Manager R&D,Travel_Frequently,2.0,1,2,86.0,3,3,3,5.0,Yes,18.0,2,16.0,2.0,2,2.0,2.0,2.0,2.0,No,2
E1001775,29.0,Male,Life Sciences,Divorced,Sales,Sales Executive,Travel_Rarely,19.0,3,3,77.0,2,2,3,1.0,No,14.0,3,10.0,3.0,3,10.0,7.0,0.0,4.0,No,3
E1001779,55.0,Male,Life Sciences,Married,Research & Development,Manager R&D,Travel_Rarely,4.0,4,4,30.0,3,2,3,0.0,Yes,16.0,2,4.0,2.0,3,3.0,2.0,1.0,2.0,No,3
E1001780,33.0,Female,Medical,Married,Research & Development,Manager R&D,Travel_Rarely,4.0,4,1,82.0,2,1,2,8.0,No,11.0,4,8.0,5.0,3,5.0,4.0,0.0,2.0,No,3
E1001781,47.0,Female,Medical,Married,Sales,Sales Executive,Travel_Rarely,14.0,3,3,78.0,3,2,3,3.0,Yes,17.0,3,11.0,4.0,2,5.0,4.0,1.0,2.0,No,3
E1001782,28.0,Male,Medical,Single,Research & Development,Laboratory Technician,Travel_Frequently,2.0,2,3,38.0,2,1,1,7.0,No,11.0,3,8.0,2.0,2,0.0,0.0,0.0,0.0,Yes,3
E1001784,28.0,Male,Life Sciences,Divorced,Research & Development,Manager R&D,Travel_Rarely,1.0,3,1,72.0,2,1,3,1.0,No,14.0,4,1.0,2.0,1,1.0,0.0,0.0,0.0,No,3
E1001785,28.0,Male,Life Sciences,Single,Sales,Sales Executive,Travel_Frequently,7.0,3,3,55.0,3,2,1,0.0,No,14.0,4,5.0,5.0,3,4.0,2.0,1.0,3.0,No,3
E1001787,49.0,Female,Medical,Married,Research & Development,Laboratory Technician,Travel_Rarely,3.0,2,3,43.0,2,2,1,4.0,No,25.0,1,10.0,3.0,3,3.0,2.0,1.0,2.0,No,4
E1001791,29.0,Female,Life Sciences,Married,Research & Development,Laboratory Technician,Travel_Frequently,2.0,1,4,97.0,3,1,2,0.0,No,13.0,3,4.0,3.0,3,3.0,2.0,0.0,2.0,No,3
E1001792,28.0,Male,Life Sciences,Married,Research & Development,Manager R&D,Travel_Rarely,29.0,1,3,96.0,1,2,2,1.0,No,14.0,2,8.0,2.0,2,8.0,6.0,1.0,7.0,No,3
E1001793,33.0,Male,Life Sciences,Single,Research & Development,Healthcare Representative,Travel_Rarely,8.0,5,4,69.0,3,2,3,2.0,Yes,17.0,1,14.0,6.0,3,0.0,0.0,0.0,0.0,No,3
E1001794,32.0,Male,Medical,Single,Research & Development,Manager,Travel_Rarely,10.0,3,3,64.0,3,3,4,2.0,No,25.0,2,10.0,5.0,4,5.0,2.0,0.0,0.0,No,3
E1001798,54.0,Female,Medical,Divorced,Research & Development,Manager R&D,Travel_Frequently,11.0,4,2,87.0,3,4,4,3.0,No,20.0,1,26.0,2.0,3,14.0,9.0,1.0,12.0,No,2
E1001800,29.0,Male,Technical Degree,Single,Research & Development,Research Scientist,Travel_Rarely,1.0,4,1,100.0,2,1,1,6.0,No,13.0,3,11.0,2.0,1,9.0,7.0,0.0,7.0,Yes,3
E1001805,46.0,Female,Life Sciences,Married,Sales,Manager,Travel_Rarely,3.0,3,3,51.0,3,4,2,8.0,No,12.0,4,23.0,2.0,4,13.0,12.0,5.0,1.0,No,3
E1001807,35.0,Female,Life Sciences,Single,Research & Development,Manager R&D,Travel_Rarely,16.0,3,4,91.0,2,3,2,1.0,No,19.0,4,11.0,3.0,1,11.0,8.0,3.0,3.0,No,3
E1001811,23.0,Male,Life Sciences,Single,Research & Development,Laboratory Technician,Travel_Rarely,20.0,1,1,97.0,3,2,3,0.0,No,14.0,2,5.0,2.0,3,4.0,3.0,1.0,2.0,No,2
E1001812,40.0,Male,Life Sciences,Single,Research & Development,Laboratory Technician,Travel_Rarely,9.0,4,4,86.0,3,1,1,3.0,No,14.0,2,15.0,3.0,1,5.0,4.0,1.0,0.0,Yes,3
E1001813,34.0,Male,Technical Degree,Married,Sales,Sales Executive,Travel_Rarely,1.0,3,4,64.0,2,3,3,1.0,Yes,14.0,4,10.0,3.0,3,10.0,9.0,8.0,6.0,No,3
E1001817,50.0,Male,Medical,Single,Research & Development,Research Director,Travel_Frequently,22.0,5,3,88.0,1,4,4,1.0,Yes,13.0,4,32.0,2.0,3,32.0,6.0,13.0,9.0,No,3
E1001820,42.0,Male,Medical,Married,Research & Development,Manager R&D,Travel_Rarely,2.0,3,3,68.0,2,1,2,4.0,No,14.0,2,4.0,3.0,3,1.0,0.0,0.0,0.0,No,3
E1001821,37.0,Male,Medical,Married,Research & Development,Research Scientist,Travel_Rarely,13.0,3,1,47.0,3,2,4,1.0,No,17.0,1,10.0,2.0,3,10.0,8.0,3.0,7.0,No,2
E1001822,29.0,Female,Other,Married,Research & Development,Healthcare Representative,Travel_Rarely,8.0,1,3,39.0,1,2,1,3.0,No,13.0,3,9.0,3.0,3,7.0,7.0,0.0,7.0,No,3
E1001823,33.0,Male,Life Sciences,Single,Research & Development,Manufacturing Director,Travel_Rarely,25.0,3,4,44.0,2,2,2,1.0,No,13.0,4,5.0,2.0,3,5.0,3.0,0.0,2.0,No,3
E1001824,45.0,Male,Technical Degree,Married,Research & Development,Research Scientist,Travel_Rarely,28.0,3,4,97.0,3,1,4,4.0,No,20.0,4,8.0,3.0,3,5.0,4.0,0.0,3.0,No,4
E1001825,42.0,Male,Life Sciences,Married,Research & Development,Healthcare Representative,Travel_Frequently,2.0,3,4,40.0,3,3,4,2.0,Yes,14.0,3,24.0,3.0,1,20.0,8.0,13.0,9.0,No,3
E1001826,40.0,Male,Medical,Married,Sales,Sales Executive,Travel_Rarely,9.0,2,1,47.0,3,2,1,0.0,No,12.0,4,9.0,5.0,4,8.0,4.0,7.0,1.0,No,2
E1001827,33.0,Male,Life Sciences,Married,Research & Development,Laboratory Technician,Travel_Rarely,28.0,4,2,79.0,3,2,3,1.0,Yes,12.0,2,15.0,3.0,3,15.0,14.0,5.0,7.0,No,2
E1001828,40.0,Male,Medical,Single,Human Resources,Manager,Travel_Rarely,6.0,2,3,38.0,3,4,4,1.0,Yes,21.0,4,21.0,2.0,3,21.0,7.0,7.0,7.0,No,4
E1001829,24.0,Male,Technical Degree,Divorced,Research & Development,Laboratory Technician,Travel_Rarely,21.0,2,3,57.0,2,1,1,0.0,No,14.0,2,2.0,3.0,3,1.0,1.0,0.0,0.0,No,3
E1001830,40.0,Male,Life Sciences,Divorced,Research & Development,Manager R&D,Non-Travel,8.0,2,4,72.0,3,2,4,3.0,Yes,18.0,3,8.0,2.0,3,2.0,2.0,2.0,2.0,No,3
E1001831,45.0,Male,Technical Degree,Divorced,Research & Development,Healthcare Representative,Travel_Rarely,1.0,4,1,66.0,3,3,2,1.0,No,12.0,1,10.0,4.0,3,10.0,8.0,7.0,7.0,No,2
E1001832,35.0,Female,Life Sciences,Married,Sales,Sales Representative,Travel_Rarely,28.0,4,2,98.0,2,1,3,0.0,No,23.0,1,6.0,5.0,3,5.0,3.0,4.0,2.0,No,2
E1001834,36.0,Male,Life Sciences,Single,Sales,Sales Representative,Travel_Rarely,2.0,4,3,70.0,3,1,4,3.0,Yes,21.0,4,7.0,3.0,2,3.0,2.0,1.0,2.0,No,4
E1001835,48.0,Female,Life Sciences,Divorced,Sales,Sales Executive,Travel_Rarely,16.0,4,3,96.0,3,2,3,8.0,No,14.0,3,18.0,2.0,3,8.0,7.0,7.0,7.0,No,3
E1001838,33.0,Male,Life Sciences,Married,Sales,Sales Executive,Travel_Rarely,8.0,4,1,46.0,3,2,1,2.0,No,13.0,4,8.0,6.0,1,2.0,2.0,2.0,2.0,No,2
E1001840,30.0,Male,Life Sciences,Married,Sales,Sales Executive,Travel_Rarely,1.0,3,2,64.0,2,2,1,1.0,No,11.0,4,10.0,4.0,3,10.0,8.0,6.0,7.0,Yes,2
E1001841,38.0,Male,Human Resources,Married,Human Resources,Human Resources,Travel_Frequently,10.0,4,3,71.0,3,2,3,3.0,No,11.0,3,10.0,2.0,3,6.0,3.0,1.0,2.0,No,3
E1001846,30.0,Male,Technical Degree,Married,Sales,Sales Executive,Travel_Rarely,29.0,4,3,33.0,3,3,2,3.0,No,12.0,2,9.0,3.0,3,4.0,2.0,1.0,3.0,No,3
E1001847,35.0,Female,Life Sciences,Divorced,Research & Development,Laboratory Technician,Travel_Rarely,2.0,3,1,69.0,3,1,1,1.0,Yes,12.0,4,1.0,2.0,3,1.0,0.0,0.0,0.0,Yes,3
E1001850,53.0,Female,Technical Degree,Married,Research & Development,Manufacturing Director,Travel_Rarely,2.0,5,3,78.0,2,3,4,0.0,No,16.0,2,34.0,4.0,3,33.0,7.0,1.0,9.0,Yes,3
E1001851,38.0,Male,Medical,Married,Research & Development,Manufacturing Director,Travel_Rarely,2.0,3,3,81.0,3,2,2,4.0,No,11.0,1,7.0,2.0,3,5.0,2.0,1.0,4.0,Yes,3
E1001854,48.0,Female,Other,Married,Research & Development,Manager R&D,Travel_Rarely,15.0,4,3,65.0,3,1,1,8.0,No,12.0,4,10.0,3.0,2,8.0,2.0,7.0,6.0,No,3
E1001855,34.0,Male,Medical,Single,Research & Development,Research Scientist,Travel_Rarely,7.0,4,1,35.0,3,1,4,1.0,No,13.0,3,1.0,4.0,1,1.0,0.0,0.0,0.0,No,3
E1001856,55.0,Male,Marketing,Married,Sales,Manager,Travel_Rarely,26.0,5,3,60.0,2,5,4,1.0,No,21.0,3,36.0,3.0,3,36.0,6.0,2.0,13.0,No,4
E1001858,34.0,Male,Life Sciences,Married,Research & Development,Manager R&D,Travel_Rarely,1.0,4,2,45.0,3,2,4,9.0,No,17.0,2,9.0,3.0,2,2.0,2.0,2.0,1.0,No,2
E1001860,38.0,Male,Life Sciences,Married,Sales,Sales Executive,Travel_Rarely,14.0,3,3,80.0,3,2,2,0.0,No,11.0,4,10.0,3.0,3,9.0,8.0,7.0,7.0,No,3
E1001863,36.0,Female,Life Sciences,Single,Sales,Sales Executive,Travel_Rarely,1.0,4,2,73.0,3,2,3,6.0,No,13.0,1,15.0,5.0,3,1.0,0.0,0.0,0.0,No,3
E1001864,29.0,Male,Medical,Single,Research & Development,Manager R&D,Travel_Rarely,3.0,1,2,87.0,3,1,1,1.0,Yes,18.0,4,10.0,3.0,3,10.0,9.0,1.0,5.0,No,2
E1001865,35.0,Female,Medical,Single,Research & Development,Healthcare Representative,Travel_Rarely,10.0,4,1,51.0,3,2,3,3.0,Yes,16.0,3,10.0,4.0,3,5.0,2.0,0.0,4.0,No,3
E1001866,39.0,Male,Medical,Married,Sales,Sales Executive,Travel_Rarely,6.0,3,4,38.0,4,3,3,2.0,No,11.0,1,11.0,3.0,3,7.0,6.0,7.0,6.0,No,3
E1001868,29.0,Male,Life Sciences,Divorced,Finance,Finance Manager,Travel_Frequently,2.0,1,1,87.0,3,2,4,1.0,No,19.0,4,6.0,0.0,4,6.0,4.0,1.0,3.0,No,2
E1001869,50.0,Male,Marketing,Married,Sales,Manager,Travel_Rarely,9.0,3,3,59.0,3,5,3,4.0,Yes,16.0,3,27.0,2.0,3,1.0,0.0,0.0,0.0,No,3
E1001870,23.0,Male,Technical Degree,Married,Finance,Finance Manager,Travel_Rarely,10.0,3,4,45.0,4,1,3,2.0,No,16.0,4,4.0,2.0,3,2.0,2.0,2.0,2.0,No,3
E1001874,35.0,Male,Life Sciences,Married,Finance,Finance Manager,Travel_Rarely,28.0,3,2,46.0,4,2,3,1.0,No,17.0,4,10.0,3.0,2,10.0,9.0,6.0,8.0,No,2
E1001875,34.0,Male,Technical Degree,Married,Finance,Finance Manager,Travel_Frequently,10.0,4,4,92.0,2,2,3,1.0,No,14.0,2,8.0,3.0,2,8.0,2.0,7.0,7.0,No,3
E1001877,43.0,Male,Technical Degree,Divorced,Finance,Finance Manager,Travel_Rarely,27.0,3,4,87.0,4,1,2,5.0,No,12.0,3,8.0,0.0,3,6.0,4.0,0.0,2.0,No,3
E1001882,28.0,Male,Medical,Married,Finance,Finance Manager,Travel_Rarely,24.0,3,3,51.0,3,1,2,1.0,Yes,17.0,3,1.0,3.0,3,1.0,1.0,0.0,0.0,Yes,3
E1001883,22.0,Female,Other,Married,Finance,Finance Manager,Non-Travel,26.0,2,2,85.0,2,1,3,1.0,Yes,14.0,2,4.0,2.0,2,4.0,2.0,1.0,3.0,No,2
E1001884,50.0,Male,Medical,Married,Finance,Finance Manager,Travel_Frequently,20.0,5,2,41.0,3,4,3,2.0,Yes,15.0,3,32.0,3.0,3,30.0,8.0,12.0,13.0,No,2
E1001885,32.0,Female,Other,Married,Finance,Finance Manager,Travel_Rarely,5.0,4,2,35.0,4,1,4,3.0,No,17.0,4,6.0,3.0,3,3.0,2.0,0.0,2.0,No,3
E1001886,44.0,Female,Medical,Divorced,Finance,Finance Manager,Travel_Rarely,7.0,3,2,31.0,3,5,4,0.0,Yes,14.0,4,23.0,4.0,2,22.0,7.0,1.0,10.0,No,2
E1001887,30.0,Male,Medical,Married,Finance,Finance Manager,Travel_Rarely,7.0,3,2,48.0,2,1,2,1.0,No,12.0,2,6.0,3.0,2,6.0,4.0,1.0,1.0,No,2
E1001889,45.0,Female,Medical,Single,Finance,Finance Manager,Travel_Rarely,5.0,5,3,50.0,1,2,1,1.0,Yes,14.0,1,10.0,3.0,3,10.0,7.0,1.0,4.0,No,3
E1001890,45.0,Male,Marketing,Married,Sales,Sales Executive,Non-Travel,26.0,3,1,52.0,2,2,1,1.0,No,15.0,1,10.0,2.0,3,10.0,7.0,4.0,5.0,No,2
E1001891,31.0,Male,Other,Single,Sales,Sales Executive,Travel_Frequently,2.0,4,4,54.0,3,2,1,7.0,No,13.0,4,10.0,3.0,3,5.0,2.0,0.0,3.0,No,3
E1001892,36.0,Female,Life Sciences,Married,Finance,Finance Manager,Travel_Rarely,12.0,4,3,76.0,3,2,3,9.0,Yes,12.0,2,7.0,2.0,3,3.0,2.0,1.0,1.0,No,3
E1001893,34.0,Male,Life Sciences,Divorced,Finance,Finance Manager,Travel_Frequently,10.0,4,3,42.0,4,2,4,1.0,No,13.0,1,9.0,3.0,3,9.0,7.0,7.0,2.0,No,3
E1001895,49.0,Female,Life Sciences,Married,Finance,Finance Manager,Travel_Rarely,25.0,4,3,84.0,3,1,1,1.0,No,14.0,4,10.0,3.0,2,9.0,6.0,1.0,4.0,No,3
E1001897,27.0,Male,Other,Divorced,Finance,Finance Manager,Travel_Rarely,19.0,3,4,67.0,2,1,1,1.0,No,11.0,1,7.0,3.0,3,7.0,7.0,0.0,7.0,No,3
E1001899,35.0,Male,Life Sciences,Married,Finance,Finance Manager,Travel_Rarely,18.0,5,2,48.0,4,2,1,1.0,No,11.0,4,16.0,2.0,3,16.0,15.0,1.0,10.0,No,2
E1001900,28.0,Female,Medical,Divorced,Finance,Finance Manager,Travel_Rarely,27.0,3,2,39.0,1,2,1,0.0,No,21.0,2,6.0,5.0,2,5.0,3.0,0.0,0.0,No,3
E1001901,21.0,Male,Medical,Single,Finance,Finance Manager,Travel_Rarely,5.0,1,3,97.0,3,1,4,1.0,No,18.0,3,3.0,2.0,3,2.0,2.0,2.0,2.0,No,3
E1001902,18.0,Female,Medical,Single,Sales,Sales Representative,Travel_Frequently,3.0,2,2,70.0,3,1,4,1.0,Yes,12.0,3,0.0,2.0,4,0.0,0.0,0.0,0.0,Yes,3
E1001903,47.0,Female,Life Sciences,Married,Human Resources,Manager,Travel_Rarely,26.0,4,4,98.0,3,5,3,3.0,No,11.0,3,27.0,2.0,3,5.0,2.0,1.0,0.0,No,3
E1001905,39.0,Male,Medical,Divorced,Finance,Finance Manager,Travel_Rarely,3.0,2,3,76.0,2,2,3,0.0,No,15.0,4,11.0,3.0,3,10.0,8.0,0.0,7.0,No,3
E1001908,35.0,Female,Life Sciences,Married,Finance,Finance Manager,Non-Travel,8.0,4,3,52.0,3,2,3,1.0,No,12.0,4,15.0,5.0,3,14.0,11.0,2.0,9.0,No,3
E1001909,37.0,Male,Life Sciences,Married,Finance,Finance Manager,Travel_Rarely,19.0,3,3,85.0,3,2,3,3.0,No,17.0,1,9.0,2.0,2,4.0,3.0,0.0,2.0,No,3
E1001911,39.0,Female,Medical,Single,Finance,Finance Manager,Travel_Frequently,4.0,3,1,81.0,3,2,3,0.0,No,13.0,4,10.0,2.0,1,9.0,2.0,3.0,8.0,No,2
E1001916,38.0,Female,Medical,Married,Finance,Finance Manager,Travel_Rarely,2.0,2,4,54.0,2,3,3,3.0,Yes,19.0,4,10.0,6.0,4,5.0,4.0,0.0,2.0,No,3
E1001918,37.0,Female,Medical,Married,Finance,Finance Manager,Travel_Rarely,10.0,3,2,71.0,3,1,2,1.0,No,11.0,1,8.0,2.0,1,8.0,4.0,7.0,7.0,No,2
E1001919,40.0,Female,Life Sciences,Single,Finance,Finance Manager,Travel_Rarely,16.0,3,3,84.0,3,3,4,6.0,Yes,15.0,4,18.0,2.0,2,4.0,2.0,3.0,3.0,No,3
E1001920,44.0,Male,Human Resources,Married,Human Resources,Human Resources,Travel_Frequently,1.0,5,1,37.0,3,2,4,4.0,Yes,11.0,3,14.0,3.0,3,10.0,7.0,0.0,2.0,No,3
E1001923,35.0,Male,Medical,Divorced,Sales,Sales Executive,Travel_Rarely,15.0,2,1,59.0,1,2,4,6.0,Yes,14.0,4,7.0,2.0,2,2.0,2.0,2.0,2.0,Yes,2
E1001924,24.0,Female,Technical Degree,Single,Finance,Finance Manager,Travel_Frequently,2.0,1,1,32.0,3,1,4,1.0,Yes,13.0,3,6.0,2.0,3,6.0,3.0,1.0,3.0,No,2
E1001925,27.0,Female,Medical,Married,Finance,Finance Manager,Travel_Rarely,8.0,3,2,86.0,4,1,3,7.0,No,17.0,1,5.0,0.0,3,3.0,2.0,0.0,2.0,No,3
E1001926,27.0,Male,Medical,Single,Finance,Finance Manager,Travel_Frequently,2.0,3,4,87.0,3,1,4,2.0,No,13.0,3,6.0,0.0,2,4.0,2.0,1.0,2.0,No,3
E1001931,25.0,Male,Life Sciences,Divorced,Finance,Finance Manager,Travel_Frequently,2.0,1,4,77.0,4,2,3,1.0,No,17.0,3,7.0,6.0,3,7.0,7.0,0.0,7.0,No,3
E1001932,39.0,Male,Medical,Married,Finance,Finance Manager,Travel_Rarely,12.0,3,4,66.0,3,2,2,4.0,No,21.0,3,7.0,3.0,3,5.0,4.0,1.0,0.0,No,4
E1001933,49.0,Female,Other,Married,Finance,Finance Manager,Travel_Rarely,22.0,4,1,72.0,3,4,2,3.0,No,16.0,2,27.0,2.0,3,4.0,2.0,1.0,2.0,No,2
E1001934,50.0,Female,Life Sciences,Divorced,Finance,Finance Manager,Travel_Rarely,17.0,5,4,50.0,2,3,1,5.0,No,15.0,3,19.0,3.0,3,14.0,11.0,1.0,11.0,No,3
E1001935,20.0,Female,Medical,Single,Sales,Sales Representative,Travel_Rarely,2.0,3,3,31.0,3,1,3,1.0,No,19.0,1,2.0,3.0,3,2.0,2.0,2.0,2.0,No,3
E1001936,34.0,Female,Life Sciences,Divorced,Finance,Finance Manager,Travel_Rarely,3.0,3,4,66.0,3,2,2,1.0,No,12.0,3,11.0,2.0,3,11.0,8.0,7.0,9.0,No,3
E1001937,36.0,Male,Life Sciences,Single,Finance,Finance Manager,Travel_Rarely,7.0,3,1,77.0,3,1,2,2.0,No,11.0,3,15.0,4.0,3,4.0,3.0,1.0,3.0,No,2
E1001939,49.0,Female,Life Sciences,Married,Finance,Finance Manager,Travel_Rarely,6.0,1,3,41.0,2,4,3,2.0,Yes,19.0,2,30.0,3.0,3,15.0,11.0,2.0,12.0,No,3
E1001940,36.0,Female,Medical,Married,Finance,Finance Manager,Non-Travel,1.0,4,4,33.0,2,2,3,0.0,No,15.0,3,4.0,6.0,3,3.0,2.0,1.0,2.0,No,3
E1001942,36.0,Male,Life Sciences,Divorced,Finance,Finance Manager,Travel_Rarely,3.0,2,4,79.0,4,2,1,6.0,No,20.0,1,13.0,3.0,3,5.0,4.0,0.0,4.0,No,4
E1001943,54.0,Female,Medical,Married,Finance,Finance Manager,Travel_Rarely,22.0,5,2,91.0,3,4,3,3.0,No,25.0,3,36.0,6.0,3,10.0,8.0,4.0,7.0,No,2
E1001944,43.0,Male,Life Sciences,Married,Finance,Finance Manager,Travel_Rarely,15.0,2,3,65.0,2,4,3,1.0,No,24.0,1,14.0,3.0,3,14.0,10.0,6.0,11.0,No,4
E1001945,35.0,Male,Other,Single,Sales,Sales Executive,Travel_Frequently,12.0,4,4,36.0,3,2,4,3.0,Yes,24.0,1,13.0,2.0,4,11.0,9.0,6.0,7.0,Yes,4
E1001947,29.0,Male,Medical,Divorced,Sales,Sales Executive,Travel_Rarely,5.0,3,1,43.0,2,2,2,1.0,Yes,13.0,2,10.0,3.0,2,10.0,0.0,0.0,9.0,No,3
E1001948,33.0,Male,Medical,Divorced,Sales,Sales Executive,Travel_Rarely,2.0,4,4,93.0,3,2,4,1.0,No,14.0,3,6.0,5.0,3,6.0,2.0,0.0,4.0,No,3
E1001949,32.0,Male,Medical,Divorced,Finance,Finance Manager,Travel_Rarely,2.0,3,4,45.0,3,2,2,0.0,No,13.0,3,10.0,4.0,2,9.0,5.0,1.0,6.0,No,3
E1001951,31.0,Female,Life Sciences,Married,Sales,Sales Executive,Travel_Rarely,5.0,4,1,67.0,3,2,4,1.0,No,11.0,1,10.0,2.0,3,10.0,0.0,0.0,2.0,No,3
E1001952,49.0,Female,Medical,Divorced,Finance,Finance Manager,Travel_Rarely,16.0,3,4,74.0,3,1,1,4.0,Yes,16.0,2,17.0,2.0,2,2.0,2.0,2.0,2.0,No,3
E1001958,20.0,Male,Life Sciences,Single,Sales,Sales Representative,Travel_Rarely,9.0,1,4,54.0,3,1,1,1.0,No,11.0,1,2.0,3.0,3,2.0,2.0,0.0,2.0,No,3
E1001959,33.0,Female,Life Sciences,Divorced,Sales,Sales Executive,Non-Travel,16.0,3,3,36.0,3,2,4,1.0,Yes,25.0,3,7.0,2.0,3,6.0,5.0,1.0,2.0,No,4
E1001960,36.0,Male,Life Sciences,Married,Finance,Finance Manager,Travel_Rarely,26.0,4,1,80.0,3,2,3,6.0,No,14.0,2,10.0,2.0,2,3.0,2.0,0.0,2.0,No,3
E1001961,44.0,Female,Life Sciences,Divorced,Human Resources,Human Resources,Travel_Rarely,1.0,3,3,44.0,3,1,4,4.0,Yes,18.0,1,8.0,2.0,3,2.0,2.0,2.0,2.0,No,3
E1001962,23.0,Male,Medical,Single,Finance,Finance Manager,Travel_Rarely,8.0,1,4,93.0,2,1,3,1.0,Yes,11.0,1,5.0,2.0,3,5.0,4.0,1.0,2.0,Yes,3
E1001965,38.0,Female,Medical,Married,Finance,Finance Manager,Travel_Rarely,4.0,2,4,87.0,3,1,3,7.0,No,19.0,4,7.0,5.0,2,0.0,0.0,0.0,0.0,No,3
E1001967,53.0,Male,Medical,Married,Finance,Finance Manager,Travel_Rarely,24.0,4,2,48.0,4,3,4,3.0,No,15.0,3,11.0,2.0,3,4.0,3.0,1.0,2.0,No,2
E1001969,48.0,Female,Medical,Married,Sales,Sales Representative,Travel_Frequently,7.0,2,4,95.0,3,1,3,2.0,Yes,11.0,3,19.0,3.0,3,9.0,7.0,7.0,7.0,Yes,3
E1001970,32.0,Male,Life Sciences,Single,Finance,Finance Manager,Travel_Rarely,2.0,4,4,95.0,3,1,2,1.0,No,12.0,1,1.0,2.0,3,1.0,0.0,0.0,0.0,Yes,3
E1001971,26.0,Male,Medical,Single,Finance,Finance Manager,Non-Travel,7.0,3,4,76.0,3,1,4,1.0,No,20.0,3,7.0,5.0,3,7.0,7.0,5.0,7.0,No,4
E1001972,55.0,Male,Technical Degree,Divorced,Finance,Finance Manager,Travel_Rarely,22.0,3,1,94.0,2,1,2,5.0,No,12.0,4,8.0,1.0,3,4.0,2.0,1.0,2.0,No,2
E1001974,34.0,Male,Medical,Married,Research & Development,Manager R&D,Travel_Rarely,5.0,2,2,57.0,2,2,4,1.0,No,14.0,3,15.0,3.0,4,15.0,10.0,4.0,13.0,No,2
E1001975,60.0,Male,Medical,Divorced,Research & Development,Healthcare Representative,Travel_Rarely,1.0,4,3,92.0,1,3,4,3.0,No,20.0,3,19.0,2.0,4,1.0,0.0,0.0,0.0,No,4
E1001978,37.0,Male,Medical,Divorced,Sales,Sales Executive,Travel_Frequently,1.0,4,3,31.0,1,2,4,1.0,No,14.0,3,6.0,2.0,2,6.0,3.0,1.0,3.0,No,3
E1001979,34.0,Female,Life Sciences,Married,Research & Development,Research Scientist,Travel_Rarely,19.0,3,2,35.0,2,1,4,1.0,No,12.0,2,10.0,3.0,3,10.0,9.0,8.0,7.0,No,2
E1001981,44.0,Female,Life Sciences,Married,Research & Development,Healthcare Representative,Travel_Rarely,2.0,3,3,96.0,4,3,4,1.0,Yes,19.0,2,9.0,2.0,3,8.0,7.0,6.0,7.0,No,3
E1001984,43.0,Male,Medical,Married,Sales,Sales Executive,Travel_Rarely,2.0,3,4,73.0,3,2,4,1.0,Yes,17.0,1,10.0,3.0,3,10.0,9.0,8.0,8.0,No,3
E1001987,29.0,Female,Medical,Married,Research & Development,Manager R&D,Travel_Rarely,9.0,4,4,43.0,3,1,3,9.0,No,17.0,3,9.0,2.0,3,5.0,3.0,1.0,2.0,No,3
E1001988,36.0,Female,Life Sciences,Single,Sales,Sales Representative,Travel_Rarely,2.0,4,3,51.0,3,2,4,3.0,No,15.0,3,17.0,2.0,2,13.0,7.0,6.0,7.0,No,3
E1001990,45.0,Male,Life Sciences,Married,Research & Development,Manager R&D,Non-Travel,1.0,1,3,74.0,2,3,3,3.0,No,23.0,4,25.0,3.0,2,23.0,15.0,14.0,4.0,No,4
E1001996,26.0,Male,Medical,Married,Research & Development,Laboratory Technician,Travel_Rarely,17.0,4,4,62.0,1,1,3,1.0,No,15.0,3,3.0,3.0,4,3.0,2.0,0.0,2.0,No,3
E1001997,45.0,Female,Technical Degree,Single,Research & Development,Manager R&D,Travel_Rarely,28.0,2,4,48.0,2,4,2,1.0,No,11.0,3,21.0,2.0,3,21.0,6.0,8.0,6.0,No,3
E1001999,31.0,Male,Life Sciences,Married,Research & Development,Laboratory Technician,Travel_Rarely,2.0,4,2,69.0,3,1,3,1.0,No,14.0,4,6.0,2.0,4,5.0,2.0,0.0,3.0,No,3
E1002000,41.0,Male,Human Resources,Married,Human Resources,Human Resources,Non-Travel,4.0,3,3,60.0,1,2,2,6.0,No,19.0,2,10.0,4.0,3,3.0,2.0,1.0,2.0,No,3
E1002002,40.0,Female,Life Sciences,Married,Research & Development,Manufacturing Director,Travel_Rarely,8.0,2,2,92.0,3,2,1,2.0,Yes,16.0,2,18.0,3.0,3,1.0,0.0,0.0,0.0,No,3
E1002003,24.0,Male,Medical,Divorced,Research & Development,Laboratory Technician,Travel_Rarely,29.0,1,2,91.0,3,1,1,1.0,No,13.0,2,6.0,2.0,4,6.0,2.0,1.0,2.0,No,2
E1002005,46.0,Male,Life Sciences,Single,Research & Development,Healthcare Representative,Travel_Rarely,13.0,4,3,34.0,3,2,2,6.0,No,14.0,4,19.0,3.0,3,10.0,7.0,0.0,9.0,No,3
E1002007,30.0,Male,Life Sciences,Married,Research & Development,Research Scientist,Travel_Rarely,16.0,1,2,33.0,3,1,4,1.0,No,12.0,2,10.0,2.0,2,10.0,0.0,0.0,8.0,No,3
E1002009,47.0,Male,Marketing,Married,Sales,Sales Executive,Non-Travel,2.0,4,3,87.0,3,2,2,7.0,No,11.0,4,4.0,3.0,1,1.0,0.0,0.0,0.0,No,3
E1002010,46.0,Male,Life Sciences,Divorced,Sales,Sales Executive,Travel_Rarely,2.0,3,3,74.0,3,3,4,4.0,Yes,12.0,2,13.0,5.0,2,10.0,6.0,0.0,3.0,No,3
E1002011,36.0,Male,Marketing,Divorced,Sales,Sales Executive,Travel_Rarely,13.0,5,2,96.0,2,2,1,5.0,Yes,13.0,2,16.0,3.0,3,2.0,2.0,2.0,2.0,Yes,2
E1002012,32.0,Male,Life Sciences,Single,Sales,Sales Executive,Travel_Rarely,1.0,2,1,34.0,1,2,2,6.0,No,15.0,2,10.0,2.0,3,0.0,0.0,0.0,0.0,Yes,3
E1002014,31.0,Female,Technical Degree,Single,Research & Development,Manufacturing Director,Travel_Frequently,24.0,1,4,30.0,3,2,4,2.0,No,20.0,4,9.0,3.0,2,5.0,4.0,1.0,4.0,No,4
E1002015,39.0,Male,Life Sciences,Married,Research & Development,Laboratory Technician,Non-Travel,1.0,3,4,77.0,3,2,4,1.0,Yes,15.0,4,9.0,2.0,3,9.0,8.0,5.0,8.0,No,3
E1002017,32.0,Male,Life Sciences,Married,Sales,Sales Executive,Travel_Rarely,19.0,3,4,80.0,1,3,3,3.0,No,13.0,3,10.0,2.0,1,4.0,3.0,0.0,2.0,No,3
E1002018,40.0,Male,Medical,Single,Sales,Manager,Travel_Rarely,7.0,4,2,88.0,3,5,2,1.0,No,14.0,2,21.0,3.0,2,21.0,8.0,12.0,8.0,No,2
E1002022,45.0,Female,Life Sciences,Married,Human Resources,Human Resources,Travel_Rarely,4.0,3,3,56.0,1,3,3,4.0,No,21.0,3,9.0,2.0,4,5.0,0.0,0.0,3.0,No,4
E1002023,30.0,Female,Technical Degree,Single,Research & Development,Manager R&D,Travel_Frequently,2.0,4,4,78.0,2,1,1,0.0,No,16.0,4,10.0,2.0,3,9.0,7.0,0.0,7.0,No,3
E1002024,24.0,Male,Medical,Married,Human Resources,Human Resources,Travel_Frequently,10.0,3,1,59.0,3,1,4,0.0,No,14.0,4,3.0,2.0,3,2.0,2.0,2.0,1.0,No,2
E1002025,30.0,Female,Human Resources,Divorced,Human Resources,Human Resources,Travel_Frequently,8.0,3,3,66.0,2,1,4,6.0,No,11.0,3,6.0,0.0,2,4.0,2.0,1.0,2.0,Yes,3
E1002027,31.0,Male,Technical Degree,Married,Sales,Sales Executive,Travel_Rarely,5.0,3,1,51.0,3,2,3,1.0,No,19.0,3,6.0,3.0,3,5.0,2.0,0.0,2.0,No,4
E1002029,27.0,Female,Medical,Single,Research & Development,Manager R&D,Travel_Rarely,8.0,3,3,67.0,3,1,4,1.0,No,11.0,3,6.0,5.0,2,6.0,2.0,1.0,4.0,No,3
E1002030,29.0,Female,Marketing,Single,Sales,Sales Representative,Travel_Rarely,9.0,3,2,52.0,1,1,2,1.0,No,13.0,3,2.0,3.0,3,2.0,2.0,2.0,2.0,Yes,2
E1002031,29.0,Male,Life Sciences,Single,Research & Development,Healthcare Representative,Travel_Frequently,1.0,3,4,70.0,4,2,3,8.0,Yes,12.0,4,10.0,5.0,4,3.0,2.0,0.0,2.0,No,3
E1002032,30.0,Male,Marketing,Divorced,Sales,Sales Executive,Travel_Rarely,15.0,2,3,94.0,2,3,1,2.0,No,11.0,1,12.0,2.0,3,7.0,7.0,1.0,7.0,No,3
E1002033,34.0,Male,Medical,Married,Research & Development,Research Scientist,Travel_Rarely,2.0,4,4,97.0,4,1,4,0.0,Yes,14.0,1,6.0,3.0,3,5.0,0.0,1.0,2.0,No,3
E1002034,33.0,Female,Marketing,Single,Sales,Sales Executive,Non-Travel,2.0,3,4,62.0,3,2,2,8.0,No,15.0,4,13.0,2.0,2,11.0,7.0,1.0,7.0,No,3
E1002035,49.0,Female,Marketing,Single,Sales,Sales Executive,Travel_Rarely,11.0,4,4,80.0,3,2,4,3.0,No,12.0,3,8.0,1.0,4,5.0,1.0,0.0,4.0,No,3
E1002036,33.0,Female,Life Sciences,Single,Sales,Sales Executive,Travel_Rarely,16.0,3,1,74.0,3,3,1,2.0,Yes,20.0,3,11.0,2.0,2,0.0,0.0,0.0,0.0,Yes,4
E1002038,38.0,Female,Medical,Married,Research & Development,Laboratory Technician,Travel_Frequently,2.0,2,3,75.0,2,1,2,4.0,No,14.0,2,9.0,4.0,2,6.0,1.0,0.0,5.0,No,3
E1002042,32.0,Male,Technical Degree,Single,Research & Development,Research Scientist,Non-Travel,5.0,4,2,65.0,3,1,2,2.0,No,14.0,2,12.0,3.0,3,7.0,7.0,0.0,7.0,No,3
E1002044,38.0,Male,Medical,Married,Research & Development,Healthcare Representative,Travel_Rarely,18.0,3,2,60.0,1,2,4,3.0,Yes,16.0,3,15.0,2.0,3,1.0,0.0,1.0,0.0,No,3
E1002045,43.0,Male,Technical Degree,Married,Research & Development,Research Scientist,Travel_Frequently,17.0,3,3,38.0,2,1,3,9.0,Yes,16.0,4,6.0,4.0,3,1.0,0.0,0.0,0.0,Yes,3
E1002048,55.0,Male,Medical,Married,Research & Development,Research Director,Travel_Rarely,2.0,3,3,60.0,2,5,1,8.0,No,12.0,2,34.0,2.0,3,1.0,0.0,0.0,0.0,No,3
E1002049,33.0,Male,Technical Degree,Divorced,Research & Development,Research Scientist,Non-Travel,4.0,3,4,90.0,3,2,2,5.0,No,15.0,4,11.0,2.0,2,9.0,8.0,1.0,7.0,No,3
E1002050,41.0,Male,Life Sciences,Divorced,Research & Development,Laboratory Technician,Travel_Rarely,9.0,4,3,94.0,3,1,1,1.0,No,20.0,2,5.0,2.0,3,5.0,3.0,0.0,4.0,No,4
E1002052,34.0,Male,Life Sciences,Divorced,Sales,Sales Executive,Non-Travel,10.0,3,4,87.0,3,2,3,1.0,Yes,14.0,3,15.0,3.0,3,15.0,14.0,0.0,7.0,No,3
E1002053,53.0,Female,Medical,Married,Research & Development,Manufacturing Director,Non-Travel,1.0,4,1,60.0,2,4,3,4.0,Yes,20.0,4,27.0,2.0,2,3.0,2.0,0.0,2.0,No,3
E1002056,43.0,Male,Life Sciences,Single,Human Resources,Human Resources,Travel_Rarely,2.0,3,2,97.0,3,1,4,0.0,No,13.0,2,10.0,5.0,3,9.0,7.0,1.0,8.0,No,2
E1002057,34.0,Female,Life Sciences,Single,Sales,Sales Executive,Travel_Rarely,3.0,2,4,32.0,1,2,4,5.0,No,12.0,1,6.0,3.0,3,2.0,2.0,2.0,2.0,No,3
E1002058,21.0,Male,Marketing,Single,Sales,Sales Representative,Travel_Rarely,7.0,1,2,31.0,3,1,2,1.0,No,13.0,2,1.0,3.0,3,1.0,0.0,1.0,0.0,Yes,3
E1002060,38.0,Female,Other,Married,Research & Development,Manager R&D,Travel_Rarely,6.0,2,4,40.0,2,1,3,1.0,No,11.0,2,5.0,3.0,3,5.0,4.0,0.0,4.0,No,3
E1002061,22.0,Female,Medical,Married,Research & Development,Manager R&D,Travel_Rarely,8.0,1,3,79.0,3,1,1,1.0,Yes,17.0,3,1.0,6.0,3,1.0,0.0,0.0,0.0,Yes,3
E1002062,31.0,Female,Marketing,Married,Sales,Sales Executive,Travel_Rarely,29.0,4,1,91.0,2,2,4,1.0,No,14.0,1,13.0,3.0,3,12.0,7.0,5.0,7.0,No,2
E1002067,46.0,Male,Medical,Divorced,Research & Development,Research Director,Travel_Rarely,2.0,4,3,46.0,3,5,4,7.0,Yes,17.0,3,24.0,3.0,3,2.0,1.0,2.0,2.0,No,3
E1002068,36.0,Male,Life Sciences,Married,Research & Development,Manager R&D,Travel_Rarely,10.0,3,4,90.0,3,3,1,7.0,Yes,13.0,4,15.0,1.0,3,12.0,8.0,5.0,7.0,No,3
E1002070,44.0,Male,Medical,Divorced,Research & Development,Research Scientist,Travel_Frequently,1.0,2,3,99.0,3,1,2,1.0,Yes,12.0,3,6.0,2.0,2,5.0,3.0,2.0,3.0,Yes,3
E1002072,37.0,Male,Other,Divorced,Human Resources,Human Resources,Travel_Rarely,8.0,2,3,89.0,3,2,2,2.0,No,13.0,3,19.0,4.0,2,10.0,0.0,4.0,7.0,No,3
E1002076,33.0,Male,Life Sciences,Married,Research & Development,Research Scientist,Travel_Rarely,8.0,4,4,90.0,4,1,1,6.0,No,19.0,2,14.0,1.0,3,10.0,8.0,7.0,6.0,No,3
E1002079,46.0,Male,Life Sciences,Single,Sales,Sales Executive,Non-Travel,26.0,2,2,98.0,2,2,2,8.0,No,15.0,3,6.0,3.0,3,2.0,2.0,2.0,2.0,No,2
E1002080,40.0,Female,Life Sciences,Married,Research & Development,Laboratory Technician,Travel_Rarely,2.0,2,3,99.0,3,1,1,4.0,No,17.0,4,7.0,5.0,2,4.0,3.0,0.0,2.0,No,3
E1002082,35.0,Male,Medical,Divorced,Research & Development,Manager R&D,Non-Travel,2.0,2,2,90.0,3,2,4,2.0,No,14.0,3,15.0,6.0,3,7.0,7.0,1.0,7.0,No,2
E1002083,38.0,Male,Human Resources,Divorced,Human Resources,Human Resources,Non-Travel,2.0,3,1,100.0,3,1,2,5.0,No,13.0,4,13.0,3.0,3,11.0,10.0,3.0,8.0,No,2
E1002085,34.0,Male,Life Sciences,Married,Research & Development,Laboratory Technician,Travel_Frequently,9.0,4,4,93.0,3,2,1,4.0,No,17.0,3,11.0,3.0,2,7.0,1.0,0.0,7.0,Yes,3
E1002090,39.0,Male,Life Sciences,Divorced,Sales,Sales Executive,Travel_Frequently,20.0,3,3,83.0,3,2,4,2.0,No,18.0,4,7.0,6.0,3,2.0,1.0,2.0,2.0,No,3
E1002091,43.0,Male,Life Sciences,Single,Research & Development,Research Scientist,Non-Travel,9.0,3,1,52.0,3,1,3,4.0,No,13.0,3,7.0,2.0,2,3.0,2.0,1.0,2.0,No,2
E1002092,41.0,Male,Life Sciences,Single,Research & Development,Healthcare Representative,Travel_Rarely,5.0,3,2,85.0,4,2,2,3.0,No,12.0,1,11.0,3.0,1,3.0,2.0,1.0,2.0,No,2
E1002093,41.0,Female,Marketing,Divorced,Sales,Sales Executive,Travel_Rarely,4.0,1,3,81.0,3,3,3,0.0,Yes,13.0,4,23.0,3.0,4,22.0,14.0,13.0,5.0,No,3
E1002101,34.0,Male,Technical Degree,Married,Sales,Sales Executive,Travel_Rarely,8.0,2,2,92.0,4,2,3,1.0,No,21.0,3,10.0,5.0,3,10.0,8.0,4.0,8.0,No,2
E1002102,58.0,Male,Medical,Divorced,Sales,Manager,Non-Travel,2.0,3,2,52.0,3,4,2,4.0,No,22.0,4,37.0,0.0,2,16.0,9.0,14.0,14.0,No,2
E1002104,35.0,Male,Medical,Married,Research & Development,Laboratory Technician,Travel_Rarely,23.0,4,2,91.0,1,1,3,0.0,No,16.0,2,6.0,2.0,4,5.0,4.0,0.0,3.0,No,3
E1002105,47.0,Female,Life Sciences,Divorced,Research & Development,Manager R&D,Travel_Rarely,4.0,3,3,92.0,2,3,2,8.0,Yes,12.0,3,28.0,4.0,3,22.0,11.0,14.0,10.0,No,3
E1002107,40.0,Female,Life Sciences,Divorced,Research & Development,Healthcare Representative,Travel_Rarely,12.0,3,2,47.0,3,2,1,2.0,No,12.0,2,15.0,3.0,3,7.0,4.0,7.0,7.0,No,2
E1002108,54.0,Female,Medical,Married,Research & Development,Research Scientist,Travel_Rarely,7.0,4,4,68.0,3,2,4,4.0,No,15.0,2,14.0,2.0,2,7.0,1.0,1.0,7.0,No,3
E1002111,31.0,Female,Marketing,Married,Sales,Sales Executive,Travel_Frequently,7.0,4,1,68.0,3,3,1,2.0,No,14.0,4,9.0,3.0,3,3.0,2.0,2.0,2.0,No,2
E1002113,38.0,Female,Marketing,Married,Sales,Sales Representative,Travel_Rarely,2.0,4,2,77.0,1,2,4,2.0,Yes,20.0,1,20.0,4.0,2,4.0,2.0,0.0,3.0,No,3
E1002114,26.0,Male,Medical,Single,Sales,Sales Executive,Travel_Rarely,10.0,3,3,46.0,3,2,4,1.0,No,13.0,1,5.0,4.0,3,5.0,3.0,1.0,2.0,No,3
E1002115,58.0,Male,Life Sciences,Married,Research & Development,Manager R&D,Travel_Frequently,15.0,4,1,87.0,3,4,3,2.0,Yes,14.0,2,23.0,3.0,3,2.0,2.0,2.0,2.0,No,2
E1002117,18.0,Female,Medical,Single,Research & Development,Manager R&D,Non-Travel,14.0,3,2,33.0,3,1,3,1.0,No,16.0,3,0.0,4.0,1,0.0,0.0,0.0,0.0,No,3
E1002120,31.0,Male,Human Resources,Married,Human Resources,Human Resources,Travel_Rarely,18.0,5,4,89.0,4,1,1,0.0,No,17.0,3,2.0,4.0,3,1.0,0.0,0.0,0.0,Yes,3
E1002123,45.0,Female,Life Sciences,Married,Sales,Sales Executive,Non-Travel,2.0,4,3,67.0,3,2,3,4.0,No,22.0,2,10.0,3.0,4,8.0,7.0,5.0,7.0,No,4
E1002125,36.0,Female,Other,Married,Research & Development,Research Scientist,Travel_Rarely,2.0,4,4,73.0,3,2,2,4.0,Yes,22.0,4,15.0,2.0,3,1.0,0.0,0.0,0.0,No,4
E1002127,43.0,Male,Life Sciences,Married,Sales,Sales Executive,Travel_Frequently,2.0,4,1,92.0,3,2,4,1.0,No,20.0,3,7.0,5.0,3,7.0,7.0,7.0,7.0,No,2
E1002128,27.0,Female,Life Sciences,Single,Research & Development,Manager R&D,Travel_Frequently,5.0,2,4,53.0,3,1,4,0.0,Yes,14.0,3,6.0,3.0,2,5.0,4.0,0.0,2.0,No,3
E1002130,29.0,Male,Medical,Married,Research & Development,Laboratory Technician,Travel_Frequently,20.0,1,4,40.0,3,1,4,1.0,No,13.0,2,11.0,3.0,4,11.0,8.0,3.0,10.0,No,3
E1002131,32.0,Male,Marketing,Single,Sales,Sales Executive,Travel_Frequently,10.0,4,4,79.0,3,2,4,8.0,No,13.0,3,4.0,2.0,4,0.0,0.0,0.0,0.0,No,3
E1002132,42.0,Male,Technical Degree,Married,Research & Development,Research Scientist,Non-Travel,10.0,4,3,38.0,3,1,3,3.0,No,22.0,2,10.0,1.0,2,6.0,3.0,3.0,3.0,No,4
E1002134,47.0,Female,Life Sciences,Single,Research & Development,Laboratory Technician,Travel_Rarely,9.0,4,2,64.0,3,1,3,4.0,No,12.0,3,7.0,2.0,3,2.0,2.0,2.0,0.0,No,2
E1002135,46.0,Male,Life Sciences,Divorced,Research & Development,Manufacturing Director,Travel_Rarely,2.0,2,4,82.0,3,3,4,3.0,No,14.0,3,12.0,4.0,2,9.0,8.0,4.0,7.0,No,3
E1002136,28.0,Male,Life Sciences,Divorced,Human Resources,Human Resources,Non-Travel,1.0,2,3,43.0,3,1,4,1.0,No,15.0,2,3.0,2.0,3,3.0,2.0,2.0,2.0,No,3
E1002137,29.0,Male,Life Sciences,Divorced,Research & Development,Healthcare Representative,Travel_Rarely,29.0,1,4,93.0,1,2,3,8.0,No,17.0,4,11.0,3.0,3,7.0,0.0,1.0,6.0,No,3
E1002138,42.0,Male,Life Sciences,Single,Research & Development,Manager R&D,Travel_Rarely,8.0,3,4,81.0,3,1,3,4.0,No,13.0,4,8.0,3.0,3,0.0,0.0,0.0,0.0,No,3
E1002140,32.0,Male,Marketing,Single,Sales,Sales Executive,Travel_Rarely,2.0,4,3,82.0,2,2,2,7.0,Yes,12.0,3,7.0,3.0,2,2.0,2.0,2.0,2.0,Yes,3
E1002141,46.0,Female,Technical Degree,Divorced,Sales,Sales Executive,Travel_Rarely,3.0,3,1,45.0,4,4,1,2.0,No,12.0,4,25.0,5.0,3,19.0,17.0,2.0,8.0,No,2
E1002142,27.0,Female,Medical,Married,Sales,Sales Representative,Travel_Rarely,23.0,1,2,36.0,2,2,3,1.0,No,21.0,4,9.0,5.0,3,9.0,8.0,5.0,8.0,No,2
E1002143,29.0,Male,Medical,Married,Human Resources,Human Resources,Travel_Rarely,6.0,1,4,87.0,2,1,2,1.0,No,11.0,4,1.0,3.0,3,1.0,0.0,0.0,0.0,No,3
E1002145,48.0,Male,Life Sciences,Married,Research & Development,Manager R&D,Travel_Rarely,10.0,3,4,91.0,2,5,2,4.0,No,12.0,4,29.0,3.0,3,22.0,10.0,12.0,9.0,No,3
E1002146,29.0,Male,Life Sciences,Single,Research & Development,Research Scientist,Travel_Frequently,24.0,2,4,73.0,2,1,4,1.0,Yes,24.0,2,1.0,3.0,2,1.0,0.0,1.0,0.0,Yes,4
E1002151,55.0,Male,Technical Degree,Married,Research & Development,Research Scientist,Travel_Rarely,2.0,4,2,98.0,2,1,4,8.0,No,20.0,2,19.0,2.0,4,5.0,2.0,0.0,4.0,No,3
E1002153,28.0,Female,Medical,Married,Sales,Sales Representative,Travel_Rarely,3.0,3,2,78.0,3,1,2,1.0,No,19.0,4,1.0,3.0,3,1.0,0.0,0.0,0.0,No,3
E1002154,30.0,Male,Medical,Single,Sales,Sales Representative,Travel_Rarely,9.0,3,2,89.0,3,1,4,1.0,No,13.0,3,1.0,3.0,2,1.0,0.0,0.0,0.0,Yes,3
E1002156,22.0,Male,Life Sciences,Single,Research & Development,Research Scientist,Travel_Rarely,7.0,1,4,75.0,3,1,2,1.0,Yes,23.0,1,1.0,2.0,3,1.0,0.0,0.0,0.0,Yes,4
E1002158,36.0,Female,Technical Degree,Married,Sales,Sales Executive,Travel_Rarely,10.0,4,2,63.0,2,2,3,1.0,Yes,13.0,1,10.0,4.0,3,10.0,9.0,1.0,7.0,No,2
E1002160,34.0,Male,Life Sciences,Married,Sales,Sales Executive,Travel_Rarely,4.0,3,3,64.0,3,3,4,2.0,Yes,13.0,4,9.0,3.0,3,5.0,3.0,1.0,0.0,No,3
E1002161,29.0,Male,Life Sciences,Single,Research & Development,Laboratory Technician,Travel_Rarely,7.0,3,4,59.0,3,1,1,3.0,No,14.0,2,11.0,2.0,3,3.0,2.0,1.0,2.0,No,3
E1002163,37.0,Male,Medical,Married,Research & Development,Research Scientist,Travel_Rarely,7.0,4,4,78.0,3,2,1,5.0,Yes,22.0,3,16.0,2.0,3,5.0,3.0,0.0,4.0,No,4
E1002164,35.0,Female,Other,Married,Research & Development,Manufacturing Director,Travel_Rarely,16.0,2,4,44.0,2,2,2,0.0,Yes,11.0,4,4.0,2.0,3,3.0,2.0,0.0,2.0,No,3
E1002166,45.0,Female,Life Sciences,Married,Research & Development,Manufacturing Director,Travel_Rarely,25.0,2,2,93.0,2,2,4,0.0,No,13.0,4,10.0,2.0,2,9.0,8.0,3.0,8.0,No,2
E1002168,36.0,Male,Human Resources,Single,Human Resources,Human Resources,Travel_Frequently,2.0,1,2,94.0,2,2,4,1.0,No,21.0,4,10.0,2.0,2,10.0,1.0,0.0,8.0,No,4
E1002170,40.0,Male,Life Sciences,Divorced,Research & Development,Manager R&D,Travel_Rarely,1.0,4,1,98.0,3,4,1,2.0,No,11.0,1,22.0,3.0,3,19.0,7.0,11.0,16.0,No,2
E1002171,26.0,Female,Life Sciences,Married,Research & Development,Research Scientist,Travel_Rarely,1.0,2,2,90.0,2,1,3,1.0,Yes,13.0,3,1.0,3.0,2,1.0,0.0,1.0,0.0,No,3
E1002176,27.0,Female,Medical,Single,Sales,Sales Executive,Travel_Rarely,2.0,2,1,89.0,4,2,3,0.0,No,14.0,2,9.0,5.0,2,8.0,7.0,0.0,7.0,No,3
E1002178,48.0,Female,Medical,Divorced,Research & Development,Manager,Travel_Frequently,22.0,3,4,58.0,3,4,4,3.0,No,11.0,2,24.0,3.0,3,22.0,17.0,4.0,7.0,No,3
E1002181,44.0,Male,Life Sciences,Married,Research & Development,Healthcare Representative,Travel_Rarely,1.0,4,2,78.0,4,2,1,2.0,No,15.0,4,10.0,5.0,3,2.0,0.0,2.0,2.0,No,3
E1002183,34.0,Male,Technical Degree,Married,Research & Development,Research Scientist,Non-Travel,16.0,4,4,85.0,1,1,1,1.0,Yes,23.0,2,5.0,2.0,3,5.0,2.0,3.0,0.0,Yes,4
E1002185,56.0,Male,Life Sciences,Single,Research & Development,Manager R&D,Travel_Rarely,24.0,2,1,97.0,3,1,4,1.0,No,16.0,4,5.0,3.0,3,4.0,2.0,1.0,0.0,Yes,2
E1002186,36.0,Male,Marketing,Married,Sales,Sales Executive,Travel_Rarely,17.0,2,3,33.0,2,2,2,2.0,No,16.0,3,12.0,1.0,1,4.0,2.0,1.0,3.0,No,2
E1002187,41.0,Female,Marketing,Married,Sales,Sales Executive,Travel_Rarely,8.0,3,3,54.0,3,2,2,5.0,No,21.0,3,14.0,3.0,3,5.0,4.0,1.0,4.0,No,4
E1002189,42.0,Male,Medical,Married,Research & Development,Manager R&D,Travel_Rarely,6.0,3,3,83.0,3,3,1,9.0,No,13.0,2,18.0,3.0,4,13.0,7.0,5.0,7.0,No,3
E1002190,31.0,Female,Medical,Divorced,Sales,Sales Executive,Travel_Rarely,10.0,2,3,86.0,3,2,4,2.0,Yes,11.0,4,8.0,2.0,3,5.0,2.0,1.0,4.0,No,3
E1002193,34.0,Female,Medical,Married,Sales,Sales Executive,Travel_Rarely,3.0,1,4,75.0,2,2,4,3.0,Yes,12.0,3,9.0,3.0,2,4.0,2.0,0.0,1.0,No,3
E1002194,31.0,Female,Medical,Divorced,Research & Development,Laboratory Technician,Travel_Rarely,4.0,3,1,62.0,4,1,3,8.0,No,12.0,2,4.0,0.0,2,2.0,2.0,2.0,2.0,No,2
E1002196,26.0,Male,Other,Married,Research & Development,Manager R&D,Travel_Frequently,6.0,3,3,61.0,4,1,4,0.0,No,18.0,1,8.0,3.0,3,7.0,7.0,7.0,7.0,No,3
E1002200,45.0,Male,Medical,Single,Research & Development,Manager R&D,Travel_Frequently,1.0,4,2,44.0,3,2,3,4.0,No,12.0,3,12.0,3.0,3,4.0,2.0,0.0,3.0,No,3
E1002202,33.0,Male,Marketing,Single,Sales,Sales Executive,Travel_Rarely,10.0,4,2,43.0,3,2,3,1.0,No,14.0,2,10.0,2.0,2,10.0,4.0,0.0,9.0,No,3
E1002205,28.0,Male,Life Sciences,Married,Sales,Sales Executive,Travel_Frequently,1.0,2,3,42.0,2,2,4,1.0,Yes,12.0,3,7.0,2.0,3,7.0,7.0,0.0,7.0,No,3
E1002207,39.0,Female,Life Sciences,Married,Sales,Sales Executive,Non-Travel,21.0,4,1,32.0,1,2,3,6.0,No,19.0,3,10.0,1.0,3,3.0,2.0,1.0,2.0,No,2
E1002209,27.0,Male,Technical Degree,Married,Research & Development,Manager R&D,Travel_Rarely,2.0,4,2,41.0,3,1,2,1.0,No,11.0,3,6.0,3.0,2,5.0,3.0,1.0,2.0,No,2
E1002210,34.0,Male,Other,Married,Research & Development,Research Scientist,Travel_Frequently,22.0,4,3,86.0,2,2,4,1.0,Yes,15.0,2,16.0,3.0,3,15.0,10.0,6.0,11.0,No,3
E1002212,47.0,Male,Technical Degree,Married,Research & Development,Manager R&D,Non-Travel,14.0,4,3,64.0,3,2,2,8.0,No,18.0,3,16.0,4.0,4,8.0,7.0,1.0,7.0,No,3
E1002213,56.0,Female,Marketing,Married,Sales,Sales Executive,Travel_Rarely,11.0,5,4,89.0,2,2,1,4.0,No,16.0,3,6.0,3.0,3,0.0,0.0,0.0,0.0,No,3
E1002215,38.0,Female,Medical,Divorced,Research & Development,Manager R&D,Travel_Frequently,8.0,3,4,58.0,2,2,2,1.0,Yes,16.0,3,20.0,3.0,3,20.0,11.0,0.0,7.0,No,3
E1002216,58.0,Female,Life Sciences,Married,Sales,Manager,Travel_Rarely,21.0,3,4,72.0,3,4,4,4.0,Yes,13.0,3,29.0,2.0,2,1.0,0.0,0.0,0.0,No,3
E1002217,32.0,Female,Life Sciences,Single,Research & Development,Research Scientist,Travel_Frequently,5.0,2,1,47.0,4,1,3,3.0,Yes,14.0,1,8.0,2.0,3,4.0,1.0,0.0,3.0,Yes,3
E1002218,38.0,Male,Life Sciences,Divorced,Research & Development,Manager R&D,Travel_Rarely,9.0,2,2,71.0,3,1,4,2.0,No,19.0,4,10.0,0.0,4,5.0,2.0,0.0,3.0,No,4
E1002219,49.0,Male,Life Sciences,Married,Research & Development,Manager R&D,Travel_Frequently,2.0,1,2,42.0,3,5,4,3.0,No,15.0,4,28.0,3.0,3,5.0,4.0,4.0,3.0,No,2
E1002221,42.0,Male,Marketing,Divorced,Sales,Sales Executive,Travel_Rarely,12.0,4,2,77.0,3,2,4,3.0,Yes,12.0,3,14.0,4.0,3,0.0,0.0,0.0,0.0,No,3
E1002222,27.0,Female,Human Resources,Married,Human Resources,Human Resources,Travel_Frequently,22.0,3,1,58.0,2,1,2,1.0,No,12.0,1,1.0,2.0,3,1.0,0.0,0.0,0.0,Yes,3
E1002223,35.0,Male,Medical,Married,Sales,Sales Executive,Travel_Rarely,18.0,4,2,71.0,3,2,1,0.0,No,16.0,4,6.0,2.0,1,5.0,3.0,0.0,4.0,No,2
E1002225,28.0,Male,Medical,Single,Research & Development,Manager R&D,Non-Travel,16.0,3,3,49.0,3,1,3,1.0,No,14.0,3,5.0,3.0,2,5.0,3.0,1.0,4.0,No,3
E1002226,31.0,Male,Medical,Divorced,Research & Development,Research Scientist,Non-Travel,3.0,2,3,48.0,3,1,1,1.0,Yes,13.0,4,4.0,3.0,4,4.0,2.0,2.0,3.0,No,3
E1002227,36.0,Male,Life Sciences,Married,Research & Development,Manager R&D,Non-Travel,9.0,4,1,66.0,4,1,2,1.0,No,22.0,2,5.0,3.0,3,5.0,4.0,0.0,2.0,No,3
E1002228,34.0,Male,Marketing,Single,Sales,Sales Executive,Travel_Rarely,1.0,3,1,32.0,3,3,4,1.0,No,21.0,1,14.0,3.0,2,14.0,8.0,2.0,1.0,No,2
E1002229,34.0,Male,Medical,Divorced,Sales,Sales Executive,Travel_Rarely,13.0,4,4,39.0,3,3,3,1.0,No,18.0,3,9.0,2.0,2,8.0,7.0,1.0,1.0,No,3
E1002230,26.0,Male,Medical,Single,Research & Development,Laboratory Technician,Travel_Rarely,1.0,3,3,95.0,3,1,1,0.0,No,13.0,4,8.0,6.0,2,7.0,7.0,7.0,6.0,No,3
E1002233,32.0,Female,Medical,Divorced,Research & Development,Manager R&D,Non-Travel,15.0,4,3,34.0,3,2,4,5.0,No,18.0,2,9.0,6.0,3,5.0,1.0,1.0,2.0,No,3
E1002238,28.0,Male,Technical Degree,Divorced,Research & Development,Manager R&D,Travel_Rarely,17.0,3,3,32.0,2,1,4,5.0,No,12.0,1,6.0,2.0,2,4.0,1.0,0.0,3.0,Yes,3
E1002239,38.0,Male,Life Sciences,Single,Sales,Sales Representative,Travel_Rarely,1.0,3,1,59.0,2,1,1,4.0,No,14.0,1,20.0,3.0,2,1.0,0.0,0.0,0.0,No,3
E1002240,35.0,Female,Life Sciences,Married,Sales,Sales Executive,Travel_Rarely,7.0,4,3,55.0,3,2,4,1.0,Yes,11.0,4,10.0,2.0,3,10.0,8.0,0.0,9.0,No,3
E1002243,27.0,Male,Marketing,Single,Sales,Sales Executive,Travel_Rarely,9.0,3,4,44.0,3,2,4,1.0,No,14.0,1,7.0,5.0,3,7.0,7.0,0.0,7.0,No,3
E1002244,32.0,Male,Life Sciences,Single,Research & Development,Manager R&D,Travel_Rarely,5.0,4,4,56.0,2,2,4,8.0,No,24.0,2,8.0,1.0,3,1.0,0.0,0.0,0.0,No,4
E1002245,31.0,Male,Marketing,Married,Sales,Sales Executive,Travel_Frequently,26.0,4,1,63.0,3,2,4,1.0,Yes,11.0,3,10.0,4.0,3,10.0,7.0,0.0,8.0,Yes,3
E1002246,53.0,Male,Life Sciences,Single,Sales,Sales Executive,Travel_Rarely,24.0,4,1,66.0,3,3,1,6.0,Yes,13.0,2,15.0,2.0,2,2.0,2.0,2.0,2.0,Yes,2
E1002247,54.0,Female,Life Sciences,Married,Research & Development,Research Scientist,Travel_Rarely,9.0,2,1,67.0,3,2,3,3.0,No,11.0,3,9.0,6.0,2,4.0,3.0,2.0,3.0,No,2
E1002248,33.0,Male,Life Sciences,Divorced,Research & Development,Manager R&D,Travel_Frequently,7.0,2,4,36.0,3,2,3,1.0,No,20.0,3,9.0,2.0,3,9.0,7.0,2.0,8.0,No,4
E1002249,43.0,Male,Life Sciences,Married,Research & Development,Healthcare Representative,Travel_Rarely,11.0,3,1,30.0,3,3,3,1.0,No,17.0,2,10.0,1.0,3,10.0,9.0,0.0,9.0,No,3
E1002250,38.0,Male,Other,Married,Human Resources,Human Resources,Travel_Frequently,1.0,4,4,88.0,3,1,2,0.0,Yes,11.0,2,7.0,2.0,3,6.0,2.0,1.0,2.0,No,3
E1002251,55.0,Male,Human Resources,Married,Human Resources,Manager,Travel_Rarely,26.0,4,3,71.0,4,5,2,4.0,Yes,18.0,1,35.0,0.0,3,10.0,9.0,1.0,4.0,No,3
E1002252,31.0,Female,Medical,Divorced,Research & Development,Manager R&D,Travel_Rarely,2.0,1,4,59.0,1,1,4,1.0,Yes,11.0,3,1.0,4.0,3,1.0,0.0,0.0,0.0,No,3
E1002253,39.0,Male,Marketing,Single,Sales,Sales Executive,Travel_Rarely,15.0,4,2,77.0,3,4,1,0.0,No,12.0,1,21.0,3.0,3,20.0,8.0,11.0,10.0,No,2
E1002254,42.0,Male,Life Sciences,Single,Research & Development,Research Scientist,Non-Travel,23.0,2,4,37.0,2,2,3,1.0,No,12.0,4,20.0,2.0,3,20.0,9.0,3.0,7.0,No,3
E1002257,31.0,Female,Medical,Married,Research & Development,Research Director,Non-Travel,10.0,3,3,40.0,3,3,3,4.0,No,20.0,3,13.0,2.0,4,11.0,7.0,4.0,8.0,No,4
E1002258,54.0,Female,Medical,Single,Research & Development,Manufacturing Director,Travel_Rarely,10.0,3,3,77.0,3,2,1,6.0,Yes,19.0,4,9.0,3.0,3,5.0,2.0,1.0,4.0,No,3
E1002259,24.0,Male,Life Sciences,Single,Research & Development,Healthcare Representative,Travel_Rarely,1.0,2,2,45.0,2,2,3,1.0,No,12.0,2,4.0,2.0,2,4.0,3.0,1.0,2.0,No,2
E1002260,23.0,Male,Other,Single,Research & Development,Laboratory Technician,Travel_Rarely,12.0,2,4,78.0,3,1,4,1.0,No,13.0,3,5.0,6.0,4,5.0,2.0,1.0,4.0,No,3
E1002263,40.0,Female,Technical Degree,Married,Research & Development,Laboratory Technician,Travel_Frequently,11.0,3,4,73.0,3,2,3,1.0,No,11.0,1,10.0,2.0,4,10.0,9.0,9.0,4.0,No,3
E1002264,40.0,Female,Marketing,Married,Sales,Sales Executive,Travel_Rarely,2.0,2,2,92.0,3,2,2,3.0,No,14.0,3,15.0,4.0,3,11.0,8.0,5.0,10.0,No,2
E1002265,25.0,Female,Human Resources,Married,Human Resources,Human Resources,Travel_Rarely,2.0,3,3,82.0,3,1,2,4.0,No,14.0,3,6.0,3.0,3,2.0,0.0,1.0,2.0,No,3
E1002267,30.0,Male,Medical,Married,Research & Development,Laboratory Technician,Travel_Rarely,1.0,2,4,76.0,3,1,2,1.0,No,13.0,3,12.0,6.0,2,12.0,8.0,1.0,7.0,No,3
E1002270,25.0,Male,Other,Divorced,Research & Development,Laboratory Technician,Travel_Rarely,2.0,1,4,57.0,3,1,3,6.0,Yes,19.0,3,7.0,2.0,2,2.0,2.0,0.0,2.0,No,3
E1002271,47.0,Male,Medical,Single,Research & Development,Manager R&D,Travel_Rarely,25.0,3,1,84.0,3,3,3,2.0,No,23.0,2,25.0,3.0,3,17.0,14.0,12.0,11.0,No,2
E1002273,38.0,Male,Life Sciences,Married,Sales,Sales Executive,Travel_Rarely,1.0,4,4,86.0,3,2,2,0.0,No,15.0,1,16.0,3.0,3,15.0,13.0,5.0,8.0,No,3
E1002274,31.0,Male,Life Sciences,Married,Sales,Sales Representative,Travel_Rarely,2.0,2,1,54.0,3,1,3,0.0,No,19.0,3,3.0,1.0,3,2.0,2.0,1.0,2.0,No,2
E1002276,42.0,Male,Life Sciences,Divorced,Research & Development,Research Scientist,Travel_Rarely,18.0,4,4,35.0,3,2,1,6.0,Yes,17.0,3,9.0,3.0,2,4.0,3.0,1.0,2.0,No,3
E1002277,41.0,Male,Life Sciences,Married,Research & Development,Research Scientist,Travel_Rarely,1.0,3,4,76.0,3,1,4,3.0,No,22.0,1,12.0,3.0,3,5.0,3.0,1.0,0.0,No,4
E1002278,47.0,Female,Medical,Married,Research & Development,Research Scientist,Non-Travel,1.0,1,3,98.0,3,3,2,0.0,No,18.0,1,14.0,3.0,1,13.0,8.0,5.0,12.0,No,2
E1002281,35.0,Male,Medical,Married,Research & Development,Research Director,Travel_Rarely,11.0,4,4,43.0,3,1,3,7.0,Yes,11.0,3,5.0,3.0,3,2.0,2.0,2.0,2.0,No,3
E1002285,22.0,Male,Life Sciences,Single,Research & Development,Research Scientist,Travel_Rarely,1.0,2,4,63.0,3,1,3,0.0,No,12.0,4,4.0,2.0,4,3.0,2.0,1.0,2.0,No,3
E1002286,35.0,Male,Medical,Single,Research & Development,Research Scientist,Travel_Rarely,9.0,4,2,48.0,3,2,3,1.0,No,19.0,2,10.0,5.0,3,10.0,7.0,0.0,8.0,No,3
E1002287,33.0,Female,Medical,Married,Research & Development,Healthcare Representative,Travel_Rarely,15.0,2,2,95.0,3,2,4,0.0,Yes,13.0,1,10.0,6.0,3,9.0,7.0,8.0,1.0,No,2
E1002288,32.0,Female,Life Sciences,Single,Research & Development,Laboratory Technician,Travel_Rarely,29.0,4,3,49.0,2,1,2,1.0,No,13.0,3,6.0,3.0,3,6.0,2.0,4.0,1.0,No,3
E1002290,40.0,Male,Life Sciences,Married,Research & Development,Laboratory Technician,Travel_Rarely,1.0,4,1,83.0,3,1,4,8.0,No,19.0,3,8.0,3.0,2,1.0,0.0,0.0,0.0,No,3
E1002291,32.0,Male,Medical,Married,Sales,Sales Representative,Travel_Rarely,1.0,4,2,68.0,2,1,2,0.0,No,14.0,2,3.0,2.0,3,2.0,2.0,2.0,2.0,No,2
E1002292,39.0,Male,Life Sciences,Single,Research & Development,Research Scientist,Travel_Rarely,24.0,1,1,52.0,3,2,4,7.0,No,13.0,1,18.0,2.0,3,7.0,7.0,1.0,7.0,No,2
E1002293,38.0,Female,Medical,Married,Research & Development,Research Director,Travel_Rarely,10.0,3,2,99.0,1,3,3,3.0,No,12.0,1,20.0,3.0,3,18.0,16.0,1.0,11.0,No,2
E1002295,37.0,Female,Life Sciences,Married,Research & Development,Research Director,Travel_Rarely,10.0,3,3,42.0,4,3,4,1.0,Yes,25.0,1,16.0,2.0,3,16.0,11.0,6.0,8.0,No,4
E1002296,25.0,Female,Other,Divorced,Sales,Sales Executive,Travel_Rarely,8.0,2,1,85.0,3,2,3,0.0,Yes,22.0,2,6.0,3.0,2,5.0,3.0,0.0,4.0,No,3
E1002297,52.0,Male,Life Sciences,Divorced,Sales,Sales Representative,Non-Travel,29.0,4,1,40.0,3,1,4,2.0,No,15.0,2,16.0,3.0,2,9.0,8.0,0.0,0.0,No,3
E1002298,44.0,Male,Medical,Single,Research & Development,Research Scientist,Travel_Rarely,1.0,3,2,42.0,3,1,4,6.0,Yes,12.0,3,6.0,2.0,3,4.0,3.0,1.0,2.0,No,2
E1002299,21.0,Male,Medical,Single,Sales,Sales Representative,Travel_Rarely,5.0,1,3,58.0,3,1,1,1.0,Yes,11.0,4,2.0,6.0,3,2.0,2.0,1.0,2.0,No,3
E1002301,23.0,Male,Marketing,Married,Sales,Sales Representative,Travel_Frequently,9.0,3,4,33.0,3,1,1,1.0,No,19.0,1,1.0,3.0,2,1.0,0.0,1.0,0.0,Yes,3
E1002302,36.0,Female,Medical,Married,Sales,Sales Executive,Travel_Rarely,3.0,3,1,94.0,2,3,4,0.0,No,19.0,3,10.0,2.0,3,9.0,7.0,3.0,4.0,No,2
E1002303,36.0,Female,Life Sciences,Divorced,Research & Development,Manufacturing Director,Travel_Frequently,4.0,2,4,97.0,3,2,2,7.0,No,13.0,2,18.0,3.0,3,4.0,2.0,0.0,2.0,No,3
E1002304,56.0,Male,Life Sciences,Divorced,Research & Development,Healthcare Representative,Non-Travel,1.0,4,3,57.0,3,2,3,1.0,No,21.0,1,13.0,2.0,2,13.0,12.0,1.0,9.0,No,4
E1002305,29.0,Male,Medical,Married,Research & Development,Research Scientist,Travel_Rarely,1.0,4,1,36.0,3,1,4,9.0,Yes,14.0,2,4.0,3.0,4,2.0,2.0,2.0,2.0,Yes,2
E1002310,56.0,Male,Technical Degree,Married,Research & Development,Laboratory Technician,Travel_Rarely,7.0,2,4,72.0,3,1,3,8.0,No,11.0,4,14.0,4.0,1,10.0,9.0,9.0,8.0,Yes,2
E1002312,41.0,Female,Life Sciences,Married,Research & Development,Manufacturing Director,Travel_Rarely,28.0,4,1,60.0,2,4,2,0.0,No,23.0,3,21.0,3.0,3,20.0,7.0,0.0,10.0,No,3
E1002313,34.0,Female,Marketing,Married,Sales,Sales Executive,Travel_Rarely,28.0,3,4,95.0,2,2,3,1.0,No,21.0,4,8.0,2.0,3,8.0,7.0,1.0,7.0,No,4
E1002314,36.0,Male,Marketing,Divorced,Sales,Sales Executive,Non-Travel,15.0,4,4,88.0,1,2,4,1.0,No,24.0,1,15.0,4.0,2,15.0,12.0,11.0,11.0,No,4
E1002315,41.0,Male,Life Sciences,Divorced,Sales,Sales Executive,Travel_Rarely,3.0,3,3,57.0,2,2,2,2.0,No,11.0,3,14.0,5.0,3,5.0,4.0,0.0,4.0,No,3
E1002316,32.0,Male,Technical Degree,Single,Research & Development,Research Scientist,Travel_Rarely,2.0,3,4,78.0,3,1,1,1.0,No,14.0,4,4.0,4.0,3,4.0,2.0,1.0,2.0,No,3
E1002318,35.0,Female,Life Sciences,Single,Human Resources,Human Resources,Travel_Rarely,26.0,4,3,31.0,3,3,4,1.0,Yes,16.0,3,9.0,2.0,3,9.0,0.0,1.0,7.0,No,3
E1002319,38.0,Female,Life Sciences,Married,Sales,Sales Executive,Travel_Rarely,10.0,2,1,100.0,3,2,4,1.0,No,11.0,3,10.0,1.0,3,10.0,7.0,1.0,9.0,No,2
E1002322,50.0,Male,Life Sciences,Divorced,Sales,Sales Executive,Travel_Frequently,1.0,4,2,94.0,3,2,3,7.0,No,12.0,4,12.0,3.0,3,6.0,3.0,0.0,1.0,Yes,4
E1002323,36.0,Female,Marketing,Married,Sales,Sales Executive,Travel_Rarely,11.0,4,2,100.0,2,2,4,4.0,No,13.0,1,8.0,2.0,2,6.0,3.0,0.0,0.0,No,3
E1002326,40.0,Male,Life Sciences,Single,Research & Development,Research Scientist,Travel_Rarely,2.0,4,3,52.0,2,1,3,2.0,No,14.0,4,8.0,2.0,3,2.0,2.0,2.0,2.0,No,3
E1002327,35.0,Male,Life Sciences,Married,Research & Development,Research Scientist,Travel_Frequently,18.0,4,3,80.0,3,2,3,1.0,Yes,14.0,4,10.0,2.0,4,10.0,2.0,0.0,2.0,No,3
E1002329,40.0,Female,Medical,Married,Research & Development,Research Scientist,Travel_Rarely,2.0,4,3,98.0,3,1,3,2.0,No,14.0,2,20.0,2.0,3,5.0,3.0,0.0,2.0,No,3
E1002330,35.0,Female,Life Sciences,Married,Research & Development,Research Scientist,Travel_Rarely,1.0,4,3,62.0,1,1,4,1.0,No,12.0,4,4.0,5.0,3,4.0,3.0,1.0,1.0,No,3
E1002331,29.0,Male,Other,Married,Research & Development,Research Scientist,Travel_Rarely,13.0,2,4,46.0,2,2,2,4.0,Yes,13.0,1,10.0,2.0,3,4.0,3.0,0.0,3.0,No,3
E1002332,29.0,Female,Medical,Single,Research & Development,Research Scientist,Travel_Rarely,28.0,4,4,73.0,2,1,1,1.0,No,14.0,2,5.0,3.0,1,5.0,4.0,0.0,4.0,No,2
E1002333,50.0,Male,Marketing,Divorced,Sales,Sales Executive,Travel_Rarely,28.0,3,4,39.0,2,3,1,4.0,Yes,13.0,2,20.0,3.0,3,3.0,2.0,2.0,0.0,Yes,3
E1002334,39.0,Female,Marketing,Married,Sales,Sales Executive,Travel_Rarely,24.0,1,2,60.0,2,4,4,0.0,No,11.0,1,21.0,2.0,2,20.0,9.0,9.0,6.0,No,2
E1002335,31.0,Male,Medical,Single,Research & Development,Manufacturing Director,Non-Travel,5.0,3,2,74.0,3,2,1,0.0,No,19.0,2,10.0,2.0,3,9.0,4.0,1.0,7.0,No,2
E1002338,26.0,Female,Other,Single,Sales,Sales Representative,Travel_Rarely,5.0,3,4,30.0,2,1,3,0.0,No,18.0,4,5.0,2.0,3,4.0,2.0,0.0,0.0,No,3
E1002340,39.0,Male,Medical,Married,Research & Development,Healthcare Representative,Travel_Rarely,6.0,1,4,42.0,2,3,1,4.0,No,15.0,1,9.0,5.0,3,7.0,7.0,1.0,7.0,No,3
E1002342,27.0,Male,Life Sciences,Married,Research & Development,Manufacturing Director,Travel_Rarely,4.0,3,2,87.0,4,2,2,1.0,Yes,20.0,2,6.0,0.0,3,6.0,2.0,0.0,3.0,No,3
E1002343,49.0,Male,Medical,Married,Sales,Sales Executive,Travel_Frequently,2.0,3,4,63.0,2,2,2,2.0,No,14.0,4,17.0,3.0,2,9.0,6.0,0.0,8.0,No,3
E1002346,34.0,Male,Medical,Married,Research & Development,Laboratory Technician,Travel_Rarely,8.0,3,2,82.0,4,2,3,2.0,No,12.0,1,6.0,3.0,4,4.0,3.0,1.0,2.0,No,3
E100279,41.0,Female,Life Sciences,Single,Sales,Sales Executive,Travel_Rarely,1.0,2,2,94.0,3,2,4,8.0,Yes,11.0,1,8.0,0.0,1,6.0,4.0,0.0,5.0,Yes,2
E100285,27.0,Male,Medical,Married,Development,Developer,Travel_Rarely,2.0,1,1,40.0,3,1,2,9.0,No,12.0,4,6.0,3.0,3,2.0,2.0,2.0,2.0,No,2
E100286,32.0,Male,Life Sciences,Single,Development,Senior Developer,Travel_Frequently,2.0,2,4,79.0,3,1,4,0.0,No,13.0,3,8.0,2.0,2,7.0,7.0,3.0,6.0,No,3
E100288,59.0,Female,Medical,Married,Development,Senior Developer,Travel_Rarely,3.0,3,3,81.0,4,1,1,4.0,Yes,20.0,1,12.0,3.0,2,1.0,0.0,0.0,0.0,No,4
E100289,30.0,Male,Life Sciences,Divorced,Development,Senior Developer,Travel_Rarely,24.0,1,4,67.0,3,1,3,1.0,No,22.0,2,1.0,2.0,3,1.0,0.0,0.0,0.0,No,4
E100291,36.0,Male,Medical,Married,Development,Senior Developer,Travel_Rarely,27.0,3,3,94.0,3,2,3,6.0,No,13.0,2,17.0,3.0,2,7.0,7.0,7.0,7.0,No,3
E100292,35.0,Male,Medical,Married,Development,Developer,Travel_Rarely,16.0,3,1,84.0,4,1,2,0.0,No,13.0,3,6.0,5.0,3,5.0,4.0,0.0,3.0,No,3
E100294,31.0,Male,Life Sciences,Divorced,Development,Developer,Travel_Rarely,26.0,1,1,31.0,3,1,3,1.0,No,17.0,4,5.0,1.0,2,5.0,2.0,4.0,3.0,No,2
E100296,34.0,Male,Medical,Divorced,Development,Senior Developer,Travel_Rarely,19.0,2,2,93.0,3,1,4,0.0,No,11.0,3,3.0,2.0,3,2.0,2.0,1.0,2.0,No,2
E100297,28.0,Male,Life Sciences,Single,Development,Developer,Travel_Rarely,24.0,3,3,50.0,2,1,3,5.0,Yes,14.0,2,6.0,4.0,3,4.0,2.0,0.0,3.0,Yes,3
E100298,29.0,Female,Life Sciences,Divorced,Development,Senior Developer,Travel_Rarely,21.0,4,2,51.0,4,3,1,1.0,No,11.0,3,10.0,1.0,3,10.0,9.0,8.0,8.0,No,2
E100300,22.0,Male,Medical,Divorced,Development,Senior Developer,Non-Travel,16.0,2,4,96.0,4,1,4,1.0,Yes,13.0,2,1.0,2.0,2,1.0,0.0,0.0,0.0,No,3
E100301,53.0,Female,Life Sciences,Married,Sales,Manager,Travel_Rarely,2.0,4,1,78.0,2,4,4,2.0,No,16.0,3,31.0,3.0,3,25.0,8.0,3.0,7.0,No,2
E100302,38.0,Male,Life Sciences,Single,Development,Developer,Travel_Rarely,2.0,3,4,45.0,3,1,4,5.0,Yes,11.0,3,6.0,3.0,3,3.0,2.0,1.0,2.0,No,3
E100304,24.0,Female,Other,Divorced,Development,Developer,Non-Travel,11.0,2,1,96.0,4,2,3,0.0,No,18.0,4,5.0,5.0,2,4.0,2.0,1.0,3.0,No,3
E100306,34.0,Female,Life Sciences,Single,Development,Developer,Travel_Rarely,7.0,4,1,53.0,3,3,2,0.0,No,11.0,3,13.0,4.0,3,12.0,6.0,2.0,11.0,No,3
E100309,34.0,Male,Medical,Single,Development,Developer,Travel_Rarely,6.0,1,2,83.0,3,1,1,2.0,No,11.0,3,8.0,2.0,3,4.0,2.0,1.0,3.0,Yes,3
E100310,53.0,Female,Other,Divorced,Development,Senior Developer,Travel_Rarely,5.0,3,3,58.0,3,5,3,4.0,No,11.0,4,26.0,3.0,2,14.0,13.0,4.0,8.0,No,3
E100311,32.0,Female,Life Sciences,Single,Development,Senior Developer,Travel_Frequently,16.0,1,2,72.0,1,1,1,1.0,Yes,22.0,2,10.0,5.0,3,10.0,2.0,6.0,7.0,Yes,3
E100313,42.0,Male,Marketing,Married,Sales,Sales Executive,Travel_Rarely,8.0,4,3,48.0,3,2,2,0.0,No,11.0,4,10.0,2.0,3,9.0,7.0,4.0,2.0,No,3
E100314,44.0,Female,Medical,Married,Development,Developer,Travel_Rarely,7.0,4,1,42.0,2,3,4,3.0,No,14.0,4,24.0,4.0,3,22.0,6.0,5.0,17.0,No,3
E100316,46.0,Female,Marketing,Single,Sales,Manager,Travel_Rarely,2.0,4,2,83.0,3,5,1,3.0,No,12.0,4,22.0,2.0,2,2.0,2.0,2.0,1.0,No,2
E100317,33.0,Male,Medical,Single,Development,Developer,Travel_Rarely,2.0,3,3,78.0,3,1,4,4.0,No,11.0,4,7.0,3.0,3,1.0,1.0,0.0,0.0,No,3
E100318,44.0,Male,Other,Married,Development,Technical Architect,Travel_Rarely,10.0,4,4,41.0,3,2,4,2.0,Yes,13.0,4,9.0,5.0,4,4.0,2.0,1.0,3.0,No,3
E100323,24.0,Male,Medical,Married,Development,Developer,Travel_Rarely,1.0,3,2,61.0,3,1,4,2.0,Yes,16.0,1,6.0,2.0,2,2.0,0.0,2.0,0.0,Yes,3
E100324,43.0,Female,Medical,Divorced,Development,Technical Architect,Travel_Rarely,2.0,2,4,72.0,4,1,3,1.0,No,12.0,4,6.0,3.0,2,5.0,3.0,1.0,4.0,No,3
E100325,50.0,Male,Marketing,Married,Sales,Sales Representative,Travel_Rarely,3.0,2,1,86.0,2,1,3,1.0,Yes,14.0,3,3.0,2.0,3,3.0,2.0,0.0,2.0,Yes,3
E100327,35.0,Female,Marketing,Married,Sales,Sales Representative,Travel_Rarely,2.0,3,4,97.0,3,1,4,1.0,No,13.0,1,2.0,3.0,3,2.0,2.0,2.0,2.0,No,3
E100329,36.0,Female,Life Sciences,Married,Development,Developer,Travel_Rarely,5.0,4,2,82.0,2,1,1,9.0,Yes,14.0,4,6.0,3.0,4,1.0,1.0,0.0,0.0,No,3
E100330,33.0,Female,Life Sciences,Married,Sales,Sales Executive,Travel_Frequently,1.0,3,3,42.0,4,2,1,2.0,No,19.0,1,10.0,3.0,3,5.0,3.0,1.0,3.0,No,3
E100331,35.0,Male,Other,Divorced,Development,Developer,Travel_Rarely,4.0,2,3,75.0,3,1,4,1.0,No,12.0,3,1.0,3.0,3,1.0,0.0,0.0,0.0,No,3
E100332,27.0,Female,Life Sciences,Divorced,Development,Technical Architect,Travel_Rarely,2.0,4,4,33.0,3,1,1,1.0,No,13.0,4,1.0,6.0,3,1.0,0.0,0.0,0.0,No,3
E100333,26.0,Male,Life Sciences,Single,Development,Technical Architect,Travel_Rarely,25.0,3,1,48.0,1,1,3,1.0,No,12.0,3,1.0,2.0,2,1.0,0.0,0.0,1.0,Yes,3
E100334,27.0,Male,Life Sciences,Single,Sales,Sales Executive,Travel_Frequently,8.0,3,4,37.0,3,3,3,1.0,No,15.0,4,9.0,0.0,3,9.0,8.0,1.0,7.0,No,3
E100335,30.0,Female,Medical,Single,Development,Developer,Travel_Frequently,1.0,2,3,58.0,3,2,4,1.0,No,23.0,4,12.0,2.0,3,12.0,8.0,3.0,7.0,No,4
E100338,34.0,Male,Marketing,Single,Sales,Sales Executive,Non-Travel,23.0,4,2,72.0,3,2,3,0.0,No,20.0,3,10.0,2.0,3,9.0,5.0,8.0,7.0,No,2
E100339,37.0,Male,Life Sciences,Married,Development,Developer,Travel_Rarely,19.0,2,2,73.0,3,1,2,4.0,No,21.0,1,8.0,1.0,3,1.0,0.0,0.0,0.0,No,4
E100340,46.0,Male,Marketing,Single,Sales,Sales Executive,Travel_Frequently,5.0,4,1,98.0,3,2,4,4.0,Yes,21.0,3,14.0,4.0,3,9.0,6.0,0.0,8.0,No,3
E100341,35.0,Male,Life Sciences,Married,Development,Technical Architect,Travel_Rarely,8.0,1,4,36.0,4,1,4,1.0,No,19.0,4,1.0,2.0,3,1.0,0.0,0.0,1.0,No,3
E100342,48.0,Male,Life Sciences,Single,Development,Developer,Travel_Rarely,1.0,2,1,98.0,2,3,3,9.0,Yes,13.0,4,23.0,2.0,3,1.0,0.0,0.0,0.0,Yes,3
E100343,28.0,Male,Technical Degree,Single,Development,Technical Architect,Travel_Rarely,5.0,4,3,50.0,3,1,3,1.0,Yes,13.0,3,2.0,3.0,2,2.0,2.0,2.0,2.0,Yes,3
E100346,44.0,Female,Marketing,Divorced,Sales,Sales Executive,Travel_Rarely,1.0,5,2,75.0,3,2,1,5.0,Yes,21.0,3,9.0,2.0,2,4.0,3.0,1.0,3.0,No,2
E100348,35.0,Male,Medical,Married,Development,Technical Architect,Non-Travel,11.0,2,3,79.0,2,3,1,2.0,Yes,13.0,3,10.0,3.0,3,4.0,0.0,2.0,3.0,No,3
E100350,26.0,Female,Marketing,Married,Sales,Sales Executive,Travel_Rarely,23.0,3,3,47.0,2,2,4,7.0,Yes,19.0,3,5.0,2.0,2,2.0,2.0,0.0,0.0,No,3
E100351,33.0,Female,Life Sciences,Single,Development,Developer,Travel_Frequently,1.0,2,1,98.0,3,3,4,1.0,Yes,12.0,3,15.0,1.0,3,15.0,14.0,8.0,12.0,No,2
E100352,35.0,Male,Life Sciences,Married,Sales,Sales Executive,Travel_Frequently,18.0,5,2,71.0,3,3,1,1.0,No,22.0,4,9.0,3.0,2,9.0,8.0,1.0,8.0,No,2
E100353,35.0,Female,Medical,Married,Development,Business Analyst,Travel_Rarely,23.0,4,3,30.0,3,1,1,3.0,Yes,15.0,3,4.0,3.0,3,2.0,2.0,2.0,2.0,No,3
E100354,31.0,Male,Life Sciences,Divorced,Development,Developer,Travel_Rarely,7.0,4,4,48.0,3,2,4,3.0,No,22.0,4,10.0,3.0,2,7.0,7.0,1.0,7.0,No,4
E100355,37.0,Male,Life Sciences,Divorced,Development,Business Analyst,Travel_Rarely,1.0,4,1,51.0,2,2,3,1.0,No,18.0,3,7.0,2.0,4,7.0,5.0,0.0,7.0,No,3
E100356,32.0,Male,Medical,Married,Development,Developer,Travel_Rarely,1.0,3,1,33.0,3,2,4,1.0,Yes,22.0,2,9.0,3.0,3,9.0,8.0,7.0,8.0,No,3
E100357,38.0,Female,Life Sciences,Single,Development,Developer,Travel_Frequently,29.0,5,4,50.0,3,2,4,1.0,No,11.0,4,10.0,2.0,3,10.0,3.0,9.0,9.0,No,3
E100358,50.0,Female,Medical,Divorced,Development,Developer,Travel_Rarely,7.0,2,2,43.0,2,5,3,5.0,Yes,12.0,4,29.0,2.0,2,27.0,3.0,13.0,8.0,No,3
E100359,59.0,Female,Life Sciences,Single,Sales,Sales Executive,Travel_Rarely,25.0,3,1,99.0,3,3,1,7.0,No,11.0,4,28.0,3.0,2,21.0,16.0,7.0,9.0,No,2
E100361,36.0,Female,Technical Degree,Divorced,Development,Business Analyst,Travel_Rarely,8.0,3,3,59.0,3,3,3,1.0,No,13.0,2,17.0,2.0,3,17.0,14.0,12.0,8.0,No,3
E100363,36.0,Male,Life Sciences,Single,Development,Business Analyst,Travel_Frequently,11.0,3,2,95.0,2,2,2,1.0,No,13.0,3,6.0,3.0,3,6.0,5.0,0.0,3.0,No,4
E100364,45.0,Male,Life Sciences,Divorced,Development,Business Analyst,Travel_Rarely,7.0,3,2,59.0,3,3,1,2.0,No,17.0,3,25.0,2.0,3,1.0,0.0,0.0,0.0,No,3
E100366,35.0,Male,Medical,Married,Development,Developer,Travel_Frequently,1.0,3,2,79.0,3,1,1,4.0,No,13.0,4,5.0,2.0,2,3.0,2.0,1.0,2.0,No,3
E100368,36.0,Male,Medical,Married,Development,Developer,Travel_Rarely,9.0,3,4,79.0,2,1,3,0.0,Yes,17.0,1,2.0,0.0,2,1.0,0.0,0.0,0.0,Yes,3
E100372,29.0,Male,Life Sciences,Married,Development,Business Analyst,Travel_Rarely,2.0,3,3,76.0,3,1,2,0.0,No,23.0,4,6.0,3.0,3,5.0,4.0,0.0,4.0,No,4
E100373,31.0,Male,Medical,Single,Development,Business Analyst,Travel_Rarely,1.0,4,3,87.0,3,1,2,1.0,No,17.0,2,1.0,4.0,3,1.0,1.0,1.0,0.0,No,3
E100374,32.0,Male,Life Sciences,Married,Development,Developer,Travel_Rarely,1.0,3,2,66.0,3,2,2,1.0,No,17.0,2,10.0,3.0,3,10.0,4.0,0.0,9.0,No,3
E100375,36.0,Female,Life Sciences,Married,Development,Developer,Travel_Rarely,6.0,3,2,55.0,4,1,4,3.0,No,12.0,2,5.0,3.0,3,1.0,0.0,0.0,0.0,No,3
E100376,31.0,Female,Life Sciences,Single,Development,Developer,Travel_Rarely,8.0,4,3,61.0,3,2,4,1.0,No,23.0,4,11.0,2.0,3,11.0,7.0,1.0,8.0,No,4
E100378,35.0,Male,Marketing,Single,Sales,Sales Executive,Travel_Rarely,1.0,4,3,32.0,2,2,1,0.0,No,14.0,2,16.0,2.0,3,15.0,13.0,2.0,8.0,No,3
E100381,46.0,Male,Medical,Divorced,Human Resources,Human Resources,Travel_Rarely,5.0,2,2,80.0,3,2,2,8.0,Yes,22.0,4,16.0,2.0,3,4.0,2.0,0.0,2.0,No,3
E100382,30.0,Male,Life Sciences,Married,Development,Developer,Travel_Rarely,1.0,1,4,55.0,2,2,4,1.0,Yes,12.0,3,10.0,1.0,2,10.0,8.0,3.0,0.0,No,3
E100383,35.0,Male,Medical,Single,Development,Business Analyst,Travel_Rarely,1.0,3,2,30.0,2,1,3,1.0,No,18.0,1,6.0,3.0,3,6.0,4.0,0.0,4.0,No,3
E100384,55.0,Male,Life Sciences,Married,Sales,Sales Executive,Travel_Rarely,1.0,2,1,70.0,3,3,4,3.0,No,14.0,4,24.0,4.0,3,1.0,0.0,1.0,0.0,No,3
E100385,38.0,Female,Medical,Divorced,Development,Developer,Non-Travel,6.0,3,2,79.0,1,2,4,7.0,Yes,12.0,4,17.0,3.0,3,13.0,11.0,1.0,9.0,No,3
E100388,34.0,Male,Medical,Married,Development,Business Analyst,Travel_Rarely,1.0,2,1,94.0,3,2,2,1.0,No,15.0,3,5.0,2.0,3,5.0,2.0,1.0,3.0,No,3
E100391,23.0,Male,Technical Degree,Divorced,Sales,Sales Representative,Travel_Rarely,2.0,1,3,62.0,3,1,1,3.0,No,13.0,3,3.0,3.0,3,0.0,0.0,0.0,0.0,No,3
E100395,30.0,Male,Life Sciences,Married,Development,Developer,Travel_Rarely,2.0,3,3,99.0,2,2,4,1.0,No,19.0,1,11.0,3.0,3,11.0,10.0,10.0,8.0,No,3
E100396,46.0,Male,Medical,Single,Sales,Sales Executive,Travel_Rarely,9.0,2,3,64.0,2,3,4,1.0,No,16.0,4,9.0,3.0,3,9.0,8.0,4.0,7.0,Yes,3
E100397,40.0,Male,Life Sciences,Married,Development,Developer,Travel_Frequently,1.0,4,3,78.0,2,4,2,1.0,No,22.0,4,22.0,3.0,2,22.0,3.0,11.0,11.0,No,4
E100398,51.0,Male,Marketing,Single,Sales,Sales Executive,Travel_Rarely,21.0,4,3,71.0,3,2,4,0.0,Yes,22.0,4,11.0,2.0,1,10.0,7.0,1.0,0.0,No,3
E100399,30.0,Female,Medical,Divorced,Sales,Sales Executive,Travel_Rarely,4.0,2,3,63.0,2,2,2,1.0,Yes,12.0,2,11.0,4.0,2,11.0,8.0,2.0,7.0,No,3
E100402,46.0,Male,Medical,Married,Development,Developer,Travel_Frequently,1.0,3,3,40.0,2,3,1,2.0,Yes,13.0,3,21.0,5.0,2,10.0,9.0,9.0,5.0,No,3
E100403,32.0,Male,Medical,Single,Sales,Sales Executive,Travel_Rarely,6.0,4,2,87.0,3,2,3,1.0,No,16.0,1,12.0,0.0,3,11.0,8.0,5.0,7.0,No,2
E100406,24.0,Female,Other,Married,Sales,Sales Executive,Travel_Rarely,3.0,2,1,33.0,3,2,3,0.0,No,21.0,1,4.0,2.0,2,3.0,2.0,0.0,2.0,No,3
E100407,28.0,Male,Medical,Married,Sales,Sales Executive,Non-Travel,4.0,3,2,43.0,3,2,3,1.0,No,15.0,2,5.0,3.0,4,5.0,4.0,0.0,4.0,No,4
E100409,58.0,Male,Medical,Single,Sales,Sales Executive,Travel_Rarely,10.0,4,4,37.0,3,4,3,0.0,No,13.0,3,38.0,1.0,2,37.0,10.0,1.0,8.0,No,3
E100410,44.0,Male,Medical,Married,Development,Developer,Non-Travel,23.0,3,2,67.0,3,2,2,4.0,No,12.0,3,17.0,3.0,4,3.0,2.0,1.0,2.0,No,3
E100411,37.0,Male,Human Resources,Divorced,Human Resources,Human Resources,Travel_Rarely,6.0,4,3,63.0,3,1,1,4.0,Yes,22.0,4,7.0,3.0,3,3.0,2.0,0.0,2.0,Yes,4
E100412,32.0,Male,Life Sciences,Single,Development,Developer,Travel_Rarely,1.0,1,4,71.0,3,1,1,1.0,No,13.0,4,1.0,2.0,3,1.0,0.0,0.0,0.0,No,3
E100416,34.0,Female,Other,Single,Development,Developer,Travel_Rarely,6.0,4,1,41.0,3,2,3,1.0,No,14.0,3,16.0,3.0,3,16.0,13.0,2.0,10.0,No,3
E100417,37.0,Male,Life Sciences,Divorced,Development,Business Analyst,Non-Travel,2.0,2,3,100.0,2,2,4,5.0,No,14.0,4,17.0,2.0,4,1.0,0.0,0.0,0.0,No,3
E100419,50.0,Female,Life Sciences,Married,Development,Business Analyst,Travel_Frequently,1.0,3,1,73.0,3,5,2,3.0,Yes,19.0,1,28.0,1.0,2,8.0,3.0,0.0,7.0,No,3
E100420,25.0,Male,Marketing,Single,Sales,Sales Executive,Travel_Rarely,5.0,3,3,46.0,2,2,3,1.0,Yes,11.0,4,6.0,1.0,3,6.0,4.0,0.0,3.0,Yes,3
E100421,25.0,Male,Medical,Married,Development,Business Analyst,Travel_Rarely,7.0,1,4,64.0,2,1,4,1.0,No,11.0,3,2.0,2.0,3,2.0,2.0,2.0,1.0,No,3
E100422,22.0,Female,Medical,Single,Development,Developer,Travel_Rarely,15.0,3,2,59.0,3,1,4,1.0,No,15.0,3,1.0,5.0,3,0.0,0.0,0.0,0.0,No,3
E100425,34.0,Male,Life Sciences,Single,Development,Developer,Travel_Frequently,7.0,3,1,66.0,1,2,3,1.0,Yes,24.0,4,9.0,3.0,3,9.0,7.0,0.0,6.0,Yes,4
E100426,54.0,Female,Human Resources,Single,Human Resources,Manager,Non-Travel,26.0,3,4,30.0,4,4,4,2.0,Yes,12.0,3,23.0,3.0,3,5.0,3.0,4.0,4.0,No,3
E100428,24.0,Male,Life Sciences,Married,Development,Business Analyst,Travel_Rarely,18.0,1,2,52.0,3,1,3,0.0,No,12.0,3,6.0,2.0,3,5.0,3.0,1.0,2.0,No,3
E100429,34.0,Female,Life Sciences,Divorced,Development,Business Analyst,Travel_Rarely,6.0,4,3,45.0,2,2,2,6.0,No,15.0,3,12.0,3.0,3,1.0,0.0,0.0,0.0,No,3
E100430,37.0,Male,Life Sciences,Single,Sales,Sales Executive,Travel_Rarely,3.0,3,3,87.0,3,3,4,2.0,No,12.0,1,12.0,3.0,3,5.0,3.0,1.0,3.0,No,3
E100431,34.0,Female,Medical,Single,Development,Business Analyst,Travel_Rarely,5.0,3,3,45.0,2,3,1,2.0,No,12.0,4,14.0,6.0,3,11.0,10.0,5.0,8.0,No,3
E100433,36.0,Female,Life Sciences,Divorced,Development,Developer,Travel_Rarely,3.0,2,1,39.0,3,1,4,5.0,No,22.0,1,7.0,2.0,3,1.0,0.0,0.0,0.0,No,4
E100436,43.0,Male,Life Sciences,Married,Sales,Manager,Travel_Frequently,26.0,2,3,92.0,3,4,4,1.0,Yes,12.0,4,25.0,3.0,4,25.0,12.0,4.0,12.0,No,3
E100438,33.0,Male,Marketing,Married,Sales,Sales Executive,Non-Travel,22.0,2,3,95.0,3,2,2,0.0,No,13.0,1,8.0,2.0,4,7.0,7.0,0.0,7.0,No,3
E100440,51.0,Male,Life Sciences,Single,Development,Developer,Travel_Rarely,6.0,3,1,51.0,3,5,3,7.0,No,13.0,3,23.0,5.0,3,20.0,18.0,15.0,15.0,No,3
E100441,31.0,Male,Life Sciences,Married,Sales,Sales Executive,Travel_Rarely,6.0,4,2,76.0,1,2,3,4.0,Yes,18.0,2,12.0,3.0,2,7.0,7.0,7.0,7.0,Yes,2
E100442,26.0,Female,Other,Married,Development,Developer,Travel_Rarely,6.0,3,3,46.0,2,1,2,1.0,No,19.0,3,5.0,3.0,2,5.0,4.0,4.0,3.0,No,3
E100443,58.0,Female,Medical,Married,Development,Developer,Travel_Rarely,23.0,4,4,94.0,3,3,4,1.0,No,12.0,4,40.0,3.0,2,40.0,10.0,15.0,6.0,Yes,3
E100445,19.0,Male,Marketing,Single,Sales,Sales Representative,Travel_Rarely,22.0,1,4,50.0,3,1,3,1.0,Yes,19.0,4,0.0,2.0,2,0.0,0.0,0.0,0.0,Yes,3
E100447,22.0,Male,Technical Degree,Married,Development,Developer,Travel_Rarely,2.0,1,3,100.0,3,1,4,0.0,No,14.0,3,3.0,2.0,3,2.0,1.0,2.0,1.0,No,3
E100448,49.0,Female,Medical,Married,Development,Developer,Travel_Rarely,20.0,4,3,96.0,3,2,1,1.0,No,14.0,3,16.0,2.0,2,15.0,11.0,5.0,11.0,No,3
E100449,43.0,Female,Medical,Single,Development,Developer,Travel_Frequently,28.0,3,2,72.0,4,1,3,4.0,No,12.0,4,18.0,2.0,3,3.0,2.0,1.0,2.0,No,3
E100452,50.0,Female,Marketing,Single,Sales,Sales Executive,Travel_Frequently,12.0,3,3,77.0,3,3,4,4.0,No,11.0,4,16.0,3.0,3,2.0,2.0,2.0,1.0,No,3
E100453,31.0,Female,Life Sciences,Married,Sales,Sales Executive,Travel_Rarely,20.0,3,2,71.0,1,2,3,3.0,Yes,11.0,3,4.0,2.0,3,2.0,2.0,2.0,2.0,Yes,2
E100454,41.0,Male,Life Sciences,Divorced,Sales,Sales Executive,Travel_Rarely,9.0,1,3,96.0,3,3,3,3.0,Yes,13.0,3,12.0,2.0,3,9.0,7.0,0.0,7.0,No,3
E100455,26.0,Female,Life Sciences,Married,Human Resources,Human Resources,Travel_Rarely,25.0,1,3,61.0,3,1,3,1.0,No,23.0,4,8.0,3.0,3,8.0,7.0,5.0,7.0,No,4
E100456,36.0,Male,Medical,Divorced,Development,Developer,Travel_Rarely,6.0,2,2,84.0,3,2,2,6.0,No,20.0,4,7.0,0.0,3,3.0,2.0,0.0,1.0,No,3
E100457,51.0,Male,Life Sciences,Single,Development,Business Analyst,Travel_Frequently,8.0,4,1,53.0,1,3,4,2.0,No,15.0,4,18.0,2.0,3,4.0,2.0,0.0,3.0,Yes,4
E100461,25.0,Male,Life Sciences,Married,Sales,Sales Executive,Travel_Rarely,28.0,3,1,41.0,2,2,3,2.0,No,18.0,4,6.0,3.0,3,2.0,2.0,2.0,2.0,No,2
E100462,30.0,Male,Human Resources,Married,Human Resources,Human Resources,Travel_Rarely,9.0,3,3,48.0,3,2,4,0.0,Yes,19.0,4,12.0,2.0,1,11.0,9.0,4.0,7.0,No,3
E100470,45.0,Male,Medical,Single,Development,Technical Lead,Travel_Rarely,29.0,3,3,83.0,3,1,4,5.0,No,13.0,2,9.0,2.0,2,6.0,5.0,0.0,3.0,No,3
E100471,38.0,Female,Technical Degree,Single,Development,Developer,Travel_Rarely,3.0,5,4,32.0,3,2,3,3.0,Yes,20.0,2,19.0,2.0,3,3.0,2.0,2.0,2.0,No,4
E100472,30.0,Female,Life Sciences,Single,Development,Developer,Travel_Rarely,18.0,3,1,75.0,3,1,3,1.0,No,14.0,3,5.0,4.0,2,5.0,4.0,0.0,4.0,No,3
E100475,30.0,Female,Technical Degree,Divorced,Development,Developer,Travel_Rarely,5.0,3,4,84.0,3,1,1,5.0,No,14.0,4,8.0,3.0,3,3.0,2.0,2.0,2.0,No,3
E100478,41.0,Male,Life Sciences,Married,Development,Developer,Travel_Rarely,9.0,4,3,94.0,3,1,1,2.0,No,21.0,4,7.0,2.0,3,5.0,0.0,1.0,4.0,No,4
E100479,19.0,Female,Medical,Single,Development,Technical Lead,Travel_Rarely,3.0,1,2,79.0,3,1,2,1.0,No,14.0,4,1.0,3.0,3,1.0,0.0,0.0,0.0,No,3
E100482,35.0,Male,Marketing,Married,Sales,Sales Executive,Travel_Rarely,1.0,5,3,94.0,3,3,2,1.0,No,13.0,1,10.0,3.0,3,10.0,8.0,0.0,6.0,No,3
E100483,53.0,Male,Marketing,Married,Sales,Sales Representative,Travel_Rarely,6.0,2,2,34.0,3,2,3,2.0,Yes,20.0,4,13.0,3.0,1,7.0,7.0,4.0,5.0,No,2
E100484,45.0,Male,Life Sciences,Divorced,Development,Developer,Travel_Rarely,9.0,3,2,60.0,3,2,2,8.0,No,18.0,3,20.0,2.0,1,17.0,9.0,0.0,15.0,No,3
E100485,32.0,Female,Marketing,Single,Sales,Sales Executive,Travel_Frequently,8.0,3,2,43.0,3,3,4,1.0,No,14.0,4,9.0,2.0,3,9.0,8.0,3.0,7.0,No,2
E100486,29.0,Male,Technical Degree,Married,Development,Technical Lead,Non-Travel,1.0,1,4,41.0,3,2,3,1.0,No,13.0,1,10.0,1.0,3,10.0,7.0,0.0,9.0,No,3
E100492,58.0,Female,Medical,Married,Development,Technical Lead,Travel_Rarely,9.0,3,2,75.0,2,1,2,4.0,Yes,20.0,2,9.0,3.0,2,1.0,0.0,0.0,0.0,No,4
E100493,40.0,Male,Marketing,Married,Sales,Sales Executive,Travel_Rarely,4.0,4,3,67.0,2,3,4,7.0,No,11.0,1,15.0,2.0,2,12.0,11.0,2.0,11.0,No,3
E100494,34.0,Female,Marketing,Married,Sales,Sales Representative,Travel_Frequently,2.0,4,3,75.0,3,1,3,6.0,No,18.0,4,6.0,3.0,3,4.0,3.0,1.0,2.0,No,3
E100496,27.0,Male,Medical,Divorced,Development,Developer,Non-Travel,9.0,3,4,57.0,3,1,2,6.0,No,18.0,4,6.0,1.0,1,2.0,2.0,2.0,2.0,No,3
E100499,28.0,Male,Medical,Married,Development,Developer,Travel_Rarely,21.0,3,3,42.0,3,1,4,1.0,No,11.0,3,5.0,2.0,1,5.0,2.0,0.0,2.0,No,3
E100501,57.0,Male,Life Sciences,Divorced,Development,Developer,Travel_Rarely,24.0,2,3,83.0,4,3,4,3.0,Yes,16.0,2,12.0,2.0,1,5.0,3.0,1.0,4.0,No,3
E100502,27.0,Male,Medical,Divorced,Development,Technical Lead,Non-Travel,3.0,3,3,79.0,2,1,3,1.0,Yes,15.0,4,1.0,2.0,2,1.0,1.0,0.0,1.0,No,3
E100504,50.0,Female,Life Sciences,Single,Development,Technical Lead,Travel_Rarely,11.0,3,3,53.0,3,5,2,3.0,No,15.0,2,21.0,5.0,3,5.0,4.0,4.0,4.0,No,3
E100505,41.0,Male,Life Sciences,Divorced,Development,Developer,Travel_Rarely,14.0,3,1,56.0,3,1,3,4.0,No,12.0,1,13.0,2.0,3,9.0,8.0,1.0,8.0,No,3
E100506,30.0,Female,Life Sciences,Married,Sales,Sales Executive,Travel_Rarely,5.0,3,2,41.0,3,3,4,2.0,No,12.0,3,12.0,2.0,3,10.0,9.0,7.0,4.0,No,2
E100508,38.0,Female,Life Sciences,Single,Sales,Sales Executive,Travel_Rarely,1.0,4,1,59.0,2,2,4,4.0,No,22.0,3,12.0,2.0,4,8.0,3.0,0.0,7.0,No,4
E100509,32.0,Male,Life Sciences,Single,Development,Developer,Travel_Rarely,6.0,5,3,43.0,3,1,3,3.0,No,20.0,1,8.0,2.0,3,5.0,4.0,1.0,4.0,No,4
E100511,27.0,Male,Technical Degree,Married,Development,Technical Lead,Travel_Rarely,17.0,3,3,51.0,3,1,2,0.0,Yes,16.0,4,6.0,3.0,2,5.0,2.0,1.0,1.0,No,3
E100513,19.0,Female,Technical Degree,Single,Sales,Sales Representative,Travel_Frequently,1.0,1,3,100.0,1,1,1,0.0,No,21.0,1,1.0,5.0,4,0.0,0.0,0.0,0.0,Yes,4
E100516,36.0,Male,Medical,Single,Development,Technical Lead,Travel_Frequently,3.0,2,4,30.0,3,1,2,4.0,No,12.0,3,13.0,3.0,2,8.0,7.0,7.0,2.0,No,3
E100517,30.0,Male,Medical,Divorced,Development,Developer,Non-Travel,9.0,3,3,66.0,3,2,1,1.0,No,11.0,3,12.0,4.0,3,12.0,9.0,6.0,10.0,No,3
E100518,45.0,Female,Life Sciences,Divorced,Sales,Sales Executive,Travel_Rarely,4.0,2,3,30.0,3,2,1,4.0,Yes,11.0,1,9.0,3.0,4,5.0,4.0,0.0,3.0,No,3
E100519,56.0,Female,Life Sciences,Divorced,Development,Developer,Travel_Rarely,8.0,3,3,67.0,3,1,1,4.0,Yes,18.0,3,19.0,3.0,3,2.0,2.0,2.0,2.0,No,3
E100520,33.0,Male,Life Sciences,Single,Development,Developer,Travel_Rarely,2.0,3,3,90.0,3,1,4,0.0,No,14.0,1,4.0,2.0,4,3.0,1.0,0.0,2.0,No,3
E100521,19.0,Male,Life Sciences,Single,Development,Developer,Travel_Rarely,2.0,3,2,47.0,2,1,4,1.0,No,22.0,3,1.0,3.0,2,1.0,0.0,1.0,0.0,Yes,4
E100522,46.0,Female,Marketing,Divorced,Sales,Sales Executive,Travel_Rarely,1.0,2,2,92.0,3,3,1,1.0,No,25.0,3,24.0,2.0,3,24.0,13.0,15.0,7.0,No,2
E100523,38.0,Female,Life Sciences,Single,Development,Technical Lead,Travel_Rarely,9.0,2,3,75.0,3,1,4,1.0,No,12.0,3,2.0,3.0,3,2.0,2.0,2.0,1.0,No,3
E100525,34.0,Female,Medical,Single,Development,Developer,Travel_Rarely,27.0,2,4,95.0,3,1,2,2.0,No,15.0,4,9.0,3.0,3,3.0,2.0,1.0,2.0,No,3
E100526,41.0,Female,Marketing,Single,Sales,Sales Representative,Travel_Rarely,20.0,2,2,70.0,3,1,2,1.0,Yes,22.0,4,4.0,5.0,2,4.0,3.0,0.0,2.0,Yes,3
E100527,50.0,Male,Medical,Married,Development,Developer,Travel_Rarely,1.0,3,3,86.0,2,1,3,2.0,No,15.0,4,5.0,2.0,2,3.0,2.0,0.0,2.0,No,3
E100528,53.0,Female,Medical,Divorced,Development,Technical Lead,Travel_Rarely,13.0,2,4,57.0,4,2,1,1.0,No,11.0,3,5.0,3.0,3,4.0,2.0,1.0,3.0,No,3
E100530,33.0,Female,Medical,Married,Development,Developer,Travel_Rarely,14.0,3,4,72.0,3,1,2,1.0,No,13.0,4,8.0,5.0,3,8.0,7.0,1.0,6.0,No,3
E100531,40.0,Female,Medical,Married,Development,Developer,Travel_Rarely,4.0,1,4,46.0,3,5,3,1.0,No,14.0,2,21.0,2.0,3,20.0,8.0,9.0,9.0,No,3
E100534,34.0,Male,Life Sciences,Married,Development,Technical Lead,Travel_Frequently,2.0,1,4,45.0,2,2,3,1.0,No,17.0,3,10.0,2.0,2,10.0,9.0,1.0,9.0,No,3
E100536,51.0,Female,Medical,Single,Development,Developer,Travel_Rarely,3.0,3,4,98.0,3,4,2,3.0,No,18.0,3,21.0,6.0,3,7.0,7.0,1.0,0.0,No,3
E100537,52.0,Male,Life Sciences,Married,Development,Developer,Travel_Rarely,1.0,4,3,65.0,2,5,3,0.0,No,14.0,1,34.0,5.0,3,33.0,18.0,11.0,9.0,No,3
E100538,27.0,Female,Medical,Single,Development,Developer,Travel_Rarely,9.0,3,4,99.0,3,1,2,1.0,No,16.0,4,7.0,2.0,2,7.0,7.0,0.0,3.0,No,3
E100539,35.0,Male,Life Sciences,Married,Development,Developer,Travel_Rarely,23.0,2,2,50.0,2,2,3,3.0,Yes,13.0,1,8.0,1.0,3,1.0,0.0,0.0,1.0,Yes,3
E100540,43.0,Male,Medical,Divorced,Development,Technical Lead,Non-Travel,7.0,3,4,37.0,4,1,4,4.0,No,14.0,4,7.0,3.0,4,5.0,4.0,2.0,2.0,No,3
E100542,45.0,Male,Medical,Married,Development,Technical Lead,Non-Travel,2.0,2,1,65.0,2,4,4,9.0,No,23.0,4,22.0,1.0,3,20.0,8.0,11.0,8.0,No,3
E100545,37.0,Male,Life Sciences,Married,Development,Developer,Travel_Rarely,21.0,3,2,65.0,4,1,1,1.0,Yes,12.0,1,8.0,3.0,2,8.0,7.0,1.0,7.0,No,3
E100547,35.0,Female,Medical,Single,Development,Developer,Travel_Frequently,2.0,3,2,37.0,3,2,2,5.0,No,11.0,4,10.0,5.0,3,6.0,2.0,1.0,2.0,No,3
E100548,42.0,Female,Medical,Divorced,Development,Developer,Non-Travel,21.0,2,3,36.0,3,2,3,2.0,No,16.0,2,11.0,5.0,3,5.0,3.0,0.0,2.0,No,3
E100549,38.0,Male,Life Sciences,Married,Development,Technical Lead,Travel_Rarely,2.0,4,4,88.0,3,2,3,9.0,No,14.0,2,14.0,3.0,3,1.0,0.0,0.0,0.0,No,3
E100551,38.0,Male,Technical Degree,Married,Development,Technical Lead,Travel_Rarely,29.0,3,4,54.0,3,2,4,3.0,No,18.0,1,9.0,3.0,1,7.0,7.0,1.0,7.0,No,3
E100552,27.0,Male,Technical Degree,Married,Development,Developer,Travel_Frequently,1.0,1,3,60.0,2,2,1,5.0,No,19.0,3,6.0,1.0,3,2.0,2.0,2.0,0.0,No,3
E100553,49.0,Male,Life Sciences,Divorced,Development,Technical Lead,Non-Travel,18.0,4,4,92.0,3,2,4,1.0,Yes,15.0,1,7.0,0.0,3,7.0,7.0,1.0,7.0,No,3
E100555,34.0,Male,Medical,Divorced,Development,Developer,Travel_Frequently,10.0,4,4,43.0,3,1,3,1.0,Yes,17.0,4,5.0,4.0,4,5.0,3.0,2.0,0.0,No,3
E100559,40.0,Male,Medical,Married,Development,Developer,Travel_Rarely,19.0,2,3,99.0,3,2,4,8.0,Yes,15.0,3,15.0,2.0,4,7.0,2.0,3.0,7.0,No,3
E100560,38.0,Male,Medical,Married,Development,Technical Lead,Travel_Rarely,29.0,1,2,70.0,3,2,1,7.0,Yes,19.0,2,17.0,2.0,3,1.0,0.0,0.0,0.0,Yes,3
E100561,29.0,Female,Marketing,Married,Sales,Sales Executive,Travel_Rarely,27.0,3,2,35.0,3,3,4,1.0,No,22.0,4,10.0,3.0,2,10.0,4.0,1.0,9.0,Yes,2
E100562,22.0,Male,Life Sciences,Divorced,Development,Technical Lead,Travel_Rarely,5.0,3,4,60.0,4,1,2,1.0,Yes,16.0,1,4.0,2.0,2,4.0,2.0,2.0,2.0,No,3
E100564,36.0,Female,Medical,Single,Development,Developer,Travel_Frequently,18.0,1,2,73.0,3,1,4,1.0,No,13.0,1,8.0,2.0,3,8.0,1.0,1.0,7.0,No,3
E100565,40.0,Male,Life Sciences,Married,Development,Technical Lead,Non-Travel,9.0,5,4,63.0,2,2,4,9.0,No,14.0,4,5.0,5.0,1,3.0,2.0,0.0,2.0,No,3
E100569,32.0,Male,Medical,Married,Sales,Sales Executive,Travel_Rarely,4.0,4,4,32.0,1,3,4,1.0,No,11.0,3,14.0,2.0,2,14.0,8.0,9.0,8.0,Yes,3
E100571,27.0,Female,Life Sciences,Single,Sales,Sales Executive,Travel_Frequently,20.0,3,4,90.0,3,2,3,1.0,No,14.0,4,7.0,2.0,3,7.0,7.0,0.0,7.0,No,3
E100574,51.0,Male,Life Sciences,Married,Data Science,Data Scientist,Travel_Rarely,8.0,4,2,81.0,2,3,2,5.0,No,16.0,4,16.0,5.0,1,10.0,9.0,4.0,7.0,No,3
E100576,41.0,Female,Life Sciences,Single,Sales,Manager,Travel_Rarely,6.0,3,4,75.0,3,3,4,3.0,Yes,18.0,3,16.0,3.0,3,1.0,0.0,0.0,0.0,No,3
E100577,30.0,Female,Marketing,Single,Sales,Sales Executive,Travel_Frequently,26.0,4,3,52.0,2,2,1,5.0,No,15.0,3,9.0,5.0,2,6.0,3.0,0.0,1.0,Yes,3
E100578,29.0,Male,Technical Degree,Single,Development,Developer,Travel_Rarely,1.0,3,3,85.0,3,1,3,0.0,No,14.0,4,7.0,1.0,2,6.0,2.0,1.0,5.0,Yes,3
E100580,45.0,Female,Medical,Single,Sales,Sales Executive,Non-Travel,6.0,3,4,57.0,2,3,4,6.0,No,12.0,4,23.0,2.0,3,19.0,7.0,12.0,8.0,No,3
E100581,54.0,Female,Marketing,Married,Sales,Sales Executive,Travel_Rarely,3.0,3,4,52.0,3,2,1,2.0,No,14.0,4,16.0,4.0,3,6.0,2.0,0.0,5.0,No,3
E100582,36.0,Male,Life Sciences,Single,Development,Technical Lead,Travel_Rarely,5.0,2,4,62.0,3,2,2,8.0,No,16.0,4,16.0,3.0,4,13.0,11.0,3.0,7.0,No,3
E100584,37.0,Male,Other,Divorced,Development,Developer,Travel_Frequently,11.0,3,2,47.0,3,3,4,1.0,Yes,14.0,3,10.0,1.0,3,10.0,8.0,0.0,7.0,No,3
E100586,31.0,Male,Medical,Married,Development,Developer,Non-Travel,1.0,4,3,90.0,1,2,3,0.0,No,12.0,4,6.0,2.0,3,5.0,4.0,1.0,4.0,No,3
E100589,37.0,Male,Marketing,Divorced,Sales,Sales Representative,Travel_Frequently,4.0,4,1,41.0,3,1,4,4.0,No,17.0,3,13.0,2.0,3,9.0,8.0,5.0,8.0,No,2
E100590,29.0,Female,Medical,Married,Sales,Sales Executive,Travel_Frequently,1.0,1,2,42.0,3,3,4,1.0,No,14.0,4,11.0,5.0,3,11.0,10.0,4.0,1.0,No,2
E100592,35.0,Female,Marketing,Single,Sales,Sales Executive,Travel_Frequently,1.0,3,3,92.0,3,3,3,1.0,No,14.0,1,10.0,3.0,4,10.0,7.0,0.0,8.0,No,4
E100593,29.0,Male,Medical,Single,Development,Developer,Travel_Rarely,18.0,1,3,86.0,2,1,4,1.0,Yes,13.0,3,4.0,3.0,2,4.0,3.0,0.0,1.0,Yes,3
E100594,52.0,Female,Life Sciences,Single,Development,Technical Lead,Travel_Rarely,2.0,3,3,89.0,2,1,4,7.0,No,15.0,2,6.0,3.0,2,2.0,2.0,2.0,2.0,No,3
E100597,42.0,Male,Technical Degree,Married,Development,Developer,Travel_Rarely,4.0,2,3,58.0,3,5,4,1.0,No,11.0,4,22.0,3.0,3,22.0,17.0,11.0,15.0,No,3
E100599,59.0,Male,Medical,Married,Human Resources,Human Resources,Travel_Rarely,6.0,2,2,52.0,3,1,3,8.0,No,17.0,4,7.0,2.0,2,2.0,2.0,2.0,2.0,No,2
E100601,50.0,Female,Medical,Divorced,Sales,Manager,Travel_Rarely,1.0,4,4,68.0,3,5,4,3.0,No,11.0,3,32.0,3.0,2,7.0,0.0,0.0,6.0,No,3
E100603,33.0,Male,Medical,Married,Development,Developer,Travel_Rarely,14.0,3,3,58.0,3,1,4,5.0,Yes,13.0,3,8.0,2.0,1,5.0,4.0,0.0,4.0,Yes,3
E100605,43.0,Female,Marketing,Married,Sales,Manager,Travel_Rarely,16.0,3,4,80.0,3,4,4,5.0,Yes,22.0,3,22.0,3.0,3,17.0,13.0,1.0,9.0,No,4
E100606,33.0,Female,Life Sciences,Married,Development,Developer,Travel_Rarely,2.0,2,1,39.0,3,1,1,7.0,No,20.0,1,13.0,3.0,4,9.0,7.0,1.0,7.0,Yes,3
E100607,52.0,Male,Life Sciences,Single,Sales,Manager,Non-Travel,2.0,4,1,79.0,2,5,3,1.0,Yes,18.0,4,33.0,2.0,4,33.0,7.0,15.0,12.0,No,2
E100609,32.0,Male,Life Sciences,Single,Development,Developer,Travel_Rarely,1.0,3,4,62.0,2,1,3,0.0,Yes,14.0,4,4.0,2.0,1,3.0,2.0,1.0,2.0,Yes,3
E100610,39.0,Female,Medical,Divorced,Data Science,Data Scientist,Travel_Rarely,1.0,4,3,96.0,3,1,3,7.0,No,14.0,3,7.0,1.0,3,3.0,2.0,1.0,2.0,No,3
E100611,32.0,Male,Marketing,Married,Sales,Sales Executive,Non-Travel,26.0,4,3,100.0,3,2,4,0.0,No,18.0,1,4.0,2.0,3,3.0,2.0,2.0,2.0,No,3
E100612,41.0,Male,Life Sciences,Divorced,Data Science,Data Scientist,Travel_Rarely,19.0,2,3,36.0,3,2,1,2.0,No,16.0,1,17.0,2.0,2,1.0,0.0,0.0,0.0,No,3
E100615,31.0,Male,Medical,Divorced,Development,Technical Lead,Travel_Frequently,3.0,4,2,73.0,3,3,3,9.0,No,12.0,1,9.0,3.0,3,2.0,2.0,2.0,2.0,No,2
E100616,33.0,Female,Life Sciences,Married,Development,Developer,Travel_Rarely,5.0,4,3,63.0,2,1,4,1.0,No,13.0,3,2.0,2.0,2,2.0,2.0,0.0,2.0,No,3
E100617,34.0,Male,Life Sciences,Married,Development,Developer,Travel_Rarely,2.0,4,4,84.0,2,2,1,6.0,No,13.0,2,13.0,3.0,3,11.0,9.0,5.0,9.0,No,3
E100618,37.0,Female,Medical,Married,Development,Technical Lead,Travel_Rarely,1.0,2,3,83.0,2,1,1,2.0,No,14.0,1,17.0,2.0,2,3.0,1.0,0.0,2.0,No,3
E100619,45.0,Male,Life Sciences,Married,Development,Technical Lead,Travel_Frequently,7.0,4,1,77.0,4,2,3,4.0,No,17.0,4,9.0,1.0,3,3.0,2.0,0.0,2.0,No,4
E100620,37.0,Male,Medical,Divorced,Development,Developer,Travel_Frequently,10.0,3,1,61.0,3,3,3,6.0,No,11.0,2,17.0,5.0,3,1.0,0.0,0.0,0.0,Yes,3
E100621,39.0,Female,Technical Degree,Single,Development,Developer,Travel_Frequently,2.0,4,3,64.0,3,3,3,0.0,No,25.0,4,20.0,1.0,3,19.0,6.0,11.0,8.0,No,4
E100625,42.0,Female,Life Sciences,Single,Development,Developer,Travel_Rarely,17.0,2,4,82.0,4,2,1,3.0,Yes,13.0,3,10.0,1.0,3,3.0,2.0,0.0,2.0,No,3
E100627,29.0,Male,Marketing,Divorced,Sales,Sales Executive,Travel_Rarely,20.0,2,4,45.0,3,2,4,2.0,No,14.0,4,10.0,2.0,3,3.0,2.0,0.0,2.0,No,3
E100628,25.0,Female,Life Sciences,Married,Development,Developer,Travel_Rarely,1.0,3,1,62.0,3,2,3,0.0,No,12.0,4,5.0,3.0,3,4.0,2.0,1.0,2.0,No,3
E100629,42.0,Female,Medical,Divorced,Development,Developer,Travel_Rarely,2.0,3,4,56.0,2,1,1,0.0,Yes,11.0,3,10.0,4.0,3,9.0,6.0,7.0,8.0,No,3
E100630,40.0,Male,Medical,Divorced,Data Science,Data Scientist,Travel_Rarely,2.0,2,1,49.0,3,5,3,0.0,No,19.0,4,22.0,5.0,3,21.0,7.0,3.0,9.0,No,2
E100631,51.0,Male,Life Sciences,Married,Development,Developer,Travel_Rarely,1.0,3,3,96.0,3,1,4,1.0,No,11.0,2,1.0,0.0,2,1.0,0.0,0.0,0.0,No,3
E100637,32.0,Male,Life Sciences,Married,Development,Technical Lead,Travel_Frequently,7.0,3,2,100.0,4,1,2,1.0,No,20.0,3,5.0,3.0,1,5.0,1.0,0.0,3.0,No,3
E100639,38.0,Male,Life Sciences,Married,Sales,Sales Executive,Non-Travel,2.0,2,4,39.0,2,2,4,3.0,No,18.0,4,13.0,0.0,3,8.0,7.0,7.0,5.0,No,3
E100640,32.0,Male,Technical Degree,Single,Development,Developer,Travel_Rarely,2.0,1,4,84.0,2,2,1,4.0,No,13.0,4,9.0,5.0,3,6.0,2.0,0.0,4.0,No,3
E100641,46.0,Female,Technical Degree,Married,Sales,Manager,Travel_Rarely,2.0,3,3,75.0,1,4,2,3.0,Yes,12.0,2,28.0,2.0,2,7.0,7.0,7.0,7.0,No,3
E100642,28.0,Male,Life Sciences,Single,Development,Developer,Travel_Rarely,2.0,4,1,79.0,3,1,3,2.0,No,11.0,3,5.0,5.0,1,0.0,0.0,0.0,0.0,Yes,3
E100644,29.0,Male,Medical,Married,Sales,Sales Executive,Travel_Rarely,2.0,3,1,78.0,2,2,2,2.0,No,19.0,2,10.0,2.0,3,0.0,0.0,0.0,0.0,No,3
E100645,31.0,Male,Medical,Married,Data Science,Data Scientist,Travel_Rarely,23.0,3,2,64.0,2,2,4,0.0,No,21.0,2,10.0,2.0,3,9.0,0.0,7.0,8.0,No,4
E100647,25.0,Male,Life Sciences,Divorced,Development,Developer,Non-Travel,5.0,2,2,85.0,4,2,1,1.0,No,12.0,4,6.0,2.0,3,6.0,3.0,1.0,5.0,No,3
E100650,45.0,Male,Medical,Married,Development,Technical Lead,Travel_Rarely,20.0,2,3,79.0,3,4,4,0.0,Yes,14.0,2,21.0,2.0,3,20.0,7.0,4.0,10.0,No,3
E100652,55.0,Male,Medical,Single,Development,Developer,Travel_Rarely,1.0,3,4,81.0,3,5,1,0.0,Yes,14.0,3,37.0,2.0,3,36.0,10.0,4.0,13.0,No,3
E100655,28.0,Male,Medical,Married,Development,Technical Lead,Travel_Rarely,9.0,3,4,94.0,3,1,4,1.0,No,23.0,4,5.0,3.0,2,5.0,2.0,0.0,4.0,No,4
E100656,37.0,Male,Medical,Married,Sales,Sales Executive,Travel_Rarely,6.0,4,3,98.0,3,2,4,4.0,No,14.0,2,7.0,5.0,4,5.0,4.0,0.0,1.0,No,4
E100657,21.0,Male,Medical,Single,Development,Developer,Travel_Rarely,3.0,2,4,100.0,2,1,3,1.0,No,17.0,1,3.0,4.0,4,3.0,2.0,1.0,0.0,No,4
E100658,37.0,Female,Medical,Divorced,Development,Developer,Non-Travel,1.0,4,1,80.0,3,3,4,2.0,Yes,18.0,1,15.0,2.0,3,5.0,2.0,0.0,2.0,No,3
E100659,35.0,Female,Life Sciences,Divorced,Development,Technical Lead,Travel_Rarely,22.0,3,2,71.0,4,3,2,7.0,No,18.0,2,10.0,6.0,2,7.0,7.0,6.0,2.0,No,3
E100660,38.0,Female,Medical,Divorced,Sales,Sales Executive,Travel_Rarely,7.0,2,1,44.0,4,2,1,1.0,Yes,24.0,3,8.0,3.0,3,8.0,0.0,7.0,7.0,No,4
E100662,26.0,Female,Life Sciences,Divorced,Data Science,Data Scientist,Travel_Frequently,1.0,3,3,84.0,3,2,2,1.0,No,20.0,1,6.0,6.0,1,6.0,5.0,1.0,4.0,No,3
E100663,50.0,Male,Life Sciences,Divorced,Development,Developer,Travel_Rarely,4.0,1,1,96.0,3,5,2,3.0,No,14.0,1,28.0,4.0,2,10.0,4.0,1.0,6.0,No,2
E100664,53.0,Male,Medical,Married,Development,Technical Lead,Travel_Rarely,3.0,4,3,45.0,3,4,3,3.0,Yes,16.0,4,21.0,5.0,2,5.0,3.0,1.0,3.0,No,3
E100665,42.0,Male,Life Sciences,Married,Sales,Sales Executive,Travel_Rarely,1.0,1,2,99.0,3,2,3,1.0,No,25.0,3,20.0,3.0,3,20.0,16.0,11.0,6.0,No,2
E100668,26.0,Male,Medical,Married,Development,Developer,Travel_Frequently,11.0,2,1,60.0,3,2,1,1.0,Yes,13.0,3,5.0,3.0,3,5.0,3.0,3.0,3.0,No,3
E100669,37.0,Female,Life Sciences,Single,Development,Technical Lead,Travel_Rarely,1.0,3,4,42.0,3,1,4,1.0,No,12.0,2,17.0,3.0,3,17.0,12.0,5.0,7.0,No,3
E100670,44.0,Male,Life Sciences,Divorced,Development,Developer,Travel_Frequently,24.0,3,4,43.0,3,1,3,3.0,Yes,22.0,4,19.0,0.0,1,1.0,0.0,0.0,0.0,Yes,3
E100671,38.0,Male,Life Sciences,Divorced,Development,Developer,Travel_Rarely,23.0,4,4,82.0,3,2,4,9.0,No,14.0,2,10.0,2.0,3,2.0,2.0,1.0,2.0,No,3
E100672,26.0,Male,Medical,Divorced,Data Science,Data Scientist,Travel_Rarely,16.0,4,1,45.0,3,1,2,2.0,Yes,13.0,4,5.0,2.0,3,3.0,2.0,0.0,2.0,Yes,3
E100673,28.0,Female,Life Sciences,Single,Development,Technical Lead,Travel_Rarely,8.0,2,4,66.0,3,1,4,1.0,No,21.0,4,5.0,3.0,3,5.0,3.0,0.0,2.0,No,4
E100674,49.0,Female,Life Sciences,Single,Development,Developer,Travel_Frequently,10.0,4,3,35.0,3,5,1,9.0,Yes,11.0,4,22.0,4.0,3,3.0,2.0,1.0,2.0,No,3
E100677,31.0,Female,Marketing,Divorced,Sales,Sales Representative,Travel_Frequently,5.0,3,4,84.0,3,1,2,1.0,No,11.0,3,2.0,5.0,2,2.0,2.0,2.0,2.0,No,3
E100679,26.0,Male,Marketing,Single,Sales,Sales Executive,Travel_Rarely,4.0,4,4,48.0,2,2,4,1.0,Yes,12.0,2,8.0,0.0,3,8.0,7.0,7.0,4.0,Yes,3
E100681,37.0,Male,Medical,Married,Development,Developer,Travel_Frequently,9.0,3,2,53.0,3,1,4,1.0,Yes,12.0,3,4.0,3.0,2,4.0,2.0,1.0,2.0,No,2
E100682,42.0,Female,Marketing,Married,Sales,Sales Executive,Travel_Frequently,26.0,3,3,77.0,3,4,2,5.0,No,14.0,4,23.0,2.0,4,20.0,4.0,4.0,8.0,No,3
E100683,18.0,Male,Life Sciences,Single,Development,Developer,Travel_Rarely,3.0,3,3,54.0,3,1,3,1.0,No,13.0,3,0.0,2.0,3,0.0,0.0,0.0,0.0,Yes,3
E100684,35.0,Male,Marketing,Married,Sales,Sales Executive,Travel_Rarely,16.0,3,3,96.0,3,3,2,0.0,No,15.0,3,12.0,3.0,2,11.0,9.0,6.0,9.0,No,3
E100685,36.0,Male,Life Sciences,Married,Development,Developer,Travel_Frequently,18.0,4,3,81.0,4,1,4,4.0,No,18.0,4,4.0,2.0,3,1.0,0.0,0.0,0.0,No,3
E100686,51.0,Male,Medical,Divorced,Development,Technical Lead,Travel_Rarely,2.0,3,4,84.0,1,2,2,5.0,No,18.0,4,13.0,3.0,3,4.0,1.0,1.0,2.0,No,3
E100688,41.0,Male,Life Sciences,Single,Sales,Manager,Travel_Rarely,2.0,4,4,88.0,3,4,2,1.0,No,19.0,2,22.0,2.0,3,22.0,10.0,0.0,4.0,No,3
E100689,18.0,Female,Medical,Single,Sales,Sales Representative,Travel_Rarely,10.0,3,4,69.0,2,1,3,1.0,No,12.0,1,0.0,2.0,3,0.0,0.0,0.0,0.0,No,3
E100690,28.0,Male,Medical,Single,Data Science,Data Scientist,Travel_Rarely,16.0,2,2,68.0,4,2,1,0.0,No,19.0,3,9.0,2.0,3,8.0,3.0,0.0,7.0,No,3
E100695,39.0,Male,Medical,Divorced,Development,Technical Lead,Travel_Rarely,1.0,3,3,48.0,4,3,4,0.0,No,17.0,1,19.0,5.0,2,18.0,10.0,3.0,7.0,No,3
E100697,36.0,Female,Life Sciences,Married,Development,Technical Lead,Non-Travel,24.0,4,2,47.0,3,2,2,7.0,No,15.0,3,11.0,3.0,3,9.0,8.0,0.0,8.0,No,3
E100698,32.0,Male,Life Sciences,Married,Sales,Sales Executive,Travel_Rarely,7.0,3,4,91.0,2,2,3,1.0,No,14.0,3,13.0,3.0,2,13.0,8.0,4.0,8.0,No,3
E100699,38.0,Female,Life Sciences,Married,Development,Developer,Travel_Rarely,25.0,2,1,81.0,2,3,2,3.0,No,17.0,3,19.0,2.0,3,10.0,8.0,0.0,1.0,No,3
E100701,31.0,Male,Technical Degree,Married,Development,Developer,Travel_Rarely,5.0,4,3,86.0,3,1,4,0.0,Yes,12.0,3,6.0,4.0,3,5.0,2.0,0.0,3.0,No,3
E100702,31.0,Male,Human Resources,Married,Human Resources,Human Resources,Travel_Rarely,2.0,3,1,62.0,2,2,1,3.0,No,12.0,4,9.0,1.0,3,2.0,2.0,1.0,0.0,No,2
E100703,45.0,Male,Life Sciences,Divorced,Development,Technical Lead,Travel_Frequently,7.0,3,1,97.0,3,3,1,1.0,No,18.0,1,24.0,2.0,3,24.0,9.0,9.0,11.0,No,3
E100704,31.0,Male,Life Sciences,Divorced,Development,Developer,Travel_Rarely,2.0,4,3,32.0,3,1,4,0.0,Yes,18.0,2,3.0,2.0,1,2.0,2.0,2.0,2.0,No,3
E100706,33.0,Female,Life Sciences,Married,Development,Developer,Travel_Frequently,5.0,4,4,74.0,3,3,2,6.0,No,11.0,2,12.0,2.0,3,10.0,6.0,8.0,8.0,No,3
E100707,39.0,Male,Medical,Married,Development,Developer,Travel_Rarely,10.0,1,3,99.0,3,4,1,1.0,Yes,14.0,4,21.0,3.0,3,21.0,9.0,11.0,10.0,No,3
E100708,43.0,Female,Life Sciences,Single,Development,Developer,Travel_Frequently,10.0,4,3,33.0,3,1,4,0.0,No,19.0,1,9.0,5.0,3,8.0,7.0,1.0,7.0,No,3
E100709,49.0,Female,Technical Degree,Single,Development,Technical Lead,Travel_Rarely,1.0,2,3,90.0,2,4,3,7.0,Yes,12.0,4,25.0,2.0,3,7.0,1.0,0.0,7.0,No,3
E100712,27.0,Female,Life Sciences,Single,Development,Technical Lead,Travel_Rarely,5.0,3,3,85.0,3,1,2,1.0,Yes,12.0,2,4.0,2.0,2,4.0,3.0,1.0,2.0,No,3
E100714,32.0,Female,Technical Degree,Married,Sales,Sales Executive,Travel_Rarely,8.0,2,3,65.0,2,2,2,1.0,Yes,11.0,4,13.0,2.0,3,13.0,12.0,11.0,9.0,No,3
E100715,27.0,Male,Life Sciences,Single,Sales,Sales Executive,Travel_Rarely,2.0,3,4,74.0,3,2,3,1.0,Yes,11.0,1,5.0,3.0,3,5.0,4.0,0.0,4.0,No,3
E100716,31.0,Male,Marketing,Divorced,Sales,Sales Executive,Travel_Rarely,7.0,3,4,73.0,3,2,4,4.0,No,12.0,4,13.0,3.0,3,7.0,7.0,1.0,7.0,No,3
E100717,32.0,Female,Medical,Single,Development,Technical Lead,Travel_Rarely,2.0,4,1,74.0,4,2,4,7.0,No,16.0,3,10.0,0.0,2,7.0,7.0,0.0,7.0,No,3
E100719,30.0,Female,Medical,Married,Development,Delivery Manager,Travel_Rarely,28.0,2,4,64.0,3,2,4,1.0,No,13.0,4,11.0,2.0,3,10.0,8.0,1.0,9.0,No,3
E100722,39.0,Male,Medical,Married,Development,Developer,Travel_Frequently,7.0,2,3,54.0,2,5,4,1.0,No,15.0,1,21.0,2.0,3,21.0,9.0,13.0,3.0,No,3
E100723,39.0,Female,Medical,Married,Sales,Sales Executive,Travel_Rarely,3.0,2,4,41.0,3,2,3,4.0,Yes,18.0,1,12.0,3.0,2,1.0,0.0,0.0,0.0,Yes,3
E100724,33.0,Male,Marketing,Single,Sales,Sales Executive,Travel_Frequently,10.0,3,2,46.0,2,2,4,3.0,No,14.0,3,9.0,6.0,2,7.0,7.0,0.0,1.0,No,4
E100725,47.0,Male,Life Sciences,Married,Data Science,Data Scientist,Travel_Rarely,5.0,5,4,42.0,3,5,3,4.0,No,11.0,2,21.0,2.0,3,3.0,2.0,1.0,1.0,No,3
E100727,27.0,Male,Marketing,Married,Sales,Sales Executive,Non-Travel,1.0,1,3,73.0,3,2,2,0.0,Yes,13.0,4,6.0,0.0,3,5.0,4.0,1.0,4.0,No,3
E100729,43.0,Female,Life Sciences,Married,Development,Delivery Manager,Travel_Rarely,7.0,3,3,43.0,3,3,1,8.0,No,16.0,1,10.0,1.0,2,1.0,0.0,0.0,0.0,No,3
E100730,45.0,Male,Other,Married,Development,Developer,Travel_Rarely,8.0,4,4,75.0,3,2,4,9.0,No,14.0,1,12.0,3.0,3,10.0,9.0,9.0,8.0,No,3
E100731,40.0,Male,Medical,Married,Sales,Sales Executive,Travel_Rarely,1.0,2,2,57.0,1,2,4,2.0,Yes,22.0,3,6.0,2.0,2,4.0,3.0,0.0,2.0,No,3
E100732,29.0,Male,Other,Married,Development,Developer,Travel_Rarely,8.0,4,2,77.0,1,1,1,1.0,Yes,11.0,4,7.0,4.0,2,7.0,7.0,0.0,7.0,Yes,3
E100734,30.0,Female,Marketing,Divorced,Sales,Sales Executive,Travel_Rarely,5.0,3,4,30.0,2,2,3,1.0,No,13.0,3,10.0,2.0,3,10.0,9.0,1.0,2.0,No,3
E100736,27.0,Female,Marketing,Married,Sales,Sales Executive,Travel_Rarely,8.0,4,2,56.0,3,2,2,1.0,No,18.0,1,8.0,3.0,3,8.0,7.0,0.0,7.0,No,3
E100738,37.0,Male,Medical,Divorced,Development,Delivery Manager,Travel_Rarely,5.0,2,4,61.0,3,2,4,7.0,No,16.0,3,8.0,2.0,2,6.0,2.0,0.0,4.0,No,3
E100739,38.0,Male,Life Sciences,Divorced,Development,Developer,Travel_Rarely,15.0,2,3,92.0,2,3,4,0.0,Yes,14.0,2,12.0,3.0,3,11.0,10.0,2.0,9.0,No,3
E100740,31.0,Female,Medical,Single,Development,Delivery Manager,Travel_Rarely,7.0,4,3,39.0,3,3,4,1.0,Yes,14.0,3,11.0,2.0,2,11.0,9.0,4.0,10.0,No,3
E100741,29.0,Female,Marketing,Divorced,Sales,Sales Executive,Travel_Rarely,10.0,1,4,39.0,2,2,2,1.0,Yes,14.0,1,7.0,2.0,3,7.0,7.0,1.0,7.0,No,3
E100742,35.0,Male,Technical Degree,Single,Development,Delivery Manager,Travel_Rarely,5.0,4,3,62.0,3,3,2,0.0,No,13.0,4,17.0,5.0,3,16.0,6.0,0.0,13.0,No,3
E100744,41.0,Male,Medical,Single,Development,Developer,Travel_Rarely,6.0,3,4,95.0,2,2,2,6.0,Yes,15.0,4,8.0,3.0,3,5.0,4.0,1.0,2.0,No,3
E100745,47.0,Male,Medical,Single,Sales,Sales Representative,Travel_Frequently,4.0,1,2,99.0,3,2,3,3.0,No,19.0,1,5.0,3.0,3,0.0,0.0,0.0,0.0,No,3
E100746,42.0,Female,Life Sciences,Single,Development,Developer,Travel_Rarely,23.0,5,1,44.0,3,4,4,2.0,No,14.0,2,16.0,2.0,3,1.0,0.0,0.0,0.0,No,3
E100747,29.0,Male,Life Sciences,Married,Sales,Sales Executive,Non-Travel,2.0,3,4,61.0,3,2,3,1.0,No,14.0,1,4.0,3.0,2,4.0,3.0,0.0,2.0,No,3
E100748,42.0,Male,Technical Degree,Divorced,Human Resources,Human Resources,Travel_Rarely,2.0,1,3,52.0,3,1,3,0.0,Yes,11.0,3,4.0,5.0,3,3.0,2.0,1.0,0.0,No,3
E100752,37.0,Male,Medical,Divorced,Development,Delivery Manager,Travel_Rarely,6.0,3,3,51.0,4,2,1,4.0,Yes,13.0,1,13.0,2.0,3,7.0,7.0,6.0,7.0,No,3
E100754,26.0,Male,Life Sciences,Married,Sales,Sales Executive,Travel_Rarely,1.0,3,3,57.0,3,2,3,1.0,No,17.0,2,8.0,3.0,3,8.0,7.0,7.0,7.0,No,3
E100756,21.0,Female,Technical Degree,Single,Sales,Sales Representative,Travel_Frequently,1.0,1,1,99.0,2,1,2,1.0,Yes,11.0,3,3.0,3.0,3,3.0,2.0,1.0,2.0,Yes,2
E100757,36.0,Female,Medical,Single,Sales,Sales Executive,Non-Travel,1.0,5,4,45.0,3,2,4,4.0,No,15.0,2,7.0,6.0,3,1.0,0.0,0.0,0.0,No,3
E100759,36.0,Male,Medical,Married,Sales,Sales Executive,Travel_Frequently,3.0,4,1,48.0,2,3,4,4.0,No,11.0,1,16.0,2.0,3,13.0,9.0,1.0,12.0,No,2
E100760,57.0,Male,Medical,Married,Development,Developer,Travel_Rarely,1.0,4,4,88.0,3,2,3,2.0,No,11.0,3,15.0,2.0,3,3.0,2.0,1.0,2.0,No,3
E100761,40.0,Female,Life Sciences,Married,Development,Delivery Manager,Travel_Rarely,10.0,4,4,46.0,4,1,3,3.0,Yes,13.0,3,10.0,3.0,3,7.0,7.0,1.0,7.0,No,3
E100762,21.0,Male,Medical,Single,Sales,Sales Representative,Non-Travel,9.0,2,1,39.0,3,1,4,1.0,No,24.0,3,3.0,3.0,2,3.0,2.0,2.0,2.0,No,2
E100766,41.0,Male,Marketing,Single,Sales,Sales Executive,Travel_Frequently,4.0,3,1,56.0,3,2,2,1.0,No,18.0,3,8.0,5.0,3,8.0,7.0,7.0,7.0,Yes,2
E100770,40.0,Male,Marketing,Married,Sales,Sales Executive,Travel_Rarely,22.0,2,3,68.0,2,2,3,2.0,Yes,12.0,1,8.0,6.0,3,6.0,4.0,1.0,0.0,Yes,3
E100771,31.0,Male,Life Sciences,Single,Development,Developer,Travel_Rarely,9.0,4,3,42.0,2,1,2,0.0,Yes,16.0,4,3.0,5.0,3,2.0,2.0,2.0,2.0,No,3
E100772,21.0,Female,Life Sciences,Single,Sales,Sales Representative,Travel_Rarely,12.0,3,3,90.0,4,1,2,1.0,No,15.0,4,1.0,0.0,3,1.0,0.0,0.0,0.0,Yes,3
E100773,29.0,Male,Life Sciences,Single,Development,Delivery Manager,Travel_Rarely,23.0,3,4,54.0,3,1,4,9.0,No,16.0,4,6.0,4.0,3,3.0,2.0,1.0,2.0,No,3
E100774,35.0,Male,Life Sciences,Single,Development,Developer,Travel_Rarely,9.0,4,3,97.0,2,2,2,9.0,No,19.0,3,10.0,5.0,3,1.0,1.0,0.0,0.0,No,3
E100775,27.0,Male,Medical,Divorced,Data Science,Data Scientist,Travel_Rarely,1.0,2,4,82.0,3,1,2,1.0,No,11.0,2,5.0,2.0,3,5.0,2.0,0.0,4.0,No,3
E100776,28.0,Male,Life Sciences,Single,Sales,Sales Executive,Travel_Rarely,9.0,4,2,92.0,3,2,4,1.0,No,16.0,4,7.0,1.0,3,7.0,5.0,0.0,7.0,No,3
E100777,49.0,Male,Other,Single,Development,Delivery Manager,Travel_Rarely,7.0,3,2,31.0,2,3,3,8.0,No,24.0,3,26.0,2.0,3,5.0,2.0,0.0,0.0,No,3
E100778,51.0,Female,Life Sciences,Married,Sales,Sales Executive,Travel_Rarely,14.0,2,3,87.0,3,2,4,4.0,No,11.0,3,18.0,2.0,2,7.0,7.0,0.0,7.0,No,3
E100779,36.0,Female,Life Sciences,Married,Development,Developer,Travel_Rarely,2.0,3,4,96.0,3,1,3,4.0,No,13.0,2,6.0,3.0,3,2.0,2.0,2.0,2.0,No,3
E100780,34.0,Male,Marketing,Single,Sales,Sales Executive,Non-Travel,19.0,3,1,67.0,4,2,4,8.0,Yes,13.0,2,9.0,3.0,2,5.0,2.0,0.0,4.0,Yes,3
E100783,55.0,Female,Life Sciences,Single,Development,Delivery Manager,Travel_Rarely,2.0,3,3,97.0,3,4,4,2.0,Yes,13.0,3,30.0,2.0,3,5.0,4.0,1.0,2.0,No,3
E100786,30.0,Male,Technical Degree,Married,Sales,Sales Representative,Travel_Rarely,2.0,1,3,72.0,3,1,2,1.0,No,18.0,1,1.0,3.0,3,1.0,0.0,0.0,0.0,No,3
E100788,26.0,Male,Technical Degree,Single,Development,Developer,Travel_Frequently,3.0,1,3,73.0,3,1,1,0.0,No,22.0,3,7.0,2.0,3,6.0,4.0,0.0,4.0,Yes,4
E100789,22.0,Female,Medical,Married,Development,Developer,Travel_Rarely,11.0,3,1,43.0,3,1,2,1.0,No,13.0,4,2.0,1.0,3,2.0,1.0,1.0,2.0,No,3
E100791,36.0,Male,Medical,Married,Sales,Sales Executive,Travel_Rarely,2.0,2,2,61.0,2,3,3,1.0,No,13.0,2,10.0,2.0,3,10.0,9.0,9.0,0.0,No,2
E100792,30.0,Male,Technical Degree,Single,Development,Developer,Travel_Frequently,4.0,3,3,40.0,3,1,4,9.0,Yes,23.0,3,3.0,4.0,3,1.0,0.0,0.0,0.0,Yes,4
E100793,37.0,Female,Life Sciences,Divorced,Development,Delivery Manager,Travel_Rarely,14.0,3,4,95.0,3,1,1,1.0,No,12.0,3,18.0,2.0,2,18.0,7.0,12.0,17.0,No,3
E100794,40.0,Female,Marketing,Divorced,Sales,Sales Executive,Travel_Rarely,2.0,2,4,46.0,3,2,2,7.0,No,12.0,3,8.0,5.0,3,5.0,4.0,1.0,3.0,No,3
E100796,37.0,Male,Life Sciences,Single,Development,Delivery Manager,Travel_Rarely,10.0,4,3,49.0,3,2,2,2.0,Yes,12.0,4,18.0,2.0,2,1.0,0.0,0.0,1.0,No,3
E100798,43.0,Male,Life Sciences,Divorced,Development,Developer,Travel_Rarely,12.0,3,1,59.0,2,4,2,1.0,No,11.0,3,25.0,3.0,3,25.0,10.0,3.0,9.0,No,2
E100799,40.0,Female,Medical,Married,Development,Developer,Travel_Rarely,2.0,3,2,78.0,2,2,3,6.0,No,22.0,2,20.0,3.0,3,1.0,0.0,0.0,0.0,No,4
E100800,54.0,Male,Medical,Married,Development,Developer,Travel_Rarely,5.0,2,1,86.0,3,5,1,4.0,No,11.0,3,24.0,4.0,2,4.0,2.0,1.0,2.0,No,3
E100802,31.0,Female,Medical,Married,Development,Developer,Travel_Rarely,7.0,2,2,31.0,3,2,1,1.0,No,12.0,2,13.0,5.0,1,13.0,10.0,3.0,12.0,No,3
E100803,43.0,Male,Medical,Married,Development,Developer,Travel_Frequently,21.0,3,4,61.0,3,1,4,7.0,No,20.0,1,8.0,1.0,3,3.0,2.0,1.0,2.0,No,4
E100805,25.0,Female,Life Sciences,Single,Sales,Sales Executive,Travel_Rarely,4.0,2,2,99.0,2,2,4,1.0,Yes,11.0,2,5.0,3.0,3,5.0,4.0,1.0,3.0,No,2
E100807,37.0,Female,Medical,Married,Development,Senior Developer,Non-Travel,25.0,5,2,72.0,3,2,3,3.0,Yes,15.0,1,15.0,2.0,3,13.0,11.0,10.0,7.0,No,3
E100808,31.0,Male,Life Sciences,Married,Development,Developer,Travel_Rarely,1.0,2,4,98.0,2,1,1,1.0,No,12.0,3,4.0,3.0,3,4.0,2.0,3.0,2.0,No,3
E100809,39.0,Male,Life Sciences,Divorced,Development,Senior Developer,Travel_Frequently,1.0,1,2,52.0,3,5,3,1.0,Yes,14.0,3,21.0,3.0,3,21.0,8.0,1.0,6.0,No,2
E100811,30.0,Female,Technical Degree,Single,Sales,Sales Executive,Travel_Rarely,12.0,3,2,83.0,3,2,3,0.0,No,11.0,2,6.0,6.0,3,5.0,4.0,4.0,4.0,No,2
E100812,41.0,Male,Marketing,Married,Sales,Sales Executive,Travel_Rarely,1.0,3,2,49.0,4,3,1,1.0,No,16.0,3,10.0,2.0,3,10.0,7.0,0.0,7.0,No,3
E100814,28.0,Male,Medical,Divorced,Development,Senior Developer,Travel_Rarely,17.0,2,3,79.0,3,2,1,1.0,No,12.0,4,10.0,2.0,3,10.0,0.0,1.0,8.0,No,3
E100816,25.0,Male,Medical,Married,Development,Developer,Travel_Rarely,3.0,3,1,91.0,3,1,1,5.0,No,13.0,3,6.0,5.0,3,2.0,2.0,0.0,2.0,Yes,3
E100821,52.0,Male,Medical,Married,Development,Developer,Travel_Rarely,3.0,3,4,39.0,2,3,3,2.0,Yes,14.0,3,28.0,4.0,3,5.0,4.0,0.0,4.0,No,3
E100822,45.0,Male,Life Sciences,Married,Development,Developer,Travel_Rarely,10.0,2,1,69.0,3,1,4,3.0,No,21.0,4,8.0,3.0,2,2.0,2.0,0.0,2.0,No,3
E100824,52.0,Female,Life Sciences,Married,Data Science,Data Scientist,Travel_Rarely,4.0,2,4,30.0,3,4,4,2.0,No,13.0,4,31.0,2.0,1,5.0,2.0,1.0,4.0,No,3
E100825,42.0,Female,Life Sciences,Divorced,Development,Developer,Travel_Frequently,29.0,2,1,92.0,3,2,3,2.0,No,11.0,2,19.0,3.0,3,5.0,4.0,0.0,2.0,No,3
E100826,30.0,Female,Life Sciences,Single,Development,Developer,Travel_Rarely,2.0,3,3,43.0,1,2,4,2.0,No,20.0,3,11.0,2.0,3,5.0,4.0,0.0,2.0,No,4
E100827,60.0,Female,Life Sciences,Married,Development,Developer,Travel_Rarely,7.0,3,1,41.0,3,5,1,5.0,No,11.0,4,33.0,5.0,1,29.0,8.0,11.0,10.0,No,3
E100828,46.0,Female,Medical,Divorced,Data Science,Data Scientist,Travel_Rarely,18.0,3,3,87.0,3,2,3,2.0,No,14.0,3,19.0,5.0,2,10.0,7.0,0.0,8.0,No,3
E100832,24.0,Female,Technical Degree,Single,Sales,Sales Representative,Travel_Rarely,1.0,1,1,62.0,3,1,2,1.0,Yes,16.0,2,6.0,4.0,3,5.0,3.0,1.0,4.0,Yes,3
E100833,34.0,Female,Marketing,Divorced,Sales,Sales Representative,Travel_Frequently,6.0,2,4,33.0,1,1,3,0.0,No,16.0,4,3.0,3.0,2,2.0,2.0,1.0,0.0,Yes,3
E100834,38.0,Male,Life Sciences,Married,Data Science,Data Scientist,Travel_Frequently,2.0,2,4,42.0,3,1,4,1.0,Yes,23.0,3,1.0,3.0,3,1.0,0.0,0.0,0.0,No,4
E100836,40.0,Female,Life Sciences,Married,Sales,Manager,Travel_Rarely,2.0,4,3,79.0,3,5,3,0.0,No,14.0,4,21.0,2.0,3,20.0,15.0,1.0,12.0,No,3
E100838,26.0,Female,Life Sciences,Divorced,Development,Senior Developer,Travel_Rarely,23.0,3,1,90.0,3,1,4,1.0,No,22.0,2,3.0,3.0,1,3.0,2.0,0.0,2.0,No,3
E100840,30.0,Male,Life Sciences,Married,Development,Senior Developer,Non-Travel,3.0,3,3,53.0,3,1,4,4.0,No,15.0,3,9.0,3.0,1,5.0,3.0,1.0,4.0,No,3
E100842,29.0,Male,Medical,Married,Development,Developer,Travel_Rarely,3.0,4,2,93.0,2,3,3,1.0,No,18.0,3,10.0,2.0,3,10.0,2.0,0.0,7.0,No,3
E100843,29.0,Female,Technical Degree,Married,Development,Developer,Travel_Rarely,25.0,5,3,71.0,2,1,2,5.0,No,16.0,2,6.0,2.0,4,2.0,2.0,1.0,1.0,Yes,3
E100844,19.0,Male,Technical Degree,Single,Human Resources,Human Resources,Travel_Rarely,2.0,2,1,52.0,2,1,4,1.0,No,12.0,3,1.0,3.0,4,1.0,0.0,0.0,0.0,Yes,3
E100845,30.0,Female,Other,Married,Sales,Sales Executive,Non-Travel,22.0,4,3,69.0,3,3,1,0.0,No,11.0,3,10.0,3.0,3,9.0,8.0,7.0,8.0,No,3
E100846,57.0,Male,Marketing,Divorced,Sales,Manager,Travel_Rarely,29.0,3,1,56.0,2,4,4,3.0,No,12.0,3,32.0,3.0,2,1.0,0.0,0.0,0.0,No,3
E100847,50.0,Male,Life Sciences,Married,Development,Senior Developer,Travel_Rarely,29.0,4,2,88.0,2,4,3,0.0,No,15.0,2,28.0,2.0,3,27.0,10.0,15.0,7.0,No,3
E100852,47.0,Female,Medical,Divorced,Development,Developer,Travel_Rarely,2.0,2,1,65.0,3,2,4,5.0,No,13.0,3,20.0,2.0,3,5.0,0.0,0.0,4.0,No,3
E100853,46.0,Male,Life Sciences,Married,Development,Senior Developer,Travel_Rarely,2.0,3,1,51.0,3,4,3,6.0,No,13.0,3,26.0,2.0,1,3.0,2.0,0.0,1.0,No,3
E100855,35.0,Male,Life Sciences,Single,Development,Developer,Travel_Rarely,22.0,3,4,46.0,1,1,3,0.0,No,15.0,3,6.0,2.0,3,5.0,4.0,4.0,3.0,No,3
E100856,54.0,Female,Life Sciences,Single,Development,Developer,Travel_Rarely,8.0,4,3,42.0,3,2,3,7.0,No,11.0,3,19.0,3.0,3,1.0,0.0,0.0,0.0,No,3
E100857,34.0,Male,Life Sciences,Divorced,Development,Senior Developer,Travel_Rarely,2.0,4,4,62.0,2,1,3,3.0,No,12.0,3,14.0,3.0,3,7.0,3.0,5.0,7.0,No,3
E100858,46.0,Female,Marketing,Married,Sales,Sales Executive,Travel_Rarely,10.0,3,3,94.0,2,3,4,2.0,Yes,19.0,3,15.0,3.0,3,3.0,2.0,1.0,2.0,No,3
E100859,31.0,Male,Life Sciences,Divorced,Development,Senior Developer,Travel_Rarely,9.0,1,3,33.0,3,3,2,1.0,No,25.0,4,13.0,6.0,4,13.0,8.0,0.0,8.0,No,3
E100860,33.0,Male,Medical,Married,Development,Senior Developer,Travel_Rarely,15.0,1,2,56.0,3,3,3,7.0,Yes,12.0,4,15.0,2.0,4,7.0,6.0,7.0,7.0,Yes,2
E100862,33.0,Male,Medical,Divorced,Development,Developer,Travel_Rarely,10.0,1,1,38.0,1,1,4,7.0,No,13.0,1,8.0,2.0,3,4.0,3.0,1.0,3.0,Yes,3
E100863,30.0,Male,Marketing,Single,Sales,Sales Representative,Travel_Rarely,7.0,1,4,57.0,3,1,2,0.0,No,14.0,1,4.0,3.0,3,3.0,2.0,1.0,2.0,No,3
E100864,35.0,Male,Life Sciences,Married,Development,Senior Developer,Travel_Rarely,16.0,3,4,72.0,3,3,3,4.0,Yes,12.0,3,10.0,2.0,3,8.0,7.0,0.0,0.0,No,3
E100865,31.0,Male,Life Sciences,Married,Development,Developer,Travel_Frequently,20.0,3,1,66.0,3,3,3,3.0,No,12.0,1,12.0,2.0,3,1.0,0.0,0.0,0.0,Yes,3
E100868,34.0,Female,Human Resources,Divorced,Human Resources,Human Resources,Travel_Frequently,23.0,3,2,43.0,3,3,1,9.0,Yes,15.0,3,11.0,2.0,3,3.0,2.0,0.0,2.0,Yes,3
E100869,42.0,Male,Other,Married,Data Science,Data Scientist,Travel_Frequently,5.0,2,2,97.0,3,1,3,4.0,No,17.0,4,8.0,4.0,3,2.0,2.0,2.0,0.0,No,3
E100870,36.0,Male,Medical,Single,Sales,Sales Executive,Non-Travel,10.0,4,2,32.0,3,3,4,1.0,No,14.0,4,10.0,3.0,2,10.0,3.0,9.0,7.0,No,2
E100871,22.0,Male,Technical Degree,Single,Development,Senior Developer,Travel_Frequently,4.0,1,3,99.0,2,1,3,5.0,No,16.0,3,4.0,3.0,3,2.0,2.0,1.0,2.0,Yes,3
E100873,48.0,Female,Marketing,Married,Sales,Sales Executive,Travel_Rarely,2.0,5,2,37.0,3,2,4,2.0,No,14.0,1,14.0,2.0,3,9.0,7.0,6.0,7.0,No,2
E100875,55.0,Female,Life Sciences,Single,Sales,Manager,Travel_Rarely,18.0,5,1,83.0,3,4,2,3.0,No,23.0,4,37.0,2.0,3,10.0,9.0,7.0,7.0,No,2
E100877,41.0,Male,Life Sciences,Single,Sales,Sales Executive,Non-Travel,10.0,2,4,56.0,3,2,4,7.0,No,14.0,4,16.0,3.0,3,14.0,3.0,1.0,10.0,No,3
E100878,35.0,Male,Marketing,Married,Sales,Sales Executive,Travel_Rarely,1.0,3,2,85.0,3,2,3,9.0,No,11.0,3,15.0,2.0,3,11.0,9.0,6.0,9.0,No,2
E100880,39.0,Female,Life Sciences,Married,Development,Developer,Travel_Frequently,8.0,1,3,48.0,3,1,3,1.0,No,11.0,1,8.0,3.0,3,8.0,3.0,0.0,7.0,No,3
E100882,31.0,Male,Life Sciences,Single,Sales,Sales Executive,Travel_Rarely,2.0,1,2,77.0,3,2,4,4.0,Yes,13.0,3,10.0,2.0,4,6.0,5.0,0.0,5.0,No,3
E100883,42.0,Male,Medical,Married,Development,Developer,Travel_Rarely,24.0,3,4,56.0,3,3,1,1.0,Yes,21.0,4,10.0,5.0,2,10.0,9.0,5.0,8.0,No,4
E100884,45.0,Male,Other,Married,Sales,Sales Executive,Travel_Rarely,2.0,3,4,61.0,3,2,2,0.0,No,19.0,2,9.0,3.0,4,8.0,7.0,3.0,7.0,No,3
E100890,33.0,Female,Medical,Divorced,Development,Developer,Travel_Rarely,1.0,5,1,95.0,4,4,3,4.0,No,19.0,3,10.0,2.0,3,6.0,1.0,0.0,5.0,No,3
E100891,31.0,Male,Life Sciences,Divorced,Sales,Manager,Travel_Rarely,7.0,3,3,44.0,2,3,4,9.0,No,21.0,3,10.0,3.0,2,5.0,4.0,0.0,1.0,No,4
E100892,18.0,Male,Marketing,Single,Sales,Sales Representative,Travel_Frequently,5.0,3,2,69.0,3,1,2,1.0,Yes,14.0,4,0.0,3.0,3,0.0,0.0,0.0,0.0,Yes,3
E100893,40.0,Male,Other,Divorced,Sales,Sales Executive,Non-Travel,28.0,3,3,58.0,1,3,1,3.0,No,15.0,3,20.0,2.0,3,1.0,0.0,0.0,1.0,No,3
E100894,41.0,Female,Other,Single,Development,Developer,Non-Travel,2.0,4,1,62.0,2,2,3,2.0,Yes,17.0,1,10.0,3.0,3,8.0,7.0,0.0,7.0,No,3
E100898,35.0,Female,Medical,Single,Sales,Sales Executive,Travel_Rarely,1.0,3,1,80.0,3,2,3,1.0,No,16.0,4,5.0,3.0,3,5.0,4.0,0.0,3.0,No,3
E100899,34.0,Male,Life Sciences,Single,Sales,Sales Executive,Travel_Rarely,21.0,4,4,74.0,4,2,4,1.0,No,12.0,4,10.0,3.0,3,10.0,7.0,5.0,7.0,No,3
E100900,26.0,Male,Technical Degree,Single,Development,Developer,Travel_Rarely,24.0,3,3,66.0,1,1,4,1.0,Yes,18.0,2,1.0,3.0,1,1.0,0.0,0.0,0.0,Yes,3
E100901,37.0,Female,Technical Degree,Single,Development,Developer,Travel_Rarely,1.0,3,2,59.0,3,3,4,4.0,No,17.0,4,12.0,3.0,4,6.0,5.0,1.0,2.0,No,4
E100902,46.0,Female,Medical,Married,Development,Senior Developer,Travel_Frequently,18.0,1,1,86.0,3,3,3,5.0,No,11.0,4,28.0,3.0,2,2.0,2.0,1.0,2.0,No,2
E100903,41.0,Female,Life Sciences,Married,Sales,Manager,Travel_Rarely,2.0,5,2,91.0,3,4,1,7.0,No,16.0,2,22.0,2.0,3,18.0,16.0,11.0,8.0,No,2
E100908,52.0,Male,Technical Degree,Divorced,Development,Developer,Travel_Rarely,6.0,2,4,78.0,3,2,1,3.0,Yes,12.0,2,18.0,3.0,3,10.0,9.0,6.0,9.0,No,3
E100912,38.0,Female,Medical,Married,Data Science,Data Scientist,Travel_Rarely,10.0,3,3,76.0,3,2,3,3.0,No,19.0,3,18.0,4.0,3,1.0,0.0,0.0,0.0,No,3
E100913,37.0,Female,Life Sciences,Married,Development,Developer,Travel_Rarely,1.0,4,2,65.0,3,2,2,6.0,No,12.0,2,8.0,2.0,2,6.0,5.0,4.0,3.0,No,3
E100916,49.0,Male,Life Sciences,Divorced,Development,Senior Developer,Travel_Rarely,18.0,4,4,58.0,2,5,3,1.0,Yes,17.0,3,31.0,5.0,3,31.0,9.0,0.0,9.0,No,3
E100917,24.0,Male,Medical,Married,Development,Developer,Travel_Rarely,23.0,3,2,89.0,4,1,4,1.0,Yes,11.0,2,6.0,3.0,3,6.0,5.0,1.0,4.0,No,3
E100919,26.0,Male,Marketing,Married,Sales,Sales Executive,Travel_Rarely,28.0,2,1,66.0,3,2,2,1.0,No,20.0,4,6.0,5.0,4,5.0,3.0,1.0,4.0,No,3
E100921,24.0,Male,Other,Married,Development,Developer,Travel_Rarely,17.0,2,4,94.0,2,1,2,1.0,No,21.0,4,1.0,2.0,3,1.0,0.0,0.0,0.0,No,4
E100922,50.0,Male,Medical,Married,Human Resources,Manager,Travel_Frequently,3.0,3,1,99.0,3,5,2,1.0,No,11.0,3,32.0,2.0,3,32.0,5.0,10.0,7.0,No,2
E100923,25.0,Male,Medical,Married,Sales,Sales Representative,Travel_Rarely,13.0,1,2,40.0,3,1,3,1.0,No,11.0,3,7.0,1.0,3,7.0,4.0,0.0,6.0,No,3
E100925,24.0,Female,Life Sciences,Married,Development,Senior Developer,Travel_Frequently,7.0,3,1,55.0,3,1,3,1.0,Yes,16.0,4,6.0,4.0,3,6.0,3.0,1.0,2.0,Yes,2
E100927,34.0,Male,Life Sciences,Married,Development,Developer,Travel_Rarely,1.0,2,2,83.0,2,1,4,1.0,Yes,13.0,4,6.0,3.0,3,6.0,5.0,1.0,3.0,No,3
E100928,31.0,Male,Medical,Divorced,Sales,Sales Executive,Travel_Rarely,13.0,4,2,46.0,3,2,1,2.0,No,17.0,3,9.0,2.0,1,3.0,1.0,1.0,2.0,Yes,3
E100931,31.0,Male,Medical,Divorced,Sales,Sales Executive,Travel_Rarely,6.0,4,1,66.0,4,2,4,4.0,No,22.0,4,13.0,4.0,4,7.0,7.0,5.0,7.0,No,2
E100933,27.0,Female,Medical,Divorced,Development,Developer,Travel_Rarely,6.0,4,1,66.0,2,1,3,0.0,No,12.0,3,6.0,5.0,2,5.0,3.0,0.0,3.0,No,3
E100934,37.0,Male,Marketing,Married,Sales,Sales Executive,Travel_Rarely,2.0,3,4,75.0,3,2,3,4.0,Yes,11.0,3,17.0,3.0,2,3.0,0.0,1.0,0.0,No,3
E100937,42.0,Female,Life Sciences,Married,Development,Developer,Travel_Rarely,2.0,4,3,81.0,3,2,4,1.0,No,13.0,2,10.0,4.0,3,10.0,2.0,2.0,2.0,No,3
E100939,43.0,Male,Other,Divorced,Development,Developer,Travel_Rarely,6.0,4,2,50.0,2,4,4,4.0,Yes,14.0,3,21.0,3.0,2,1.0,0.0,0.0,0.0,No,3
E100940,38.0,Female,Life Sciences,Single,Development,Developer,Travel_Rarely,1.0,1,3,43.0,3,1,1,3.0,No,17.0,4,8.0,3.0,2,0.0,0.0,0.0,0.0,No,3
E100941,43.0,Male,Medical,Divorced,Development,Senior Developer,Travel_Frequently,9.0,5,4,72.0,3,2,3,3.0,Yes,13.0,2,10.0,3.0,3,8.0,7.0,4.0,7.0,No,3
E100942,48.0,Female,Life Sciences,Married,Development,Senior Developer,Travel_Rarely,1.0,4,4,40.0,2,4,1,7.0,No,11.0,1,21.0,3.0,1,3.0,2.0,0.0,2.0,No,3
E100943,44.0,Female,Life Sciences,Single,Human Resources,Human Resources,Travel_Rarely,1.0,4,1,50.0,2,2,3,4.0,No,11.0,2,10.0,1.0,4,2.0,2.0,0.0,2.0,No,3
E100944,34.0,Female,Technical Degree,Divorced,Sales,Sales Representative,Travel_Rarely,14.0,3,3,31.0,3,1,3,1.0,Yes,18.0,4,8.0,3.0,3,8.0,2.0,0.0,6.0,No,3
E100945,27.0,Male,Marketing,Divorced,Sales,Sales Representative,Travel_Rarely,2.0,1,3,85.0,3,1,1,0.0,No,11.0,2,5.0,3.0,3,4.0,3.0,0.0,2.0,Yes,3
E100947,21.0,Male,Technical Degree,Single,Sales,Sales Representative,Travel_Rarely,22.0,1,3,49.0,3,1,3,1.0,No,11.0,3,3.0,2.0,3,3.0,2.0,1.0,2.0,No,3
E100949,44.0,Male,Other,Married,Development,Senior Developer,Travel_Rarely,3.0,4,4,35.0,3,5,4,4.0,Yes,12.0,1,26.0,2.0,4,2.0,2.0,0.0,1.0,No,3
E100953,22.0,Male,Medical,Married,Development,Developer,Travel_Rarely,6.0,1,1,69.0,3,1,3,0.0,No,20.0,4,3.0,3.0,3,2.0,2.0,2.0,2.0,No,3
E100957,32.0,Female,Life Sciences,Married,Development,Developer,Travel_Rarely,9.0,4,1,92.0,3,2,4,1.0,Yes,12.0,4,6.0,2.0,2,6.0,4.0,0.0,5.0,No,3
E100958,30.0,Female,Medical,Divorced,Development,Developer,Travel_Frequently,3.0,3,3,71.0,3,1,3,1.0,No,20.0,3,1.0,2.0,3,1.0,0.0,0.0,0.0,No,4
E100961,34.0,Male,Life Sciences,Married,Development,Senior Developer,Travel_Rarely,1.0,5,2,42.0,3,1,4,1.0,No,12.0,4,10.0,4.0,2,10.0,9.0,8.0,8.0,No,3
E100964,26.0,Female,Life Sciences,Married,Development,Developer,Travel_Rarely,6.0,3,3,71.0,3,1,4,1.0,Yes,13.0,3,3.0,2.0,3,3.0,2.0,0.0,2.0,No,3
E100967,37.0,Male,Other,Married,Development,Developer,Travel_Rarely,3.0,3,3,36.0,3,3,3,1.0,No,15.0,3,10.0,2.0,3,10.0,7.0,7.0,8.0,No,3
E100968,29.0,Female,Medical,Married,Sales,Sales Executive,Travel_Rarely,3.0,2,2,62.0,3,2,3,1.0,No,14.0,1,6.0,5.0,2,6.0,0.0,1.0,2.0,No,3
E100969,35.0,Male,Life Sciences,Single,Development,Senior Developer,Travel_Rarely,6.0,4,2,82.0,1,2,4,1.0,No,13.0,2,17.0,3.0,3,17.0,11.0,11.0,8.0,No,3
E100976,54.0,Male,Medical,Married,Human Resources,Human Resources,Travel_Rarely,19.0,4,3,88.0,3,3,2,2.0,No,15.0,3,16.0,1.0,4,9.0,7.0,7.0,1.0,No,3
E100977,36.0,Male,Medical,Divorced,Development,Developer,Travel_Rarely,9.0,2,2,48.0,2,2,2,2.0,Yes,11.0,3,13.0,2.0,3,3.0,2.0,0.0,2.0,No,3
E100979,20.0,Male,Medical,Single,Development,Senior Developer,Travel_Rarely,10.0,1,4,32.0,3,1,3,1.0,Yes,11.0,4,1.0,5.0,3,1.0,0.0,1.0,1.0,Yes,3
E100980,33.0,Male,Life Sciences,Single,Development,Senior Developer,Travel_Frequently,3.0,3,1,70.0,3,1,1,1.0,Yes,11.0,1,10.0,3.0,3,10.0,8.0,9.0,7.0,Yes,3
E100983,23.0,Male,Medical,Married,Development,Developer,Travel_Rarely,4.0,3,1,58.0,4,1,1,2.0,No,16.0,1,5.0,3.0,4,3.0,2.0,0.0,2.0,No,4
E100985,25.0,Male,Life Sciences,Married,Sales,Sales Executive,Travel_Rarely,8.0,3,4,57.0,4,2,2,0.0,No,22.0,3,4.0,4.0,3,3.0,2.0,1.0,2.0,No,4
E100987,38.0,Female,Marketing,Single,Sales,Sales Executive,Travel_Rarely,7.0,4,4,46.0,2,2,4,0.0,No,20.0,1,8.0,2.0,3,7.0,7.0,0.0,5.0,No,4
E100988,29.0,Male,Life Sciences,Divorced,Development,Developer,Travel_Frequently,1.0,4,2,76.0,1,1,4,1.0,No,18.0,4,10.0,5.0,3,10.0,7.0,2.0,8.0,No,3
E100990,48.0,Male,Marketing,Married,Sales,Sales Executive,Travel_Rarely,2.0,1,2,56.0,4,2,2,3.0,No,12.0,4,12.0,3.0,3,2.0,2.0,2.0,2.0,No,3
E100992,27.0,Female,Medical,Divorced,Sales,Sales Executive,Travel_Frequently,3.0,1,4,71.0,4,2,4,1.0,Yes,20.0,2,6.0,3.0,3,6.0,5.0,0.0,4.0,No,4
E100993,37.0,Male,Life Sciences,Single,Development,Senior Developer,Travel_Rarely,10.0,2,4,80.0,4,1,4,3.0,No,17.0,1,4.0,2.0,3,1.0,0.0,0.0,0.0,No,3
E100994,50.0,Male,Medical,Married,Development,Senior Developer,Travel_Rarely,28.0,1,4,74.0,4,1,3,1.0,Yes,11.0,3,20.0,3.0,3,20.0,8.0,3.0,8.0,No,3
E100995,34.0,Female,Medical,Single,Data Science,Data Scientist,Travel_Rarely,9.0,3,4,46.0,2,3,2,1.0,No,14.0,2,9.0,3.0,4,8.0,7.0,7.0,7.0,No,3
E100998,24.0,Female,Life Sciences,Single,Sales,Sales Executive,Travel_Rarely,3.0,2,1,65.0,3,2,3,9.0,No,14.0,1,4.0,3.0,3,2.0,2.0,2.0,0.0,Yes,2
