Age,DistanceFromHome,EmpEducationLevel,EmpEnvironmentSatisfaction,EmpHourlyRate,EmpJobInvolvement,EmpJobLevel,EmpJobSatisfaction,NumCompaniesWorked,EmpLastSalaryHikePercent,EmpRelationshipSatisfaction,TotalWorkExperienceInYears,TrainingTimesLastYear,EmpWorkLifeBalance,ExperienceYearsAtThisCompany,ExperienceYearsInCurrentRole,YearsSinceLastPromotion,YearsWithCurrManager,PerformanceRating,Gender_Male,EducationBackground_Life Sciences,EducationBackground_Marketing,EducationBackground_Medical,EducationBackground_Other,EducationBackground_Technical Degree,MaritalStatus_Married,MaritalStatus_Single,EmpDepartment_Development,EmpDepartment_Finance,EmpDepartment_Human Resources,EmpDepartment_Research & Development,EmpDepartment_Sales,EmpJobRole_Data Scientist,EmpJobRole_Delivery Manager,EmpJobRole_Developer,EmpJobRole_Finance Manager,EmpJobRole_Healthcare Representative,EmpJobRole_Human Resources,EmpJobRole_Laboratory Technician,EmpJobRole_Manager,EmpJobRole_Manager R&D,EmpJobRole_Manufacturing Director,EmpJobRole_Research Director,EmpJobRole_Research Scientist,EmpJobRole_Sales Executive,EmpJobRole_Sales Representative,EmpJobRole_Senior Developer,EmpJobRole_Senior Manager R&D,EmpJobRole_Technical Architect,EmpJobRole_Technical Lead,BusinessTravelFrequency_Travel_Frequently,BusinessTravelFrequency_Travel_Rarely,OverTime_Yes,Attrition_Yes
32.0,10.0,3,4,55.0,3,2,4,1.0,12.0,4,10.0,2.0,2,10.0,7.0,0.0,8.0,3,1,0,1,0,0,0,0,1,0,0,0,0,1,0,0,0,0,0,0,0,0,0,0,0,0,1,0,0,0,0,0,0,1,0,0
47.0,14.0,4,4,42.0,3,2,1,2.0,12.0,4,20.0,2.0,3,7.0,7.0,1.0,7.0,3,1,0,1,0,0,0,0,1,0,0,0,0,1,0,0,0,0,0,0,0,0,0,0,0,0,1,0,0,0,0,0,0,1,0,0
40.0,5.0,4,4,48.0,2,3,1,5.0,21.0,3,20.0,2.0,3,18.0,13.0,1.0,12.0,4,1,1,0,0,0,0,1,0,0,0,0,0,1,0,0,0,0,0,0,0,0,0,0,0,0,1,0,0,0,0,0,1,0,1,0
41.0,10.0,4,2,73.0,2,5,4,3.0,15.0,2,23.0,2.0,2,21.0,6.0,12.0,6.0,3,1,0,0,0,0,0,0,0,0,0,1,0,0,0,0,0,0,0,0,0,1,0,0,0,0,0,0,0,0,0,0,0,1,0,0
60.0,16.0,4,1,84.0,3,2,1,8.0,14.0,4,10.0,1.0,3,2.0,2.0,2.0,2.0,3,1,0,1,0,0,0,0,1,0,0,0,0,1,0,0,0,0,0,0,0,0,0,0,0,0,1,0,0,0,0,0,0,1,0,0
27.0,10.0,2,4,32.0,3,3,1,1.0,21.0,3,9.0,4.0,2,9.0,7.0,1.0,7.0,4,1,1,0,0,0,0,0,0,1,0,0,0,0,0,0,1,0,0,0,0,0,0,0,0,0,0,0,0,0,0,0,1,0,0,0
50.0,8.0,4,4,54.0,3,1,2,7.0,15.0,4,4.0,2.0,3,2.0,2.0,2.0,2.0,3,1,0,1,0,0,0,1,0,0,0,0,0,1,0,0,0,0,0,0,0,0,0,0,0,0,0,1,0,0,0,0,0,1,0,0
28.0,1.0,2,1,67.0,1,1,2,7.0,13.0,4,10.0,4.0,3,7.0,7.0,3.0,7.0,3,0,1,0,0,0,0,0,1,1,0,0,0,0,0,0,1,0,0,0,0,0,0,0,0,0,0,0,0,0,0,0,0,1,1,1
36.0,8.0,3,1,63.0,4,3,1,9.0,14.0,1,10.0,2.0,3,8.0,7.0,0.0,5.0,3,0,1,0,0,0,0,1,0,1,0,0,0,0,0,0,1,0,0,0,0,0,0,0,0,0,0,0,0,0,0,0,0,0,0,0
38.0,1.0,3,3,81.0,3,3,3,4.0,14.0,4,10.0,4.0,4,1.0,0.0,0.0,0.0,3,0,1,0,0,0,0,0,1,1,0,0,0,0,0,0,1,0,0,0,0,0,0,0,0,0,0,0,0,0,0,0,0,1,1,0
44.0,24.0,3,1,49.0,1,1,3,2.0,14.0,3,9.0,5.0,3,5.0,2.0,1.0,4.0,3,1,0,0,1,0,0,0,1,1,0,0,0,0,0,0,1,0,0,0,0,0,0,0,0,0,0,0,0,0,0,0,0,0,0,0
47.0,3.0,3,4,49.0,3,4,3,9.0,12.0,4,28.0,2.0,2,22.0,2.0,11.0,13.0,3,0,0,0,1,0,0,0,0,0,0,0,0,1,0,0,0,0,0,0,0,0,0,0,0,0,1,0,0,0,0,0,1,0,1,0
30.0,27.0,5,3,99.0,3,2,4,7.0,23.0,4,10.0,2.0,2,8.0,7.0,7.0,7.0,4,1,0,1,0,0,0,0,0,0,0,0,0,1,0,0,0,0,0,0,0,0,0,0,0,0,1,0,0,0,0,0,0,1,0,0
29.0,10.0,3,3,99.0,3,1,3,1.0,11.0,3,1.0,6.0,3,1.0,0.0,0.0,0.0,3,1,1,0,0,0,0,0,1,0,0,0,0,1,0,0,0,0,0,0,0,0,0,0,0,0,0,1,0,0,0,0,0,1,0,0
42.0,19.0,3,3,57.0,4,1,3,6.0,12.0,4,7.0,2.0,3,2.0,2.0,2.0,2.0,3,1,0,0,1,0,0,0,0,1,0,0,0,0,0,0,1,0,0,0,0,0,0,0,0,0,0,0,0,0,0,0,1,0,1,1
34.0,8.0,2,2,96.0,3,2,3,3.0,11.0,4,10.0,2.0,3,5.0,1.0,4.0,3.0,3,0,0,0,1,0,0,0,1,1,0,0,0,0,0,0,1,0,0,0,0,0,0,0,0,0,0,0,0,0,0,0,0,1,0,0
39.0,3.0,3,3,44.0,4,2,2,9.0,15.0,3,12.0,3.0,1,8.0,3.0,3.0,6.0,3,0,0,0,0,0,0,1,0,0,0,1,0,0,0,0,0,0,0,1,0,0,0,0,0,0,0,0,0,0,0,0,0,1,0,0
56.0,9.0,3,3,81.0,3,4,4,7.0,11.0,3,30.0,1.0,2,10.0,7.0,1.0,1.0,3,1,0,0,1,0,0,1,0,1,0,0,0,0,0,0,1,0,0,0,0,0,0,0,0,0,0,0,0,0,0,0,0,1,0,0
40.0,2.0,1,4,86.0,2,1,4,0.0,20.0,4,5.0,2.0,2,4.0,2.0,2.0,3.0,4,0,0,0,1,0,0,0,1,1,0,0,0,0,0,0,1,0,0,0,0,0,0,0,0,0,0,0,0,0,0,0,0,1,1,0
27.0,7.0,3,4,55.0,2,2,1,8.0,19.0,1,9.0,2.0,1,7.0,6.0,0.0,7.0,3,0,0,0,1,0,0,0,1,1,0,0,0,0,0,0,1,0,0,0,0,0,0,0,0,0,0,0,0,0,0,0,0,1,0,0
29.0,10.0,3,4,83.0,3,1,2,1.0,14.0,4,2.0,2.0,3,2.0,2.0,2.0,2.0,3,1,0,1,0,0,0,0,0,0,0,0,0,1,0,0,0,0,0,0,0,0,0,0,0,0,0,1,0,0,0,0,0,1,0,0
53.0,6.0,3,4,86.0,3,2,4,2.0,17.0,4,19.0,4.0,3,2.0,2.0,2.0,2.0,3,1,1,0,0,0,0,0,1,1,0,0,0,0,0,0,1,0,0,0,0,0,0,0,0,0,0,0,0,0,0,0,0,1,0,0
35.0,2.0,4,4,61.0,3,2,1,2.0,11.0,1,16.0,2.0,4,1.0,0.0,0.0,0.0,3,0,1,0,0,0,0,0,0,1,0,0,0,0,0,0,0,0,0,0,0,0,0,0,0,0,0,0,1,0,0,0,0,0,0,0
32.0,24.0,4,1,80.0,3,2,4,1.0,15.0,4,10.0,2.0,3,10.0,8.0,4.0,7.0,3,1,1,0,0,0,0,1,0,1,0,0,0,0,0,0,1,0,0,0,0,0,0,0,0,0,0,0,0,0,0,0,1,0,0,0
34.0,8.0,5,2,32.0,3,2,1,3.0,14.0,3,7.0,3.0,3,0.0,0.0,0.0,0.0,3,0,1,0,0,0,0,0,0,1,0,0,0,0,0,0,1,0,0,0,0,0,0,0,0,0,0,0,0,0,0,0,0,1,0,0
52.0,3.0,4,3,31.0,2,4,1,1.0,11.0,1,34.0,3.0,4,34.0,6.0,1.0,16.0,4,1,0,1,0,0,0,1,0,0,0,0,0,1,0,0,0,0,0,0,0,1,0,0,0,0,0,0,0,0,0,0,0,1,0,0
33.0,1.0,4,4,63.0,3,1,4,1.0,13.0,3,10.0,2.0,2,10.0,9.0,7.0,8.0,3,1,0,0,0,1,0,0,1,1,0,0,0,0,0,0,1,0,0,0,0,0,0,0,0,0,0,0,0,0,0,0,0,1,1,1
25.0,26.0,1,3,32.0,3,2,4,1.0,23.0,2,6.0,5.0,2,6.0,5.0,1.0,4.0,4,0,0,0,1,0,0,0,1,0,0,0,0,1,0,0,0,0,0,0,0,0,0,0,0,0,1,0,0,0,0,0,0,1,0,0
45.0,2.0,2,2,46.0,1,2,3,0.0,13.0,1,9.0,3.0,3,8.0,7.0,3.0,1.0,3,1,0,0,0,0,1,0,1,0,0,0,0,1,0,0,0,0,0,0,0,0,0,0,0,0,0,1,0,0,0,0,0,1,0,0
23.0,10.0,1,1,79.0,4,1,3,1.0,18.0,4,2.0,3.0,3,2.0,2.0,0.0,2.0,3,1,0,0,1,0,0,0,1,1,0,0,0,0,0,0,1,0,0,0,0,0,0,0,0,0,0,0,0,0,0,0,0,1,0,0
47.0,27.0,2,2,77.0,4,2,3,4.0,12.0,4,8.0,2.0,3,5.0,4.0,1.0,3.0,3,0,1,0,0,0,0,0,1,0,0,0,0,1,0,0,0,0,0,0,0,0,0,0,0,0,1,0,0,0,0,0,1,0,1,1
34.0,2.0,3,4,60.0,3,2,4,1.0,22.0,3,6.0,5.0,3,6.0,5.0,1.0,4.0,4,1,0,0,0,1,0,0,1,0,0,0,0,1,0,0,0,0,0,0,0,0,0,0,0,0,1,0,0,0,0,0,0,1,0,0
36.0,8.0,4,1,76.0,2,3,1,1.0,15.0,2,10.0,1.0,3,10.0,7.0,0.0,9.0,3,1,1,0,0,0,0,0,1,0,0,0,0,1,0,0,0,0,0,0,0,0,0,0,0,0,1,0,0,0,0,0,0,0,0,0
52.0,19.0,4,4,41.0,3,1,4,0.0,18.0,1,5.0,3.0,3,4.0,3.0,1.0,2.0,3,1,0,0,1,0,0,1,0,1,0,0,0,0,0,0,1,0,0,0,0,0,0,0,0,0,0,0,0,0,0,0,0,0,0,0
26.0,1.0,2,1,71.0,1,1,4,3.0,14.0,1,5.0,2.0,3,2.0,2.0,2.0,0.0,3,0,1,0,0,0,0,0,0,1,0,0,0,0,0,0,1,0,0,0,0,0,0,0,0,0,0,0,0,0,0,0,1,0,0,0
29.0,27.0,3,2,66.0,3,2,3,4.0,12.0,1,11.0,3.0,2,8.0,7.0,1.0,1.0,3,0,0,0,1,0,0,1,0,1,0,0,0,0,0,0,1,0,0,0,0,0,0,0,0,0,0,0,0,0,0,0,0,1,0,0
26.0,8.0,3,4,38.0,2,2,1,6.0,17.0,3,6.0,2.0,2,4.0,3.0,1.0,2.0,3,1,0,0,0,0,1,0,1,0,0,0,0,1,0,0,0,0,0,0,0,0,0,0,0,0,1,0,0,0,0,0,0,1,0,1
34.0,1.0,4,2,72.0,4,1,4,2.0,16.0,3,10.0,2.0,3,4.0,2.0,1.0,3.0,3,0,1,0,0,0,0,0,1,1,0,0,0,0,0,0,1,0,0,0,0,0,0,0,0,0,0,0,0,0,0,0,0,1,0,0
54.0,19.0,4,4,95.0,3,2,1,9.0,11.0,2,9.0,4.0,3,5.0,3.0,1.0,4.0,3,0,0,0,1,0,0,0,0,1,0,0,0,0,0,0,1,0,0,0,0,0,0,0,0,0,0,0,0,0,0,0,0,1,1,0
27.0,8.0,1,3,84.0,3,2,4,0.0,19.0,2,5.0,3.0,3,4.0,2.0,1.0,1.0,3,1,0,1,0,0,0,1,0,0,0,0,0,1,0,0,0,0,0,0,0,0,0,0,0,0,1,0,0,0,0,0,1,0,0,0
37.0,10.0,1,4,82.0,3,1,1,0.0,13.0,2,6.0,3.0,2,5.0,3.0,4.0,3.0,3,0,1,0,0,0,0,0,0,1,0,0,0,0,0,0,1,0,0,0,0,0,0,0,0,0,0,0,0,0,0,0,0,1,1,0
38.0,2.0,4,1,75.0,4,2,1,6.0,12.0,4,17.0,2.0,3,15.0,7.0,4.0,12.0,3,0,1,0,0,0,0,0,1,1,0,0,0,0,0,0,1,0,0,0,0,0,0,0,0,0,0,0,0,0,0,0,1,0,1,0
34.0,2.0,4,3,86.0,2,1,1,1.0,11.0,3,6.0,3.0,3,6.0,5.0,1.0,3.0,3,0,0,0,1,0,0,0,1,1,0,0,0,0,0,0,1,0,0,0,0,0,0,0,0,0,0,0,0,0,0,0,0,1,0,0
35.0,8.0,4,1,72.0,3,1,4,1.0,16.0,2,3.0,1.0,2,3.0,2.0,0.0,2.0,3,0,1,0,0,0,0,1,0,0,0,0,0,1,0,0,0,0,0,0,0,0,0,0,0,0,0,1,0,0,0,0,0,1,0,0
40.0,2.0,2,3,38.0,4,2,2,1.0,24.0,4,8.0,2.0,3,8.0,7.0,3.0,7.0,4,0,0,0,1,0,0,1,0,1,0,0,0,0,0,0,1,0,0,0,0,0,0,0,0,0,0,0,0,0,0,0,1,0,0,0
34.0,8.0,2,3,93.0,3,2,1,5.0,17.0,2,6.0,1.0,3,3.0,2.0,1.0,2.0,3,0,1,0,0,0,0,1,0,0,0,0,0,1,0,0,0,0,0,0,0,0,0,0,0,0,1,0,0,0,0,0,0,1,0,0
24.0,9.0,3,3,60.0,2,1,2,1.0,11.0,3,1.0,4.0,3,1.0,0.0,0.0,0.0,3,1,1,0,0,0,0,0,0,1,0,0,0,0,0,0,0,0,0,0,0,0,0,0,0,0,0,0,1,0,0,0,0,0,0,0
52.0,11.0,4,4,82.0,3,2,3,8.0,20.0,2,9.0,3.0,3,5.0,2.0,1.0,4.0,4,0,1,0,0,0,0,1,0,1,0,0,0,0,0,0,0,0,0,0,0,0,0,0,0,0,0,0,1,0,0,0,0,1,0,0
50.0,2.0,3,3,64.0,3,4,3,5.0,16.0,4,30.0,3.0,3,4.0,3.0,0.0,3.0,3,1,0,0,1,0,0,1,0,1,0,0,0,0,0,0,1,0,0,0,0,0,0,0,0,0,0,0,0,0,0,0,0,1,0,0
29.0,1.0,2,2,36.0,2,1,1,1.0,11.0,4,1.0,1.0,3,1.0,0.0,0.0,0.0,3,0,1,0,0,0,0,1,0,1,0,0,0,0,0,0,1,0,0,0,0,0,0,0,0,0,0,0,0,0,0,0,0,1,1,1
33.0,7.0,3,3,49.0,3,3,3,0.0,11.0,4,14.0,3.0,4,13.0,9.0,3.0,7.0,3,1,0,0,1,0,0,1,0,1,0,0,0,0,0,0,1,0,0,0,0,0,0,0,0,0,0,0,0,0,0,0,0,1,0,0
33.0,16.0,3,1,69.0,3,2,1,5.0,15.0,3,6.0,3.0,3,3.0,2.0,0.0,2.0,3,0,0,1,0,0,0,0,1,0,0,0,0,1,0,0,0,0,0,0,0,0,0,0,0,0,1,0,0,0,0,0,0,1,0,1
47.0,2.0,2,3,33.0,3,4,4,1.0,11.0,3,26.0,3.0,2,26.0,14.0,3.0,0.0,3,0,0,0,0,1,0,1,0,1,0,0,0,0,0,0,1,0,0,0,0,0,0,0,0,0,0,0,0,0,0,0,0,1,1,0
36.0,1.0,3,3,35.0,3,2,2,0.0,15.0,1,10.0,2.0,3,9.0,7.0,0.0,5.0,3,0,0,0,0,1,0,1,0,1,0,0,0,0,0,0,1,0,0,0,0,0,0,0,0,0,0,0,0,0,0,0,0,1,0,0
29.0,23.0,2,3,81.0,4,1,3,1.0,24.0,3,10.0,3.0,3,10.0,7.0,0.0,7.0,4,1,1,0,0,0,0,1,0,1,0,0,0,0,0,0,0,0,0,0,0,0,0,0,0,0,0,0,1,0,0,0,0,1,0,0
35.0,1.0,4,4,40.0,4,1,3,3.0,13.0,3,7.0,0.0,3,2.0,2.0,2.0,2.0,3,0,1,0,0,0,0,0,1,1,0,0,0,0,0,0,0,0,0,0,0,0,0,0,0,0,0,0,1,0,0,0,0,1,0,0
42.0,1.0,2,4,43.0,2,2,4,9.0,13.0,4,8.0,4.0,3,4.0,3.0,0.0,2.0,3,0,1,0,0,0,0,1,0,1,0,0,0,0,0,0,1,0,0,0,0,0,0,0,0,0,0,0,0,0,0,0,0,1,1,0
28.0,2.0,4,3,46.0,3,1,3,6.0,17.0,4,5.0,3.0,2,2.0,2.0,2.0,1.0,3,1,0,0,1,0,0,0,1,1,0,0,0,0,0,0,1,0,0,0,0,0,0,0,0,0,0,0,0,0,0,0,0,1,0,1
36.0,13.0,3,3,36.0,3,1,2,4.0,13.0,2,8.0,2.0,3,5.0,2.0,0.0,4.0,3,1,0,0,0,0,0,1,0,0,0,1,0,0,0,0,0,0,0,1,0,0,0,0,0,0,0,0,0,0,0,0,0,1,0,0
40.0,16.0,4,1,51.0,2,2,3,6.0,14.0,4,10.0,6.0,3,1.0,0.0,0.0,0.0,3,1,0,0,1,0,0,0,1,1,0,0,0,0,0,0,1,0,0,0,0,0,0,0,0,0,0,0,0,0,0,0,1,0,0,0
30.0,2.0,3,3,52.0,2,2,4,5.0,24.0,2,12.0,4.0,2,0.0,0.0,0.0,0.0,4,0,0,0,1,0,0,0,1,1,0,0,0,0,0,0,1,0,0,0,0,0,0,0,0,0,0,0,0,0,0,0,0,1,1,0
45.0,2.0,3,2,95.0,2,1,3,1.0,14.0,4,1.0,3.0,3,1.0,0.0,0.0,0.0,3,0,1,0,0,0,0,0,1,1,0,0,0,0,0,0,1,0,0,0,0,0,0,0,0,0,0,0,0,0,0,0,0,1,0,0
42.0,29.0,3,2,98.0,3,2,2,1.0,13.0,4,10.0,3.0,2,9.0,8.0,7.0,8.0,3,1,1,0,0,0,0,1,0,1,0,0,0,0,0,0,1,0,0,0,0,0,0,0,0,0,0,0,0,0,0,0,0,1,0,0
38.0,12.0,3,1,45.0,2,2,1,2.0,15.0,3,13.0,3.0,2,4.0,3.0,1.0,2.0,3,1,1,0,0,0,0,0,0,1,0,0,0,0,0,0,1,0,0,0,0,0,0,0,0,0,0,0,0,0,0,0,1,0,0,0
49.0,11.0,3,3,43.0,3,3,4,1.0,18.0,1,9.0,3.0,4,9.0,8.0,7.0,7.0,3,0,0,1,0,0,0,1,0,0,0,0,0,1,0,0,0,0,0,0,0,0,0,0,0,0,1,0,0,0,0,0,0,1,0,1
55.0,2.0,1,3,37.0,3,2,4,4.0,16.0,3,12.0,3.0,2,9.0,7.0,7.0,3.0,3,1,0,0,1,0,0,0,1,0,0,0,0,1,0,0,0,0,0,0,0,0,0,0,0,0,1,0,0,0,0,0,0,1,0,1
43.0,14.0,2,2,94.0,3,4,1,6.0,24.0,3,22.0,3.0,3,4.0,1.0,1.0,0.0,3,1,1,0,0,0,0,1,0,1,0,0,0,0,0,0,1,0,0,0,0,0,0,0,0,0,0,0,0,0,0,0,0,1,0,0
27.0,5.0,1,3,42.0,2,3,4,1.0,16.0,2,9.0,3.0,3,9.0,8.0,0.0,8.0,3,1,0,0,0,0,1,0,0,1,0,0,0,0,0,0,1,0,0,0,0,0,0,0,0,0,0,0,0,0,0,0,0,1,1,0
35.0,7.0,3,3,59.0,3,3,3,3.0,21.0,2,17.0,3.0,4,8.0,5.0,1.0,6.0,4,1,0,0,0,1,0,0,1,1,0,0,0,0,0,0,1,0,0,0,0,0,0,0,0,0,0,0,0,0,0,0,0,1,0,0
28.0,2.0,4,2,81.0,3,2,2,1.0,20.0,1,8.0,2.0,3,8.0,7.0,7.0,5.0,3,0,0,1,0,0,0,1,0,0,0,0,0,1,0,0,0,0,0,0,0,0,0,0,0,0,1,0,0,0,0,0,0,1,1,0
26.0,5.0,2,3,88.0,2,1,3,1.0,14.0,1,8.0,2.0,3,8.0,7.0,1.0,7.0,3,0,0,0,1,0,0,1,0,1,0,0,0,0,0,0,1,0,0,0,0,0,0,0,0,0,0,0,0,0,0,0,1,0,1,1
27.0,3.0,3,4,50.0,3,1,4,1.0,11.0,3,0.0,6.0,2,0.0,0.0,0.0,0.0,3,1,0,0,1,0,0,1,0,1,0,0,0,0,0,0,1,0,0,0,0,0,0,0,0,0,0,0,0,0,0,0,0,0,0,0
51.0,26.0,4,1,66.0,3,4,3,2.0,14.0,3,29.0,2.0,2,20.0,6.0,4.0,17.0,3,0,0,1,0,0,0,1,0,0,0,0,0,1,0,0,0,0,0,0,0,1,0,0,0,0,0,0,0,0,0,0,0,1,0,0
44.0,4.0,3,4,50.0,3,2,2,9.0,12.0,4,10.0,2.0,2,5.0,2.0,2.0,3.0,3,1,0,0,1,0,0,0,1,1,0,0,0,0,0,0,1,0,0,0,0,0,0,0,0,0,0,0,0,0,0,0,0,1,0,0
25.0,2.0,1,1,65.0,4,1,1,7.0,13.0,3,6.0,3.0,2,4.0,3.0,0.0,1.0,3,1,0,0,1,0,0,0,1,1,0,0,0,0,0,0,1,0,0,0,0,0,0,0,0,0,0,0,0,0,0,0,0,1,0,0
35.0,27.0,1,3,53.0,2,1,1,1.0,11.0,4,6.0,3.0,2,6.0,5.0,1.0,1.0,3,0,0,0,1,0,0,0,1,1,0,0,0,0,0,0,0,0,0,0,0,0,0,0,0,0,0,0,1,0,0,0,0,1,0,0
36.0,1.0,2,2,56.0,3,2,4,1.0,14.0,4,18.0,1.0,2,18.0,14.0,4.0,11.0,3,1,1,0,0,0,0,1,0,0,0,0,0,1,0,0,0,0,0,0,0,0,0,0,0,0,1,0,0,0,0,0,0,1,1,0
53.0,7.0,2,1,78.0,2,3,4,7.0,18.0,4,35.0,3.0,3,5.0,2.0,0.0,4.0,3,0,0,1,0,0,0,1,0,0,0,0,0,1,0,0,0,0,0,0,0,0,0,0,0,0,1,0,0,0,0,0,0,1,1,0
45.0,9.0,3,4,74.0,3,3,1,4.0,12.0,3,18.0,2.0,3,5.0,4.0,0.0,2.0,3,1,0,1,0,0,0,0,0,0,0,0,0,1,0,0,0,0,0,0,0,0,0,0,0,0,1,0,0,0,0,0,0,1,1,0
32.0,8.0,2,3,91.0,4,2,3,5.0,12.0,3,9.0,3.0,2,5.0,3.0,1.0,3.0,3,0,0,0,1,0,0,1,0,1,0,0,0,0,0,0,1,0,0,0,0,0,0,0,0,0,0,0,0,0,0,0,0,1,0,0
37.0,16.0,4,4,66.0,2,2,3,4.0,19.0,4,9.0,2.0,3,1.0,0.0,0.0,0.0,3,1,0,1,0,0,0,0,0,0,0,0,0,1,0,0,0,0,0,0,0,0,0,0,0,0,1,0,0,0,0,0,0,1,0,0
28.0,8.0,2,2,63.0,2,1,4,1.0,13.0,4,6.0,6.0,3,5.0,1.0,0.0,4.0,3,1,0,0,1,0,0,0,0,0,0,1,0,0,0,0,0,0,0,1,0,0,0,0,0,0,0,0,0,0,0,0,0,1,0,0
22.0,1.0,2,4,33.0,2,2,4,6.0,22.0,1,4.0,2.0,1,2.0,2.0,2.0,2.0,3,1,1,0,0,0,0,1,0,1,0,0,0,0,0,0,0,0,0,0,0,0,0,0,0,0,0,0,1,0,0,0,0,1,0,0
44.0,8.0,4,1,62.0,4,1,4,2.0,24.0,3,10.0,2.0,2,3.0,2.0,0.0,2.0,3,1,1,0,0,0,0,1,0,1,0,0,0,0,0,0,1,0,0,0,0,0,0,0,0,0,0,0,0,0,0,0,0,1,1,0
42.0,2.0,1,2,35.0,3,1,4,5.0,14.0,4,8.0,2.0,3,2.0,1.0,2.0,2.0,3,1,0,0,1,0,0,0,1,1,0,0,0,0,0,0,0,0,0,0,0,0,0,0,0,0,0,0,1,0,0,0,1,0,1,0
36.0,8.0,3,1,77.0,2,1,1,0.0,21.0,3,6.0,3.0,3,5.0,4.0,0.0,3.0,3,1,1,0,0,0,0,1,0,0,0,1,0,0,0,0,0,0,0,1,0,0,0,0,0,0,0,0,0,0,0,0,0,1,0,0
25.0,3.0,1,3,98.0,3,2,1,1.0,18.0,4,5.0,3.0,3,5.0,3.0,0.0,3.0,3,1,0,0,0,1,0,1,0,0,0,0,0,1,0,0,0,0,0,0,0,0,0,0,0,0,1,0,0,0,0,0,0,1,1,0
35.0,25.0,4,4,96.0,3,1,2,1.0,19.0,1,10.0,3.0,2,10.0,2.0,7.0,8.0,3,0,1,0,0,0,0,0,0,1,0,0,0,0,0,0,1,0,0,0,0,0,0,0,0,0,0,0,0,0,0,0,1,0,1,1
32.0,1.0,3,4,61.0,3,1,4,0.0,12.0,2,4.0,2.0,3,3.0,0.0,0.0,2.0,3,1,1,0,0,0,0,0,0,1,0,0,0,0,0,0,1,0,0,0,0,0,0,0,0,0,0,0,0,0,0,0,0,0,0,0
49.0,1.0,3,3,36.0,3,1,1,2.0,16.0,2,7.0,2.0,3,4.0,2.0,0.0,2.0,3,0,0,0,0,0,1,1,0,0,0,0,0,0,1,0,0,0,0,0,0,0,0,0,0,0,0,0,0,0,0,0,0,1,0,0
24.0,4.0,1,1,46.0,2,1,4,0.0,17.0,4,6.0,2.0,2,5.0,2.0,3.0,4.0,3,1,1,0,0,0,0,1,0,1,0,0,0,0,0,0,0,0,0,0,0,0,0,0,0,0,0,0,1,0,0,0,0,0,0,0
32.0,5.0,2,2,48.0,3,2,2,1.0,14.0,4,10.0,3.0,3,10.0,8.0,5.0,3.0,3,1,1,0,0,0,0,1,0,0,0,0,0,1,0,0,0,0,0,0,0,0,0,0,0,0,1,0,0,0,0,0,1,0,0,0
38.0,9.0,3,2,98.0,2,1,2,0.0,19.0,4,3.0,3.0,3,2.0,2.0,1.0,2.0,3,1,0,1,0,0,0,1,0,0,0,0,0,1,0,0,0,0,0,0,0,0,0,0,0,0,0,1,0,0,0,0,0,1,0,0
31.0,11.0,4,4,48.0,3,1,4,3.0,19.0,2,8.0,2.0,3,6.0,4.0,0.0,2.0,3,1,1,0,0,0,0,1,0,1,0,0,0,0,0,0,0,0,0,0,0,0,0,0,0,0,0,0,1,0,0,0,0,1,1,0
53.0,8.0,3,1,73.0,3,4,4,5.0,14.0,3,28.0,3.0,3,2.0,0.0,2.0,2.0,3,1,0,1,0,0,0,1,0,0,0,0,0,1,0,0,0,0,0,0,0,0,0,0,0,0,1,0,0,0,0,0,0,1,0,0
37.0,21.0,2,3,54.0,3,1,4,5.0,15.0,2,10.0,3.0,3,5.0,4.0,0.0,0.0,3,0,0,0,1,0,0,1,0,0,0,0,0,1,0,0,0,0,0,0,0,0,0,0,0,0,0,1,0,0,0,0,1,0,0,0
53.0,23.0,4,4,72.0,3,4,4,6.0,18.0,3,33.0,0.0,3,12.0,9.0,3.0,8.0,3,0,1,0,0,0,0,0,1,1,0,0,0,0,0,0,1,0,0,0,0,0,0,0,0,0,0,0,0,0,0,0,0,1,0,0
43.0,1.0,3,4,33.0,3,2,4,4.0,13.0,2,12.0,2.0,2,5.0,2.0,2.0,2.0,3,0,1,0,0,0,0,1,0,1,0,0,0,0,0,0,1,0,0,0,0,0,0,0,0,0,0,0,0,0,0,0,1,0,0,0
47.0,2.0,2,3,35.0,3,2,4,0.0,22.0,1,8.0,2.0,3,7.0,6.0,7.0,7.0,4,0,0,1,0,0,0,1,0,0,0,0,0,1,0,0,0,0,0,0,0,0,0,0,0,0,1,0,0,0,0,0,0,1,1,0
37.0,19.0,2,1,32.0,3,3,2,1.0,13.0,4,10.0,2.0,3,10.0,0.0,0.0,9.0,3,1,0,0,1,0,0,0,1,0,0,0,0,1,0,0,0,0,0,0,0,0,0,0,0,0,1,0,0,0,0,0,0,0,1,0
50.0,2.0,4,1,98.0,3,4,1,1.0,11.0,4,31.0,3.0,3,31.0,6.0,14.0,7.0,3,1,1,0,0,0,0,0,0,1,0,0,0,0,0,0,1,0,0,0,0,0,0,0,0,0,0,0,0,0,0,0,0,0,0,0
39.0,2.0,3,4,42.0,2,2,4,8.0,11.0,3,13.0,2.0,3,5.0,4.0,0.0,4.0,3,0,1,0,0,0,0,1,0,0,0,1,0,0,0,0,0,0,0,1,0,0,0,0,0,0,0,0,0,0,0,0,0,1,0,0
33.0,3.0,2,4,57.0,3,1,2,3.0,11.0,3,7.0,4.0,4,4.0,3.0,0.0,3.0,3,1,0,0,0,0,0,0,0,0,0,1,0,0,0,0,0,0,0,1,0,0,0,0,0,0,0,0,0,0,0,0,0,1,1,0
32.0,25.0,4,1,87.0,3,1,4,1.0,24.0,3,1.0,2.0,1,1.0,0.0,0.0,1.0,3,1,1,0,0,0,0,0,1,1,0,0,0,0,0,0,1,0,0,0,0,0,0,0,0,0,0,0,0,0,0,0,0,1,1,1
44.0,9.0,2,2,61.0,3,1,1,1.0,13.0,4,8.0,0.0,3,8.0,7.0,7.0,1.0,3,1,1,0,0,0,0,1,0,1,0,0,0,0,0,0,1,0,0,0,0,0,0,0,0,0,0,0,0,0,0,0,0,1,1,0
58.0,2.0,1,4,57.0,2,1,4,9.0,14.0,4,3.0,3.0,2,1.0,0.0,0.0,0.0,3,1,1,0,0,0,0,0,0,1,0,0,0,0,0,0,1,0,0,0,0,0,0,0,0,0,0,0,0,0,0,0,1,0,1,1
20.0,2.0,3,3,49.0,2,1,3,1.0,13.0,4,2.0,3.0,2,2.0,2.0,0.0,2.0,3,0,0,0,1,0,0,0,1,0,0,0,0,1,0,0,0,0,0,0,0,0,0,0,0,0,0,1,0,0,0,0,0,1,0,1
21.0,18.0,1,4,65.0,3,1,4,1.0,19.0,1,1.0,3.0,2,1.0,0.0,0.0,0.0,3,0,0,0,0,1,0,0,1,0,0,0,0,0,1,0,0,0,0,0,0,0,0,0,0,0,0,0,0,0,0,0,0,1,0,1
36.0,14.0,1,3,68.0,3,2,4,0.0,17.0,1,17.0,2.0,2,16.0,8.0,4.0,11.0,3,1,1,0,0,0,0,1,0,0,0,0,0,0,1,0,0,0,0,0,0,0,0,0,0,0,0,0,0,0,0,0,0,1,1,0
47.0,2.0,4,4,65.0,2,1,4,1.0,18.0,1,3.0,3.0,2,3.0,2.0,1.0,2.0,3,0,1,0,0,0,0,0,1,0,0,0,0,1,0,0,0,0,0,0,0,0,0,0,0,0,0,1,0,0,0,0,0,1,1,0
22.0,3.0,1,2,34.0,3,2,3,0.0,19.0,1,4.0,3.0,4,3.0,2.0,0.0,2.0,3,0,1,0,0,0,0,1,0,1,0,0,0,0,0,0,1,0,0,0,0,0,0,0,0,0,0,0,0,0,0,0,0,1,1,1
28.0,9.0,3,3,77.0,3,1,3,5.0,18.0,2,6.0,2.0,3,2.0,2.0,2.0,2.0,3,0,0,0,1,0,0,0,0,1,0,0,0,0,0,0,1,0,0,0,0,0,0,0,0,0,0,0,0,0,0,0,0,1,0,0
39.0,6.0,3,4,70.0,3,1,1,7.0,21.0,4,8.0,2.0,1,2.0,2.0,2.0,2.0,3,1,0,0,1,0,0,1,0,1,0,0,0,0,0,0,0,0,0,0,0,0,0,0,0,0,0,0,1,0,0,0,0,1,1,1
27.0,4.0,3,2,76.0,3,1,3,1.0,19.0,3,1.0,2.0,3,1.0,1.0,0.0,0.0,3,0,1,0,0,0,0,0,1,1,0,0,0,0,0,0,1,0,0,0,0,0,0,0,0,0,0,0,0,0,0,0,0,1,0,0
34.0,10.0,3,2,83.0,3,1,2,1.0,14.0,2,1.0,3.0,3,1.0,0.0,1.0,0.0,3,1,1,0,0,0,0,0,0,1,0,0,0,0,0,0,1,0,0,0,0,0,0,0,0,0,0,0,0,0,0,0,0,1,0,0
42.0,14.0,2,3,68.0,2,2,3,7.0,17.0,1,10.0,6.0,3,5.0,4.0,0.0,3.0,3,0,0,0,1,0,0,0,1,0,0,0,0,1,0,0,0,0,0,0,0,0,0,0,0,0,1,0,0,0,0,0,0,1,0,0
33.0,1.0,4,3,100.0,2,1,1,3.0,11.0,2,6.0,1.0,3,3.0,2.0,0.0,2.0,3,1,0,0,0,1,0,0,1,1,0,0,0,0,0,0,0,0,0,0,0,0,0,0,0,0,0,0,1,0,0,0,0,1,1,0
58.0,5.0,3,3,37.0,2,3,2,2.0,13.0,4,24.0,3.0,3,6.0,0.0,0.0,4.0,3,0,0,0,0,0,1,0,0,1,0,0,0,0,0,0,0,0,0,0,0,0,0,0,0,0,0,0,1,0,0,0,0,1,1,0
31.0,7.0,4,2,41.0,2,1,3,3.0,15.0,2,13.0,2.0,4,7.0,7.0,5.0,2.0,3,1,1,0,0,0,0,1,0,0,0,0,0,1,0,0,0,0,0,0,0,0,0,0,0,0,0,1,0,0,0,0,0,1,0,0
35.0,21.0,1,4,51.0,3,2,4,1.0,25.0,4,10.0,2.0,1,10.0,6.0,0.0,7.0,3,0,1,0,0,0,0,1,0,1,0,0,0,0,0,0,0,0,0,0,0,0,0,0,0,0,0,0,1,0,0,0,0,1,1,0
48.0,20.0,4,4,51.0,3,1,3,4.0,17.0,1,13.0,2.0,2,0.0,0.0,0.0,0.0,3,1,0,0,1,0,0,1,0,0,0,0,0,0,1,0,0,0,0,0,0,0,0,0,0,0,0,0,0,0,0,0,0,1,0,0
31.0,20.0,2,4,45.0,3,2,3,1.0,13.0,4,9.0,2.0,2,9.0,8.0,0.0,0.0,3,0,0,1,0,0,0,1,0,0,0,0,0,1,0,0,0,0,0,0,0,0,0,0,0,0,1,0,0,0,0,0,0,0,0,0
36.0,7.0,4,2,65.0,3,1,4,2.0,18.0,3,8.0,6.0,3,6.0,2.0,0.0,1.0,3,1,0,0,0,1,0,0,1,1,0,0,0,0,0,0,1,0,0,0,0,0,0,0,0,0,0,0,0,0,0,0,0,1,0,0
38.0,1.0,3,4,80.0,3,3,1,1.0,13.0,2,15.0,3.0,3,15.0,12.0,5.0,11.0,3,0,0,0,0,0,1,1,0,1,0,0,0,0,0,0,0,0,0,0,0,0,0,0,0,0,0,0,1,0,0,0,0,1,0,0
32.0,1.0,3,3,70.0,2,1,2,6.0,20.0,3,5.0,3.0,3,3.0,0.0,0.0,2.0,4,0,1,0,0,0,0,1,0,1,0,0,0,0,0,0,0,0,0,0,0,0,0,0,0,0,0,0,1,0,0,0,0,0,0,0
25.0,19.0,2,3,36.0,2,1,2,1.0,18.0,3,1.0,2.0,3,1.0,0.0,0.0,0.0,3,1,0,1,0,0,0,1,0,0,0,0,0,1,0,0,0,0,0,0,0,0,0,0,0,0,0,1,0,0,0,0,0,1,1,1
41.0,6.0,3,4,59.0,3,1,1,2.0,13.0,3,20.0,3.0,3,18.0,13.0,2.0,17.0,3,1,0,0,1,0,0,0,1,1,0,0,0,0,0,0,1,0,0,0,0,0,0,0,0,0,0,0,0,0,0,0,0,1,1,0
36.0,2.0,4,3,79.0,3,1,3,4.0,21.0,3,16.0,6.0,3,11.0,8.0,3.0,9.0,4,1,0,0,1,0,0,0,1,1,0,0,0,0,0,0,1,0,0,0,0,0,0,0,0,0,0,0,0,0,0,0,0,1,0,0
19.0,21.0,3,4,37.0,2,1,2,1.0,13.0,2,1.0,3.0,4,1.0,0.0,0.0,0.0,3,1,0,0,0,1,0,0,1,0,0,0,0,1,0,0,0,0,0,0,0,0,0,0,0,0,0,1,0,0,0,0,0,1,1,1
20.0,4.0,3,1,84.0,3,1,1,1.0,19.0,2,1.0,2.0,3,1.0,0.0,0.0,0.0,3,1,0,0,0,0,1,0,1,1,0,0,0,0,0,0,1,0,0,0,0,0,0,0,0,0,0,0,0,0,0,0,0,1,0,1
31.0,12.0,3,4,41.0,3,2,4,0.0,11.0,3,10.0,2.0,1,9.0,7.0,8.0,5.0,3,0,0,0,1,0,0,1,0,1,0,0,0,0,0,0,1,0,0,0,0,0,0,0,0,0,0,0,0,0,0,0,0,1,1,0
36.0,3.0,1,3,51.0,2,3,4,1.0,11.0,1,16.0,6.0,3,16.0,7.0,3.0,7.0,3,1,1,0,0,0,0,1,0,0,0,0,0,1,0,0,0,0,0,0,0,0,0,0,0,0,1,0,0,0,0,0,0,1,1,1
37.0,1.0,4,1,46.0,2,3,3,5.0,11.0,3,17.0,2.0,1,14.0,1.0,11.0,7.0,2,1,1,0,0,0,0,1,0,0,0,0,0,1,0,0,0,0,0,0,0,0,0,0,0,0,1,0,0,0,0,0,0,1,0,1
45.0,4.0,2,3,57.0,3,2,2,1.0,12.0,2,9.0,5.0,2,9.0,7.0,0.0,8.0,3,1,1,0,0,0,0,1,0,1,0,0,0,0,0,0,1,0,0,0,0,0,0,0,0,0,0,0,0,0,0,0,0,0,0,0
29.0,20.0,3,3,84.0,3,1,4,1.0,15.0,2,3.0,5.0,3,3.0,1.0,0.0,2.0,3,0,0,0,0,0,1,1,0,0,0,0,0,1,0,0,0,0,0,0,0,0,0,0,0,0,0,1,0,0,0,0,1,0,0,0
35.0,18.0,3,3,86.0,3,2,3,1.0,16.0,2,5.0,3.0,3,5.0,2.0,1.0,0.0,3,0,0,0,1,0,0,1,0,0,0,0,0,1,0,0,0,0,0,0,0,0,0,0,0,0,1,0,0,0,0,0,0,1,0,0
52.0,1.0,2,4,70.0,3,4,4,2.0,15.0,2,26.0,2.0,2,9.0,8.0,7.0,8.0,3,1,1,0,0,0,0,1,0,1,0,0,0,0,0,0,0,0,0,0,0,0,0,0,0,0,0,0,1,0,0,0,0,1,0,0
53.0,2.0,2,3,45.0,3,4,3,6.0,13.0,3,22.0,3.0,4,17.0,13.0,15.0,2.0,3,1,0,0,1,0,0,0,0,0,0,0,0,1,0,0,0,0,0,0,0,1,0,0,0,0,0,0,0,0,0,0,0,1,0,0
30.0,8.0,2,3,62.0,3,3,3,5.0,11.0,1,10.0,2.0,4,8.0,4.0,7.0,7.0,3,1,0,0,0,1,0,0,0,0,0,0,0,1,0,0,0,0,0,0,0,0,0,0,0,0,1,0,0,0,0,0,0,1,0,0
35.0,3.0,4,4,92.0,3,3,4,6.0,13.0,2,12.0,2.0,3,10.0,9.0,0.0,8.0,3,1,1,0,0,0,0,0,0,0,0,0,0,1,0,0,0,0,0,0,0,0,0,0,0,0,1,0,0,0,0,0,0,1,0,0
39.0,2.0,5,1,41.0,4,3,3,0.0,18.0,4,9.0,3.0,3,8.0,7.0,0.0,7.0,3,1,1,0,0,0,0,0,1,0,0,0,0,1,0,0,0,0,0,0,0,0,0,0,0,0,1,0,0,0,0,0,0,1,0,0
40.0,24.0,3,2,100.0,4,4,2,4.0,16.0,4,22.0,2.0,2,1.0,0.0,0.0,0.0,3,0,1,0,0,0,0,0,1,0,0,0,0,1,0,0,0,0,0,0,0,0,0,0,0,0,1,0,0,0,0,0,0,0,1,1
47.0,16.0,4,3,64.0,4,2,3,1.0,19.0,3,20.0,3.0,4,19.0,10.0,2.0,7.0,3,1,0,0,1,0,0,0,0,1,0,0,0,0,0,0,0,0,0,0,0,0,0,0,0,0,0,0,1,0,0,0,1,0,1,0
36.0,8.0,4,1,84.0,3,2,4,4.0,13.0,4,12.0,3.0,3,7.0,7.0,0.0,7.0,3,1,0,0,0,0,1,0,0,0,0,0,0,1,0,0,0,0,0,0,0,0,0,0,0,0,1,0,0,0,0,0,0,0,0,0
31.0,9.0,2,3,46.0,2,1,1,0.0,22.0,1,4.0,0.0,3,3.0,2.0,1.0,2.0,4,1,0,0,1,0,0,0,1,1,0,0,0,0,0,0,1,0,0,0,0,0,0,0,0,0,0,0,0,0,0,0,0,0,1,1
33.0,17.0,3,4,38.0,3,4,3,1.0,11.0,4,10.0,2.0,3,10.0,8.0,6.0,0.0,3,1,1,0,0,0,0,0,1,0,0,0,0,1,0,0,0,0,0,0,0,1,0,0,0,0,0,0,0,0,0,0,0,0,0,0
29.0,10.0,3,4,92.0,2,1,1,6.0,20.0,3,3.0,5.0,3,0.0,0.0,0.0,0.0,4,0,1,0,0,0,0,0,1,1,0,0,0,0,0,0,1,0,0,0,0,0,0,0,0,0,0,0,0,0,0,0,0,1,1,1
33.0,13.0,1,2,53.0,3,1,4,3.0,18.0,1,5.0,4.0,3,3.0,2.0,0.0,2.0,3,0,1,0,0,0,0,0,1,1,0,0,0,0,0,0,1,0,0,0,0,0,0,0,0,0,0,0,0,0,0,0,0,1,0,0
45.0,1.0,4,4,91.0,3,1,4,3.0,14.0,4,8.0,2.0,3,5.0,3.0,0.0,2.0,3,0,0,0,1,0,0,0,0,1,0,0,0,0,0,0,1,0,0,0,0,0,0,0,0,0,0,0,0,0,0,0,0,1,0,0
50.0,1.0,2,4,66.0,3,4,4,9.0,22.0,3,32.0,1.0,2,5.0,4.0,1.0,3.0,4,1,0,0,1,0,0,0,0,1,0,0,0,0,0,0,0,0,0,0,0,0,0,0,0,0,0,0,1,0,0,0,0,1,0,0
33.0,1.0,4,3,84.0,4,2,2,1.0,13.0,1,6.0,2.0,3,6.0,5.0,1.0,2.0,3,0,0,0,0,1,0,1,0,1,0,0,0,0,0,0,1,0,0,0,0,0,0,0,0,0,0,0,0,0,0,0,1,0,1,0
41.0,9.0,3,1,64.0,3,5,3,2.0,17.0,2,21.0,2.0,4,18.0,16.0,0.0,11.0,3,1,0,0,1,0,0,0,0,1,0,0,0,0,0,0,1,0,0,0,0,0,0,0,0,0,0,0,0,0,0,0,1,0,0,0
45.0,23.0,2,4,42.0,3,2,1,1.0,15.0,3,9.0,2.0,3,9.0,8.0,0.0,8.0,3,1,1,0,0,0,0,1,0,1,0,0,0,0,0,0,1,0,0,0,0,0,0,0,0,0,0,0,0,0,0,0,0,0,1,0
47.0,4.0,2,4,83.0,3,2,4,1.0,17.0,3,9.0,0.0,3,9.0,0.0,0.0,7.0,3,0,1,0,0,0,0,0,1,0,0,0,0,1,0,0,0,0,0,0,0,0,0,0,0,0,1,0,0,0,0,0,0,1,1,0
30.0,22.0,3,1,48.0,3,1,3,4.0,11.0,2,7.0,2.0,3,5.0,2.0,0.0,1.0,3,0,1,0,0,0,0,1,0,1,0,0,0,0,0,0,1,0,0,0,0,0,0,0,0,0,0,0,0,0,0,0,0,1,1,1
50.0,24.0,3,4,95.0,3,4,3,3.0,18.0,4,22.0,2.0,3,12.0,11.0,1.0,5.0,3,1,1,0,0,0,0,1,0,1,0,0,0,0,0,0,1,0,0,0,0,0,0,0,0,0,0,0,0,0,0,0,0,1,1,0
38.0,10.0,1,3,66.0,3,1,3,0.0,17.0,2,3.0,0.0,2,2.0,1.0,0.0,2.0,3,1,0,0,1,0,0,1,0,0,0,0,1,0,0,0,0,0,0,0,0,0,0,0,0,0,0,0,0,1,0,0,1,0,0,0
35.0,14.0,4,3,39.0,2,1,2,1.0,24.0,4,5.0,2.0,1,4.0,2.0,0.0,2.0,3,1,0,0,0,1,0,0,0,0,0,0,1,0,0,0,0,0,0,0,1,0,0,0,0,0,0,0,0,0,0,0,0,1,1,1
31.0,1.0,1,3,96.0,3,2,1,1.0,12.0,3,4.0,1.0,3,4.0,3.0,0.0,3.0,3,0,1,0,0,0,0,1,0,0,0,0,1,0,0,0,0,0,0,0,0,0,0,1,0,0,0,0,0,0,0,0,1,0,0,0
18.0,5.0,2,2,73.0,3,1,4,1.0,15.0,4,0.0,2.0,3,0.0,0.0,0.0,0.0,3,1,1,0,0,0,0,0,1,0,0,0,1,0,0,0,0,0,0,0,0,0,0,0,0,1,0,0,0,0,0,0,0,0,0,0
54.0,17.0,3,3,56.0,3,3,3,8.0,11.0,3,22.0,2.0,3,10.0,7.0,0.0,8.0,3,0,0,0,0,0,1,1,0,0,0,0,1,0,0,0,0,0,0,0,0,0,0,0,0,0,0,0,0,1,0,0,0,1,0,0
35.0,25.0,4,3,57.0,3,3,3,1.0,11.0,3,16.0,3.0,2,16.0,10.0,10.0,1.0,3,0,0,0,1,0,0,0,0,0,0,0,1,0,0,0,0,0,1,0,0,0,0,0,0,0,0,0,0,0,0,0,0,1,1,0
30.0,8.0,2,2,73.0,4,3,1,0.0,12.0,3,9.0,4.0,2,8.0,7.0,1.0,7.0,2,0,1,0,0,0,0,1,0,0,0,0,1,0,0,0,0,0,0,0,0,0,0,0,1,0,0,0,0,0,0,0,0,1,1,0
26.0,2.0,2,4,32.0,4,2,4,1.0,12.0,2,8.0,2.0,3,8.0,7.0,1.0,3.0,3,1,0,0,1,0,0,1,0,0,0,0,1,0,0,0,0,0,0,0,0,0,0,0,0,0,0,0,0,1,0,0,0,1,0,0
22.0,8.0,1,2,94.0,1,1,1,1.0,15.0,1,4.0,3.0,2,4.0,3.0,1.0,1.0,2,1,1,0,0,0,0,1,0,0,0,0,1,0,0,0,0,0,0,0,1,0,0,0,0,0,0,0,0,0,0,0,0,1,0,0
48.0,6.0,3,1,97.0,2,2,3,2.0,13.0,4,19.0,0.0,3,2.0,2.0,2.0,2.0,2,1,1,0,0,0,0,0,1,0,0,0,1,0,0,0,0,0,1,0,0,0,0,0,0,0,0,0,0,0,0,0,0,1,0,0
48.0,4.0,4,3,78.0,2,3,3,7.0,14.0,2,27.0,3.0,3,15.0,11.0,4.0,8.0,3,1,1,0,0,0,0,0,1,0,0,0,1,0,0,0,0,0,0,0,0,0,0,0,0,0,0,0,0,1,0,0,0,1,0,0
41.0,7.0,2,4,42.0,3,2,3,6.0,14.0,2,8.0,6.0,3,2.0,2.0,2.0,1.0,3,0,0,0,1,0,0,0,1,0,0,0,1,0,0,0,0,0,0,0,0,0,0,1,0,0,0,0,0,0,0,0,0,1,0,0
39.0,1.0,1,4,65.0,2,4,4,1.0,16.0,3,21.0,3.0,3,21.0,6.0,11.0,8.0,3,0,1,0,0,0,0,1,0,0,0,0,1,0,0,0,0,0,0,0,0,0,0,1,0,0,0,0,0,0,0,0,0,1,0,0
27.0,2.0,4,1,47.0,3,2,4,0.0,18.0,2,4.0,2.0,3,3.0,2.0,2.0,2.0,2,0,1,0,0,0,0,1,0,0,0,0,1,0,0,0,0,0,0,0,0,0,0,0,0,0,0,0,0,1,0,0,0,1,0,0
35.0,10.0,3,2,45.0,3,1,4,1.0,20.0,1,3.0,4.0,2,3.0,2.0,1.0,2.0,2,1,0,0,0,1,0,0,0,0,0,0,1,0,0,0,0,0,0,0,1,0,0,0,0,0,0,0,0,0,0,0,0,1,0,0
42.0,5.0,2,4,90.0,3,5,3,6.0,13.0,2,21.0,3.0,4,1.0,0.0,0.0,0.0,4,1,0,1,0,0,0,1,0,0,0,0,0,1,0,0,0,0,0,0,0,1,0,0,0,0,0,0,0,0,0,0,0,1,0,0
50.0,9.0,3,1,64.0,3,1,4,4.0,18.0,2,8.0,5.0,3,1.0,0.0,0.0,0.0,3,1,1,0,0,0,0,1,0,0,0,0,1,0,0,0,0,0,0,0,1,0,0,0,0,0,0,0,0,0,0,0,0,1,0,0
59.0,2.0,3,3,69.0,2,4,4,3.0,13.0,1,30.0,4.0,3,5.0,3.0,4.0,3.0,3,0,1,0,0,0,0,0,1,0,0,0,1,0,0,0,0,0,0,0,0,0,0,1,0,0,0,0,0,0,0,0,0,1,1,0
55.0,18.0,4,3,62.0,3,2,2,3.0,14.0,4,17.0,3.0,3,8.0,7.0,6.0,7.0,3,1,0,0,1,0,0,1,0,0,0,0,1,0,0,0,0,0,1,0,0,0,0,0,0,0,0,0,0,0,0,0,1,0,1,0
41.0,7.0,1,2,55.0,1,5,3,1.0,22.0,2,21.0,3.0,3,21.0,16.0,5.0,10.0,2,0,1,0,0,0,0,0,0,0,0,0,1,0,0,0,0,0,0,0,0,0,0,0,1,0,0,0,0,0,0,0,0,0,0,0
38.0,3.0,4,2,42.0,3,2,4,8.0,12.0,3,19.0,1.0,3,1.0,0.0,0.0,0.0,3,1,1,0,0,0,0,0,1,0,0,0,0,1,0,0,0,0,0,0,0,0,0,0,0,0,1,0,0,0,0,0,0,1,1,0
26.0,29.0,2,2,79.0,1,2,1,8.0,18.0,4,7.0,6.0,3,2.0,2.0,2.0,2.0,2,1,0,0,1,0,0,0,1,0,0,0,0,1,0,0,0,0,0,0,0,0,0,0,0,0,1,0,0,0,0,0,0,0,0,1
52.0,2.0,1,1,57.0,1,5,4,1.0,15.0,4,33.0,3.0,3,32.0,14.0,6.0,9.0,2,0,0,1,0,0,0,1,0,0,0,0,0,1,0,0,0,0,0,0,0,1,0,0,0,0,0,0,0,0,0,0,0,1,0,1
44.0,28.0,3,4,53.0,4,4,4,3.0,18.0,3,23.0,2.0,3,12.0,11.0,11.0,11.0,3,0,0,0,1,0,0,1,0,0,0,0,0,1,0,0,0,0,0,0,0,0,0,0,0,0,1,0,0,0,0,0,0,1,1,0
50.0,1.0,3,4,95.0,3,2,3,0.0,12.0,1,19.0,3.0,3,18.0,7.0,0.0,13.0,3,0,1,0,0,0,0,1,0,0,0,0,0,1,0,0,0,0,0,0,0,0,0,0,0,0,1,0,0,0,0,0,0,0,0,0
39.0,22.0,3,4,82.0,3,3,1,1.0,13.0,3,21.0,2.0,3,21.0,6.0,2.0,8.0,3,0,0,0,1,0,0,0,1,0,0,0,1,0,0,0,0,0,0,0,0,0,0,1,0,0,0,0,0,0,0,0,1,0,1,0
33.0,8.0,1,2,88.0,2,1,4,0.0,19.0,4,3.0,2.0,2,2.0,2.0,2.0,2.0,2,0,1,0,0,0,0,0,1,0,0,0,0,1,0,0,0,0,0,0,0,0,0,0,0,0,0,1,0,0,0,0,0,0,0,0
45.0,11.0,2,4,90.0,3,4,4,3.0,13.0,2,26.0,4.0,4,9.0,3.0,1.0,1.0,3,0,1,0,0,0,0,1,0,0,0,0,0,1,0,0,0,0,0,0,0,1,0,0,0,0,0,0,0,0,0,0,0,1,0,0
32.0,29.0,4,4,69.0,3,1,3,9.0,12.0,2,10.0,2.0,3,8.0,7.0,7.0,7.0,3,0,0,0,1,0,0,0,1,0,0,0,1,0,0,0,0,0,0,0,0,0,0,0,0,0,0,0,0,1,0,0,0,0,0,0
34.0,1.0,4,2,75.0,4,2,4,0.0,11.0,4,16.0,2.0,2,15.0,1.0,0.0,9.0,3,1,0,1,0,0,0,0,0,0,0,0,0,1,0,0,0,0,0,0,0,0,0,0,0,0,1,0,0,0,0,0,0,1,0,0
59.0,1.0,2,2,66.0,3,3,4,3.0,14.0,3,14.0,1.0,1,6.0,4.0,0.0,4.0,3,1,0,0,0,0,1,1,0,0,0,0,0,1,0,0,0,0,0,0,0,1,0,0,0,0,0,0,0,0,0,0,0,1,1,0
45.0,24.0,4,2,36.0,3,1,2,1.0,16.0,1,6.0,3.0,3,6.0,3.0,0.0,4.0,3,1,0,0,1,0,0,0,1,0,0,1,0,0,0,0,0,0,0,1,0,0,0,0,0,0,0,0,0,0,0,0,0,1,0,0
36.0,15.0,3,1,81.0,3,2,3,7.0,14.0,2,9.0,3.0,2,1.0,0.0,0.0,0.0,3,1,0,0,0,1,0,0,0,0,0,0,1,0,0,0,0,0,0,0,1,0,0,0,0,0,0,0,0,0,0,0,0,1,0,1
26.0,2.0,3,1,57.0,3,1,1,6.0,14.0,2,6.0,2.0,3,3.0,2.0,1.0,2.0,2,1,1,0,0,0,0,1,0,0,0,0,1,0,0,0,0,0,0,0,0,0,0,0,0,1,0,0,0,0,0,0,1,0,1,1
28.0,10.0,1,4,74.0,3,1,2,1.0,22.0,2,1.0,5.0,3,1.0,0.0,0.0,0.0,4,1,0,0,1,0,0,1,0,0,0,0,0,1,0,0,0,0,0,0,0,0,0,0,0,0,0,1,0,0,0,0,0,1,0,0
38.0,3.0,4,3,44.0,3,1,3,3.0,16.0,1,8.0,2.0,3,2.0,2.0,2.0,2.0,3,1,0,0,0,1,0,1,0,0,0,0,1,0,0,0,0,0,0,0,0,0,0,0,0,0,0,0,0,1,0,0,1,0,0,0
50.0,2.0,4,2,62.0,3,5,3,2.0,11.0,4,29.0,2.0,2,8.0,1.0,7.0,7.0,3,1,0,0,1,0,0,1,0,0,0,0,1,0,0,0,0,0,0,0,0,0,0,0,0,0,0,0,0,1,0,0,0,1,1,0
37.0,3.0,3,4,35.0,3,2,2,3.0,15.0,1,8.0,3.0,2,4.0,3.0,0.0,1.0,3,0,0,0,0,1,0,0,1,0,0,0,1,0,0,0,0,0,1,0,0,0,0,0,0,0,0,0,0,0,0,0,0,1,0,0
40.0,26.0,3,3,74.0,3,2,1,1.0,14.0,2,8.0,3.0,2,7.0,7.0,7.0,5.0,3,1,0,1,0,0,0,1,0,0,0,0,0,1,0,0,0,0,0,0,0,0,0,0,0,0,1,0,0,0,0,0,0,1,0,0
26.0,1.0,1,1,66.0,2,1,3,1.0,13.0,3,5.0,5.0,3,5.0,3.0,1.0,3.0,2,0,0,0,1,0,0,0,0,0,0,0,1,0,0,0,0,0,0,0,0,0,0,0,0,1,0,0,0,0,0,0,1,0,0,0
54.0,2.0,4,3,41.0,2,3,3,6.0,11.0,2,13.0,4.0,3,9.0,4.0,7.0,0.0,3,0,1,0,0,0,0,1,0,0,0,0,0,1,0,0,0,0,0,0,0,0,0,0,0,0,1,0,0,0,0,0,0,1,0,0
56.0,9.0,3,1,63.0,3,1,3,2.0,19.0,2,18.0,4.0,3,5.0,4.0,0.0,3.0,3,0,0,0,1,0,0,1,0,0,0,0,1,0,0,0,0,0,0,0,0,0,0,0,0,0,0,0,0,1,0,0,1,0,0,0
36.0,12.0,5,4,51.0,2,3,4,0.0,11.0,2,15.0,2.0,2,14.0,8.0,7.0,8.0,3,0,0,0,1,0,0,0,1,0,0,0,1,0,0,0,0,0,0,0,0,0,0,1,0,0,0,0,0,0,0,0,0,1,0,0
55.0,2.0,1,3,40.0,2,4,1,7.0,15.0,2,31.0,3.0,4,9.0,7.0,6.0,2.0,4,1,0,0,1,0,0,0,1,0,0,0,1,0,0,0,0,0,0,0,0,1,0,0,0,0,0,0,0,0,0,0,0,0,0,0
43.0,25.0,3,3,79.0,2,3,4,5.0,13.0,3,18.0,5.0,3,1.0,0.0,0.0,0.0,3,1,0,0,1,0,0,0,0,0,0,0,0,1,0,0,0,0,0,0,0,0,0,0,0,0,1,0,0,0,0,0,0,1,0,0
20.0,9.0,3,4,54.0,3,1,4,1.0,14.0,2,2.0,3.0,3,2.0,2.0,0.0,2.0,3,0,0,1,0,0,0,0,1,0,0,0,0,1,0,0,0,0,0,0,0,0,0,0,0,0,0,1,0,0,0,0,1,0,1,1
21.0,10.0,3,3,36.0,2,1,1,1.0,13.0,1,1.0,6.0,2,1.0,0.0,1.0,0.0,3,0,1,0,0,0,0,0,1,0,0,0,1,0,0,0,0,0,0,0,0,0,0,0,0,0,0,0,0,1,0,0,0,1,0,1
46.0,8.0,4,4,74.0,2,2,1,8.0,23.0,1,19.0,2.0,3,16.0,13.0,1.0,7.0,4,0,1,0,0,0,0,0,0,0,0,0,1,0,0,0,0,0,0,0,0,0,0,0,0,0,0,0,0,1,0,0,0,1,1,0
28.0,24.0,2,2,72.0,2,3,1,1.0,12.0,1,10.0,2.0,2,10.0,7.0,1.0,9.0,2,1,0,0,0,0,1,0,1,0,0,0,1,0,0,0,0,0,0,0,0,0,0,0,0,0,0,0,0,1,0,0,0,0,0,1
26.0,1.0,2,1,59.0,2,1,1,1.0,16.0,1,6.0,2.0,3,5.0,3.0,1.0,3.0,2,1,0,0,1,0,0,1,0,0,0,0,1,0,0,0,0,0,0,0,1,0,0,0,0,0,0,0,0,0,0,0,0,1,0,0
30.0,20.0,3,3,85.0,3,2,1,0.0,15.0,3,7.0,1.0,2,6.0,2.0,0.0,2.0,3,1,0,0,0,1,0,1,0,0,0,0,1,0,0,0,0,0,0,0,0,0,0,0,0,0,0,0,0,1,0,0,0,1,0,0
38.0,17.0,1,3,65.0,2,3,3,0.0,18.0,1,20.0,4.0,2,19.0,9.0,1.0,9.0,3,0,1,0,0,0,0,1,0,0,0,0,1,0,0,0,0,0,1,0,0,0,0,0,0,0,0,0,0,0,0,0,0,1,0,0
40.0,20.0,4,1,61.0,3,3,4,4.0,20.0,4,14.0,6.0,3,11.0,10.0,11.0,1.0,2,1,0,0,0,0,1,1,0,0,0,0,1,0,0,0,0,0,0,0,0,0,0,0,0,0,0,0,0,1,0,0,0,1,0,0
27.0,8.0,5,1,87.0,1,1,3,1.0,19.0,4,3.0,4.0,3,3.0,2.0,1.0,2.0,2,1,1,0,0,0,0,1,0,0,0,0,1,0,0,0,0,0,0,0,0,0,0,0,0,0,0,0,0,1,0,0,0,0,0,0
55.0,2.0,1,4,65.0,3,3,2,3.0,18.0,2,23.0,4.0,3,3.0,2.0,1.0,2.0,3,1,1,0,0,0,0,1,0,0,0,0,1,0,0,0,0,0,0,0,0,0,1,0,0,0,0,0,0,0,0,0,1,0,0,0
44.0,1.0,2,2,91.0,2,3,1,9.0,14.0,4,24.0,1.0,3,20.0,6.0,3.0,6.0,2,1,0,0,1,0,0,1,0,0,0,1,0,0,0,0,0,0,0,1,0,0,0,0,0,0,0,0,0,0,0,0,0,1,0,1
33.0,29.0,4,1,54.0,2,2,3,1.0,22.0,2,14.0,4.0,3,13.0,7.0,3.0,8.0,2,0,0,0,1,0,0,0,1,0,0,0,1,0,0,0,0,0,0,0,0,0,0,0,0,1,0,0,0,0,0,0,1,0,0,1
34.0,3.0,1,1,45.0,3,2,4,0.0,17.0,3,7.0,1.0,2,6.0,2.0,0.0,4.0,3,1,1,0,0,0,0,0,1,0,0,0,1,0,0,0,0,0,1,0,0,0,0,0,0,0,0,0,0,0,0,0,1,0,0,0
25.0,4.0,1,4,32.0,3,1,4,1.0,15.0,2,7.0,3.0,4,7.0,7.0,5.0,6.0,3,1,0,0,0,0,1,1,0,0,0,0,1,0,0,0,0,0,0,0,0,0,1,0,0,0,0,0,0,0,0,0,0,1,1,1
26.0,21.0,3,1,37.0,3,1,3,1.0,20.0,3,1.0,0.0,2,1.0,1.0,0.0,0.0,4,1,0,0,1,0,0,0,0,0,0,0,1,0,0,0,0,0,0,0,0,0,1,0,0,0,0,0,0,0,0,0,0,1,0,1
42.0,2.0,2,4,35.0,3,4,1,0.0,17.0,4,23.0,3.0,3,22.0,6.0,13.0,7.0,3,1,0,0,1,0,0,1,0,0,0,0,1,0,0,0,0,0,0,0,0,1,0,0,0,0,0,0,0,0,0,0,0,1,0,0
28.0,1.0,3,1,45.0,2,1,2,1.0,15.0,1,1.0,2.0,3,1.0,0.0,0.0,0.0,3,1,0,0,1,0,0,0,0,0,0,0,1,0,0,0,0,0,0,0,0,0,1,0,0,0,0,0,0,0,0,0,1,0,0,1
50.0,1.0,4,4,81.0,3,2,3,3.0,14.0,4,5.0,4.0,3,0.0,0.0,0.0,0.0,3,1,0,0,0,1,0,0,1,0,0,0,0,1,0,0,0,0,0,0,0,0,0,0,0,0,1,0,0,0,0,0,1,0,1,1
33.0,7.0,3,4,30.0,3,2,2,0.0,17.0,3,4.0,3.0,3,3.0,2.0,0.0,2.0,3,0,1,0,0,0,0,1,0,0,0,0,0,1,0,0,0,0,0,0,0,0,0,0,0,0,1,0,0,0,0,0,1,0,0,0
34.0,3.0,4,3,40.0,2,1,4,3.0,17.0,4,6.0,2.0,3,0.0,0.0,0.0,0.0,3,1,1,0,0,0,0,1,0,0,0,0,1,0,0,0,0,0,0,0,0,0,0,0,0,1,0,0,0,0,0,0,0,0,0,0
48.0,1.0,4,1,35.0,4,4,4,2.0,22.0,3,27.0,3.0,2,5.0,4.0,2.0,1.0,2,1,0,0,1,0,0,0,1,0,0,0,1,0,0,0,0,0,0,0,0,0,1,0,0,0,0,0,0,0,0,0,0,0,0,0
45.0,9.0,4,2,65.0,2,2,3,1.0,13.0,4,15.0,2.0,3,15.0,10.0,4.0,12.0,2,0,1,0,0,0,0,1,0,0,0,0,0,1,0,0,0,0,0,0,0,0,0,0,0,0,1,0,0,0,0,0,0,0,0,0
52.0,7.0,4,2,87.0,3,3,2,7.0,19.0,4,18.0,4.0,3,8.0,6.0,4.0,0.0,2,1,1,0,0,0,0,0,1,0,0,0,1,0,0,0,0,0,1,0,0,0,0,0,0,0,0,0,0,0,0,0,0,1,0,0
38.0,10.0,4,3,73.0,2,3,3,0.0,14.0,2,9.0,2.0,3,8.0,7.0,2.0,7.0,3,1,0,1,0,0,0,0,0,0,0,0,0,1,0,0,0,0,0,0,0,0,0,0,0,0,1,0,0,0,0,0,0,1,1,0
29.0,28.0,4,3,93.0,3,1,4,4.0,22.0,1,11.0,1.0,3,7.0,5.0,1.0,7.0,4,0,1,0,0,0,0,0,0,0,0,0,1,0,0,0,0,0,0,0,0,0,1,0,0,0,0,0,0,0,0,0,0,1,0,0
28.0,3.0,3,4,93.0,3,3,2,0.0,17.0,2,10.0,3.0,2,9.0,7.0,1.0,7.0,3,0,0,0,1,0,0,0,0,0,0,0,1,0,0,0,0,0,0,0,0,0,0,1,0,0,0,0,0,0,0,0,0,1,0,0
46.0,3.0,1,1,52.0,3,4,3,3.0,12.0,4,23.0,3.0,3,12.0,9.0,4.0,9.0,2,1,0,1,0,0,0,1,0,0,0,0,0,1,0,0,0,0,0,0,0,1,0,0,0,0,0,0,0,0,0,0,0,1,0,0
38.0,2.0,2,4,32.0,3,3,2,7.0,16.0,3,10.0,2.0,3,1.0,0.0,0.0,0.0,3,1,0,1,0,0,0,0,1,0,0,0,0,1,0,0,0,0,0,0,0,0,0,0,0,0,1,0,0,0,0,0,0,1,0,0
39.0,2.0,3,1,84.0,3,4,4,7.0,11.0,4,21.0,4.0,3,18.0,7.0,11.0,5.0,2,1,1,0,0,0,0,0,0,0,0,0,1,0,0,0,0,0,1,0,0,0,0,0,0,0,0,0,0,0,0,0,1,0,0,1
40.0,14.0,3,3,44.0,2,5,3,1.0,14.0,1,21.0,2.0,4,20.0,7.0,4.0,9.0,3,1,0,0,1,0,0,0,1,0,0,0,1,0,0,0,0,0,0,0,0,0,1,0,0,0,0,0,0,0,0,0,0,1,0,0
39.0,9.0,3,3,70.0,3,2,2,9.0,15.0,3,9.0,2.0,2,5.0,4.0,0.0,3.0,3,1,1,0,0,0,0,0,1,0,0,0,1,0,0,0,0,0,0,0,1,0,0,0,0,0,0,0,0,0,0,0,0,0,0,0
36.0,18.0,4,1,78.0,3,2,4,2.0,20.0,1,18.0,0.0,3,11.0,9.0,0.0,9.0,3,1,1,0,0,0,0,0,1,0,0,0,1,0,0,0,0,0,0,0,0,0,0,1,0,0,0,0,0,0,0,0,0,0,0,0
31.0,20.0,3,3,67.0,4,1,4,0.0,12.0,1,3.0,4.0,3,2.0,2.0,2.0,2.0,3,1,1,0,0,0,0,1,0,0,0,0,0,1,0,0,0,0,0,0,0,0,0,0,0,0,0,1,0,0,0,0,1,0,0,0
28.0,2.0,1,1,67.0,2,1,2,0.0,17.0,1,6.0,2.0,1,5.0,3.0,0.0,4.0,3,1,1,0,0,0,0,1,0,0,0,0,1,0,0,0,0,0,0,0,0,0,1,0,0,0,0,0,0,0,0,0,0,1,0,0
35.0,11.0,2,4,54.0,3,2,4,1.0,11.0,4,5.0,3.0,3,5.0,2.0,0.0,2.0,3,1,0,1,0,0,0,0,0,0,0,0,0,1,0,0,0,0,0,0,0,0,0,0,0,0,1,0,0,0,0,0,1,0,0,0
49.0,8.0,4,4,56.0,2,4,2,6.0,17.0,2,22.0,3.0,3,9.0,8.0,2.0,3.0,3,1,0,0,0,0,1,1,0,0,0,0,0,1,0,0,0,0,0,0,0,0,0,0,0,0,1,0,0,0,0,0,0,1,0,0
34.0,2.0,2,4,95.0,3,2,3,2.0,11.0,4,5.0,3.0,2,3.0,2.0,0.0,2.0,3,1,1,0,0,0,0,0,1,0,0,0,1,0,0,0,0,0,0,0,0,0,1,0,0,0,0,0,0,0,0,0,1,0,0,0
29.0,10.0,3,4,61.0,3,1,2,0.0,14.0,4,8.0,2.0,2,7.0,5.0,1.0,1.0,3,0,1,0,0,0,0,0,0,0,0,0,1,0,0,0,0,0,0,0,0,0,0,0,0,1,0,0,0,0,0,0,1,0,0,0
42.0,29.0,3,2,56.0,1,2,4,4.0,19.0,1,16.0,3.0,3,1.0,0.0,0.0,0.0,3,1,0,0,1,0,0,0,1,0,0,0,1,0,0,0,0,0,0,0,1,0,0,0,0,0,0,0,0,0,0,0,0,1,0,0
29.0,8.0,1,2,79.0,2,2,4,1.0,15.0,3,10.0,2.0,2,10.0,7.0,1.0,2.0,2,1,0,0,1,0,0,1,0,0,0,0,1,0,0,0,0,0,0,0,0,0,0,1,0,0,0,0,0,0,0,0,0,1,1,0
28.0,6.0,3,3,39.0,2,1,3,1.0,14.0,4,3.0,2.0,3,3.0,1.0,0.0,2.0,3,1,1,0,0,0,0,0,0,0,0,0,1,0,0,0,0,0,0,0,0,0,0,0,0,1,0,0,0,0,0,0,1,0,1,0
18.0,8.0,1,3,80.0,3,1,3,1.0,12.0,4,0.0,0.0,3,0.0,0.0,0.0,0.0,3,1,0,0,1,0,0,0,1,0,0,0,1,0,0,0,0,0,0,0,1,0,0,0,0,0,0,0,0,0,0,0,0,0,0,1
33.0,9.0,4,1,77.0,3,2,1,0.0,17.0,1,6.0,3.0,3,5.0,2.0,0.0,3.0,3,0,0,1,0,0,0,0,1,0,0,0,0,1,0,0,0,0,0,0,0,0,0,0,0,0,1,0,0,0,0,0,0,1,1,1
41.0,12.0,4,2,46.0,3,1,4,3.0,11.0,1,6.0,4.0,3,1.0,0.0,0.0,0.0,3,1,1,0,0,0,0,1,0,0,0,0,1,0,0,0,0,0,0,0,1,0,0,0,0,0,0,0,0,0,0,0,0,1,1,0
31.0,15.0,3,3,72.0,3,1,3,1.0,12.0,3,2.0,5.0,2,2.0,2.0,2.0,2.0,3,1,0,0,1,0,0,1,0,0,0,0,1,0,0,0,0,0,0,0,1,0,0,0,0,0,0,0,0,0,0,0,1,0,0,1
37.0,25.0,2,3,52.0,2,2,4,7.0,13.0,3,9.0,2.0,3,6.0,2.0,1.0,3.0,3,0,0,0,1,0,0,0,0,0,0,0,1,0,0,0,0,0,1,0,0,0,0,0,0,0,0,0,0,0,0,0,0,1,0,0
27.0,6.0,3,4,55.0,2,1,3,1.0,13.0,3,4.0,0.0,3,4.0,2.0,2.0,2.0,3,1,1,0,0,0,0,1,0,0,0,0,1,0,0,0,0,0,0,0,0,0,0,0,0,1,0,0,0,0,0,0,0,1,0,0
34.0,9.0,1,2,70.0,3,2,3,1.0,20.0,1,6.0,3.0,2,6.0,5.0,1.0,3.0,2,0,1,0,0,0,0,1,0,0,0,0,0,1,0,0,0,0,0,0,0,0,0,0,0,0,1,0,0,0,0,0,0,1,0,0
35.0,8.0,4,3,100.0,3,1,3,1.0,17.0,2,6.0,2.0,1,5.0,4.0,1.0,4.0,2,1,0,0,0,0,1,0,1,0,0,1,0,0,0,0,0,0,0,1,0,0,0,0,0,0,0,0,0,0,0,0,0,1,0,0
29.0,23.0,1,4,45.0,2,3,1,1.0,13.0,1,11.0,3.0,1,11.0,8.0,3.0,10.0,2,0,1,0,0,0,0,1,0,0,0,0,0,1,0,0,0,0,0,0,0,0,0,0,0,0,1,0,0,0,0,0,0,1,0,1
40.0,9.0,4,2,88.0,3,3,3,9.0,17.0,3,20.0,3.0,2,18.0,7.0,2.0,13.0,2,0,0,0,1,0,0,0,1,0,0,0,1,0,0,0,0,0,0,0,0,0,0,0,1,0,0,0,0,0,0,0,1,0,0,0
42.0,12.0,3,3,44.0,3,4,1,0.0,12.0,2,22.0,2.0,2,21.0,9.0,13.0,14.0,3,1,1,0,0,0,0,0,1,0,0,0,0,1,0,0,0,0,0,0,0,0,0,0,0,0,1,0,0,0,0,0,1,0,1,1
42.0,4.0,4,2,45.0,3,2,1,7.0,13.0,4,9.0,3.0,4,6.0,4.0,1.0,5.0,4,1,0,1,0,0,0,0,1,0,0,0,0,1,0,0,0,0,0,0,0,0,0,0,0,0,1,0,0,0,0,0,0,1,0,0
24.0,24.0,3,4,49.0,3,1,2,8.0,22.0,4,6.0,2.0,3,4.0,3.0,1.0,2.0,4,1,0,0,1,0,0,0,1,0,0,0,1,0,0,0,0,0,0,0,1,0,0,0,0,0,0,0,0,0,0,0,0,1,0,0
28.0,12.0,1,3,79.0,3,1,4,1.0,11.0,4,1.0,4.0,2,1.0,1.0,0.0,0.0,3,0,1,0,0,0,0,1,0,0,0,0,1,0,0,0,0,0,0,0,0,0,1,0,0,0,0,0,0,0,0,0,0,1,1,1
26.0,3.0,4,1,82.0,4,1,4,1.0,22.0,2,8.0,2.0,3,8.0,7.0,0.0,7.0,3,1,0,0,1,0,0,1,0,0,0,0,1,0,0,0,0,0,0,0,0,0,1,0,0,0,0,0,0,0,0,0,0,1,0,0
30.0,10.0,3,3,72.0,2,2,3,1.0,18.0,1,10.0,3.0,3,10.0,3.0,1.0,4.0,3,1,0,1,0,0,0,1,0,0,0,0,0,1,0,0,0,0,0,0,0,0,0,0,0,0,1,0,0,0,0,0,0,1,0,0
40.0,26.0,2,3,92.0,2,2,4,3.0,13.0,4,16.0,3.0,1,1.0,1.0,0.0,0.0,3,0,0,0,1,0,0,1,0,0,0,0,1,0,0,0,0,0,0,0,0,0,0,0,0,1,0,0,0,0,0,0,1,0,1,0
35.0,2.0,3,3,44.0,2,3,2,2.0,18.0,2,15.0,2.0,4,7.0,7.0,6.0,4.0,3,1,1,0,0,0,0,0,0,0,0,0,1,0,0,0,0,0,0,0,0,0,0,1,0,0,0,0,0,0,0,0,0,1,0,0
34.0,1.0,3,4,97.0,2,2,1,0.0,20.0,3,14.0,3.0,3,13.0,9.0,4.0,9.0,4,1,0,0,1,0,0,0,1,0,0,0,1,0,0,0,0,0,1,0,0,0,0,0,0,0,0,0,0,0,0,0,1,0,0,0
35.0,4.0,4,4,47.0,2,1,4,1.0,13.0,2,2.0,2.0,4,2.0,2.0,2.0,2.0,3,1,0,0,0,1,0,1,0,0,0,0,1,0,0,0,0,0,0,0,1,0,0,0,0,0,0,0,0,0,0,0,1,0,0,0
43.0,9.0,3,1,85.0,1,2,3,8.0,13.0,2,7.0,2.0,2,4.0,3.0,1.0,3.0,2,0,0,1,0,0,0,0,1,0,0,0,0,1,0,0,0,0,0,0,0,0,0,0,0,0,1,0,0,0,0,0,0,1,0,1
32.0,2.0,1,3,76.0,3,1,1,1.0,12.0,3,1.0,3.0,3,1.0,0.0,0.0,0.0,3,0,1,0,0,0,0,0,0,0,0,0,0,1,0,0,0,0,0,0,0,0,0,0,0,0,0,1,0,0,0,0,0,0,0,0
56.0,4.0,4,4,92.0,3,5,1,4.0,13.0,4,28.0,2.0,3,5.0,2.0,4.0,2.0,3,0,0,0,0,0,1,0,0,0,0,0,1,0,0,0,0,0,0,0,0,1,0,0,0,0,0,0,0,0,0,0,0,1,0,0
29.0,6.0,1,2,54.0,3,1,4,1.0,13.0,1,10.0,5.0,3,10.0,8.0,0.0,8.0,3,0,0,0,1,0,0,1,0,0,0,0,1,0,0,0,0,0,0,0,0,0,1,0,0,0,0,0,0,0,0,0,0,1,0,0
19.0,9.0,2,3,54.0,3,1,1,1.0,25.0,3,1.0,4.0,3,1.0,1.0,0.0,0.0,4,1,1,0,0,0,0,0,1,0,0,0,1,0,0,0,0,0,0,0,0,0,0,0,0,1,0,0,0,0,0,0,0,1,0,0
45.0,7.0,3,1,83.0,3,1,3,4.0,19.0,3,7.0,2.0,2,3.0,2.0,0.0,2.0,3,0,0,0,1,0,0,1,0,0,0,0,1,0,0,0,0,0,0,0,0,0,1,0,0,0,0,0,0,0,0,0,0,1,1,0
37.0,1.0,3,4,56.0,2,2,4,1.0,13.0,2,14.0,2.0,2,14.0,8.0,3.0,11.0,3,0,1,0,0,0,0,1,0,0,0,0,1,0,0,0,0,0,0,0,0,0,0,1,0,0,0,0,0,0,0,0,0,1,0,0
44.0,10.0,4,3,96.0,3,1,3,1.0,11.0,3,6.0,4.0,3,6.0,4.0,0.0,2.0,3,1,1,0,0,0,0,0,1,0,0,0,1,0,0,0,0,0,0,0,0,0,1,0,0,0,0,0,0,0,0,0,0,1,1,1
53.0,7.0,2,4,50.0,3,5,3,3.0,18.0,2,26.0,6.0,3,7.0,7.0,4.0,7.0,3,0,0,0,1,0,0,0,0,0,0,0,1,0,0,0,0,0,0,0,0,0,1,0,0,0,0,0,0,0,0,0,0,1,0,0
22.0,3.0,4,3,48.0,2,1,4,0.0,11.0,2,1.0,5.0,3,0.0,0.0,0.0,0.0,3,1,1,0,0,0,0,1,0,0,0,0,1,0,0,0,0,0,0,0,0,0,1,0,0,0,0,0,0,0,0,0,1,0,1,1
46.0,2.0,3,3,69.0,3,4,1,8.0,23.0,1,28.0,2.0,3,26.0,15.0,15.0,9.0,4,0,0,1,0,0,0,1,0,0,0,0,0,1,0,0,0,0,0,0,0,1,0,0,0,0,0,0,0,0,0,0,0,1,0,0
44.0,17.0,3,4,74.0,1,1,3,2.0,13.0,4,6.0,3.0,3,0.0,0.0,0.0,0.0,3,1,1,0,0,0,0,0,1,0,0,0,1,0,0,0,0,0,0,0,0,0,0,0,0,1,0,0,0,0,0,0,0,0,0,0
33.0,2.0,3,2,99.0,3,1,3,1.0,13.0,4,5.0,2.0,3,5.0,4.0,1.0,4.0,2,1,0,0,0,0,0,1,0,0,0,1,0,0,0,0,0,0,0,1,0,0,0,0,0,0,0,0,0,0,0,0,0,1,0,0
30.0,29.0,4,3,61.0,3,2,1,8.0,19.0,3,8.0,3.0,3,4.0,3.0,0.0,3.0,3,1,1,0,0,0,0,0,0,0,0,0,0,1,0,0,0,0,0,0,0,0,0,0,0,0,1,0,0,0,0,0,0,1,0,0
40.0,2.0,4,2,62.0,3,2,2,5.0,12.0,4,5.0,2.0,3,0.0,0.0,0.0,0.0,3,1,0,0,1,0,0,1,0,0,0,0,0,1,0,0,0,0,0,0,0,0,0,0,0,0,1,0,0,0,0,0,1,0,0,0
50.0,2.0,3,4,30.0,3,4,1,2.0,22.0,3,32.0,3.0,3,2.0,2.0,2.0,2.0,4,0,0,0,1,0,0,1,0,0,0,0,1,0,0,0,0,0,0,0,0,0,1,0,0,0,0,0,0,0,0,0,1,0,0,0
46.0,15.0,2,4,52.0,3,5,2,5.0,11.0,1,25.0,2.0,3,4.0,2.0,0.0,3.0,3,1,1,0,0,0,0,1,0,0,0,0,1,0,0,0,0,0,0,0,0,0,1,0,0,0,0,0,0,0,0,0,0,1,0,0
35.0,17.0,4,3,94.0,3,2,1,3.0,15.0,4,15.0,2.0,3,7.0,7.0,1.0,7.0,3,1,1,0,0,0,0,1,0,0,0,0,0,1,0,0,0,0,0,0,0,0,0,0,0,0,1,0,0,0,0,0,0,1,1,0
24.0,17.0,2,4,97.0,3,1,2,1.0,13.0,1,1.0,3.0,1,1.0,0.0,0.0,0.0,3,0,1,0,0,0,0,1,0,0,0,0,1,0,0,0,0,0,0,0,1,0,0,0,0,0,0,0,0,0,0,0,0,1,0,1
33.0,25.0,3,2,82.0,3,2,3,1.0,12.0,1,10.0,3.0,2,10.0,7.0,0.0,1.0,3,0,0,0,1,0,0,1,0,0,0,0,0,1,0,0,0,0,0,0,0,0,0,0,0,0,1,0,0,0,0,0,1,0,0,0
36.0,6.0,4,3,60.0,1,1,3,1.0,14.0,3,7.0,4.0,3,7.0,7.0,1.0,7.0,3,1,1,0,0,0,0,0,0,0,0,0,1,0,0,0,0,0,0,0,1,0,0,0,0,0,0,0,0,0,0,0,0,1,0,0
44.0,29.0,4,4,32.0,3,2,4,1.0,25.0,2,20.0,3.0,3,20.0,11.0,13.0,17.0,4,1,0,0,0,1,0,0,1,0,0,0,1,0,0,0,0,0,0,0,0,0,0,0,0,1,0,0,0,0,0,0,0,1,0,0
42.0,2.0,5,4,79.0,4,2,1,7.0,16.0,1,10.0,3.0,4,4.0,3.0,0.0,3.0,4,1,0,0,1,0,0,1,0,0,0,1,0,0,0,0,0,0,0,1,0,0,0,0,0,0,0,0,0,0,0,0,0,0,0,0
32.0,13.0,3,3,77.0,2,1,2,1.0,20.0,3,2.0,2.0,3,2.0,2.0,2.0,2.0,4,0,0,0,0,1,0,1,0,0,0,0,1,0,0,0,0,0,0,0,1,0,0,0,0,0,0,0,0,0,0,0,1,0,0,0
32.0,2.0,2,4,38.0,3,2,3,4.0,14.0,4,10.0,2.0,3,8.0,7.0,0.0,7.0,3,0,1,0,0,0,0,0,1,0,0,0,1,0,0,0,0,0,0,0,0,0,1,0,0,0,0,0,0,0,0,0,1,0,1,0
36.0,1.0,3,3,77.0,1,3,1,2.0,21.0,3,17.0,2.0,3,7.0,7.0,7.0,7.0,4,0,0,0,0,0,1,0,0,0,0,0,1,0,0,0,0,0,0,0,0,0,0,1,0,0,0,0,0,0,0,0,0,1,1,0
33.0,9.0,3,1,60.0,3,1,4,0.0,13.0,2,15.0,5.0,3,14.0,10.0,4.0,10.0,2,1,0,0,1,0,0,1,0,0,0,0,1,0,0,0,0,0,0,0,0,0,0,0,0,1,0,0,0,0,0,0,0,1,0,0
25.0,10.0,4,3,57.0,3,2,4,0.0,14.0,2,5.0,4.0,3,4.0,3.0,1.0,1.0,3,1,1,0,0,0,0,0,1,0,0,0,0,1,0,0,0,0,0,0,0,0,0,0,0,0,1,0,0,0,0,0,0,1,0,0
42.0,26.0,5,1,60.0,3,3,1,3.0,17.0,3,20.0,6.0,3,1.0,0.0,0.0,0.0,3,0,0,0,1,0,0,1,0,0,0,0,1,0,0,0,0,0,0,0,0,0,0,0,1,0,0,0,0,0,0,0,1,0,1,0
27.0,14.0,3,1,42.0,3,1,1,1.0,14.0,4,9.0,3.0,2,9.0,7.0,6.0,8.0,2,1,1,0,0,0,0,1,0,0,0,0,1,0,0,0,0,0,0,0,0,0,1,0,0,0,0,0,0,0,0,0,0,1,1,0
54.0,1.0,4,4,53.0,3,3,3,7.0,17.0,1,33.0,2.0,1,5.0,4.0,1.0,4.0,3,0,1,0,0,0,0,0,0,0,0,0,1,0,0,0,0,0,0,0,0,0,0,1,0,0,0,0,0,0,0,0,1,0,0,0
44.0,2.0,1,1,72.0,4,1,4,1.0,13.0,4,10.0,5.0,3,10.0,5.0,7.0,7.0,2,0,1,0,0,0,0,1,0,0,0,0,1,0,0,0,0,0,0,0,0,0,1,0,0,0,0,0,0,0,0,0,0,1,0,0
19.0,10.0,3,1,96.0,2,1,2,1.0,25.0,2,1.0,2.0,4,1.0,1.0,0.0,0.0,4,0,0,0,1,0,0,0,1,0,0,0,1,0,0,0,0,0,0,0,0,0,0,0,0,1,0,0,0,0,0,0,0,0,1,1
54.0,3.0,3,4,85.0,3,4,4,3.0,14.0,1,36.0,2.0,3,10.0,9.0,0.0,9.0,3,1,1,0,0,0,0,1,0,0,0,0,1,0,0,0,0,0,0,0,0,0,0,0,1,0,0,0,0,0,0,0,0,1,0,0
31.0,11.0,2,3,80.0,3,2,1,1.0,12.0,4,6.0,2.0,2,6.0,5.0,0.0,1.0,3,1,0,0,1,0,0,1,0,0,0,0,1,0,0,0,0,0,0,0,0,0,1,0,0,0,0,0,0,0,0,0,0,1,1,0
43.0,3.0,3,3,96.0,1,5,4,3.0,14.0,2,25.0,2.0,3,8.0,7.0,0.0,7.0,3,1,1,0,0,0,0,1,0,0,0,0,1,0,0,0,0,0,0,0,0,0,0,0,1,0,0,0,0,0,0,0,0,1,0,0
49.0,4.0,2,1,85.0,2,5,3,2.0,13.0,3,23.0,2.0,4,1.0,0.0,0.0,0.0,3,1,0,0,1,0,0,1,0,0,0,0,1,0,0,0,0,0,0,0,0,0,1,0,0,0,0,0,0,0,0,0,0,1,0,0
36.0,3.0,3,3,46.0,3,1,2,1.0,12.0,3,12.0,2.0,2,11.0,10.0,0.0,7.0,3,1,0,0,0,0,1,1,0,0,0,0,1,0,0,0,0,0,0,0,0,0,0,0,0,1,0,0,0,0,0,0,1,0,0,0
48.0,2.0,2,4,76.0,4,1,2,5.0,11.0,3,7.0,4.0,2,1.0,0.0,0.0,0.0,3,1,0,0,0,0,1,0,1,0,0,0,1,0,0,0,0,0,0,0,1,0,0,0,0,0,0,0,0,0,0,0,0,1,0,0
29.0,7.0,3,3,82.0,3,2,4,1.0,11.0,2,6.0,2.0,3,6.0,0.0,1.0,0.0,3,1,1,0,0,0,0,0,0,0,0,0,1,0,0,0,0,0,0,0,0,0,1,0,0,0,0,0,0,0,0,0,0,1,1,0
48.0,1.0,3,4,76.0,2,5,4,6.0,12.0,3,25.0,3.0,4,1.0,0.0,0.0,0.0,4,1,1,0,0,0,0,0,1,0,0,0,1,0,0,0,0,0,0,0,0,0,0,0,1,0,0,0,0,0,0,0,0,1,0,0
29.0,1.0,3,4,87.0,2,4,4,3.0,14.0,2,9.0,2.0,2,7.0,7.0,1.0,7.0,3,0,1,0,0,0,0,0,0,0,0,0,1,0,0,0,0,0,0,0,0,0,0,0,1,0,0,0,0,0,0,0,0,1,0,0
44.0,5.0,3,2,88.0,3,5,2,7.0,11.0,3,26.0,5.0,3,22.0,9.0,3.0,10.0,2,1,0,1,0,0,0,1,0,0,0,0,0,1,0,0,0,0,0,0,0,1,0,0,0,0,0,0,0,0,0,0,0,1,0,0
23.0,1.0,2,4,47.0,3,1,3,1.0,22.0,4,1.0,2.0,3,1.0,0.0,0.0,1.0,4,1,1,0,0,0,0,1,0,0,0,0,1,0,0,0,0,0,0,0,0,0,0,0,0,1,0,0,0,0,0,0,0,1,0,0
26.0,4.0,2,3,53.0,3,1,4,1.0,20.0,2,8.0,2.0,2,8.0,5.0,2.0,2.0,4,1,1,0,0,0,0,0,1,0,0,0,1,0,0,0,0,0,0,0,0,0,0,0,0,1,0,0,0,0,0,0,0,1,1,0
45.0,2.0,3,1,94.0,1,5,2,2.0,16.0,1,26.0,2.0,3,24.0,10.0,1.0,11.0,2,0,0,1,0,0,0,0,1,0,0,0,0,1,0,0,0,0,0,0,0,1,0,0,0,0,0,0,0,0,0,0,0,1,1,1
55.0,8.0,1,4,37.0,2,4,2,1.0,15.0,4,34.0,3.0,3,33.0,9.0,15.0,0.0,3,1,0,0,1,0,0,0,0,0,0,0,1,0,0,0,0,0,1,0,0,0,0,0,0,0,0,0,0,0,0,0,0,0,1,0
21.0,10.0,2,1,45.0,2,1,3,1.0,20.0,3,2.0,2.0,1,2.0,2.0,2.0,2.0,2,0,1,0,0,0,0,0,1,0,0,0,1,0,0,0,0,0,0,0,1,0,0,0,0,0,0,0,0,0,0,0,1,0,0,1
46.0,4.0,2,4,33.0,2,5,2,2.0,14.0,3,26.0,2.0,3,11.0,4.0,0.0,8.0,3,0,0,1,0,0,0,1,0,0,0,0,0,1,0,0,0,0,0,0,0,1,0,0,0,0,0,0,0,0,0,0,0,1,0,0
34.0,2.0,3,3,86.0,3,2,1,0.0,12.0,4,4.0,3.0,3,3.0,2.0,0.0,2.0,3,0,0,1,0,0,0,0,1,0,0,0,0,1,0,0,0,0,0,0,0,0,0,0,0,0,1,0,0,0,0,0,0,1,1,0
51.0,9.0,3,4,83.0,3,5,2,4.0,24.0,1,31.0,5.0,2,29.0,10.0,11.0,10.0,4,1,1,0,0,0,0,0,0,0,0,0,0,1,0,0,0,0,0,0,0,1,0,0,0,0,0,0,0,0,0,0,1,0,1,0
59.0,18.0,4,4,67.0,3,3,4,6.0,12.0,4,25.0,6.0,2,9.0,7.0,5.0,4.0,3,1,0,0,1,0,0,0,1,0,0,0,1,0,0,0,0,0,0,0,0,0,1,0,0,0,0,0,0,0,0,0,0,1,0,0
34.0,19.0,3,3,46.0,3,2,2,4.0,13.0,3,15.0,2.0,4,11.0,8.0,5.0,10.0,3,0,0,0,1,0,0,0,0,0,0,0,1,0,0,0,0,0,0,0,1,0,0,0,0,0,0,0,0,0,0,0,1,0,0,0
28.0,1.0,4,4,44.0,3,1,3,0.0,11.0,3,5.0,2.0,2,4.0,2.0,0.0,2.0,3,1,0,0,1,0,0,0,1,0,0,0,1,0,0,0,0,0,0,0,1,0,0,0,0,0,0,0,0,0,0,0,1,0,1,0
44.0,4.0,2,3,92.0,4,5,1,1.0,14.0,4,26.0,4.0,2,25.0,9.0,14.0,13.0,3,1,1,0,0,0,0,0,0,0,0,0,1,0,0,0,0,0,0,0,0,0,1,0,0,0,0,0,0,0,0,0,0,1,0,0
34.0,11.0,3,3,56.0,2,2,2,4.0,11.0,4,14.0,5.0,4,10.0,9.0,1.0,8.0,3,1,1,0,0,0,0,1,0,0,0,1,0,0,0,0,0,0,0,1,0,0,0,0,0,0,0,0,0,0,0,0,1,0,0,0
35.0,6.0,1,3,66.0,3,1,3,0.0,14.0,4,4.0,3.0,3,3.0,2.0,2.0,2.0,3,1,1,0,0,0,0,1,0,0,0,0,1,0,0,0,0,0,0,0,0,0,0,0,0,1,0,0,0,0,0,0,0,1,1,0
42.0,7.0,4,2,78.0,4,2,2,6.0,16.0,4,18.0,2.0,3,1.0,0.0,0.0,0.0,3,0,0,0,1,0,0,1,0,0,0,0,1,0,0,0,0,0,0,0,0,0,0,0,0,1,0,0,0,0,0,0,0,1,1,0
43.0,4.0,4,4,56.0,2,3,4,3.0,14.0,4,23.0,3.0,4,21.0,7.0,15.0,17.0,3,0,0,1,0,0,0,0,1,0,0,0,0,1,0,0,0,0,0,0,0,0,0,0,0,0,1,0,0,0,0,0,0,1,0,0
36.0,2.0,4,3,53.0,3,2,2,9.0,11.0,4,18.0,2.0,3,16.0,14.0,5.0,12.0,3,0,1,0,0,0,0,0,1,0,0,0,1,0,0,0,0,0,0,0,0,0,0,1,0,0,0,0,0,0,0,0,0,1,1,0
28.0,2.0,3,4,52.0,2,1,4,1.0,12.0,2,2.0,2.0,3,2.0,2.0,2.0,2.0,3,1,1,0,0,0,0,1,0,0,0,0,1,0,0,0,0,0,0,0,1,0,0,0,0,0,0,0,0,0,0,0,1,0,1,0
51.0,6.0,2,2,40.0,2,1,3,0.0,14.0,2,8.0,6.0,2,7.0,0.0,7.0,7.0,3,0,0,0,1,0,0,0,1,0,0,0,1,0,0,0,0,0,0,0,1,0,0,0,0,0,0,0,0,0,0,0,1,0,0,0
30.0,9.0,2,3,72.0,3,2,3,7.0,18.0,3,10.0,3.0,3,8.0,4.0,1.0,7.0,3,0,0,0,1,0,0,0,1,0,0,0,1,0,0,0,0,0,0,0,0,0,0,1,0,0,0,0,0,0,0,0,0,0,1,0
29.0,7.0,3,2,39.0,3,1,3,3.0,13.0,1,10.0,2.0,3,7.0,7.0,7.0,7.0,2,0,0,0,0,0,1,0,0,0,0,0,1,0,0,0,0,0,0,0,1,0,0,0,0,0,0,0,0,0,0,0,0,1,1,1
28.0,1.0,3,4,84.0,3,1,1,2.0,11.0,2,5.0,2.0,2,3.0,2.0,1.0,2.0,3,1,0,0,0,0,1,0,1,0,0,0,1,0,0,0,0,0,0,0,0,0,0,0,0,1,0,0,0,0,0,0,0,1,0,0
25.0,1.0,3,4,40.0,3,1,2,1.0,18.0,4,2.0,3.0,2,2.0,2.0,2.0,1.0,3,0,0,0,1,0,0,0,1,0,0,0,1,0,0,0,0,0,0,0,0,0,0,0,0,1,0,0,0,0,0,0,0,1,0,0
32.0,8.0,3,3,56.0,4,2,4,1.0,15.0,3,10.0,4.0,4,10.0,7.0,0.0,8.0,3,1,0,0,1,0,0,1,0,0,0,0,0,1,0,0,0,0,0,0,0,0,0,0,0,0,1,0,0,0,0,0,0,1,0,0
45.0,25.0,3,2,83.0,3,5,2,3.0,22.0,3,22.0,4.0,3,0.0,0.0,0.0,0.0,4,0,0,0,1,0,0,0,1,0,0,0,1,0,0,0,0,0,0,0,0,1,0,0,0,0,0,0,0,0,0,0,1,0,0,0
39.0,13.0,4,3,94.0,2,4,2,6.0,13.0,4,21.0,4.0,3,19.0,9.0,15.0,2.0,3,0,0,0,1,0,0,0,0,0,0,0,1,0,0,0,0,0,0,0,0,1,0,0,0,0,0,0,0,0,0,0,0,1,1,0
58.0,23.0,4,1,88.0,3,1,3,1.0,12.0,4,2.0,3.0,3,2.0,2.0,2.0,2.0,2,1,1,0,0,0,0,0,0,0,0,0,1,0,0,0,0,0,0,0,0,0,0,0,0,1,0,0,0,0,0,0,0,1,0,0
32.0,7.0,2,4,79.0,3,2,3,1.0,18.0,1,10.0,3.0,3,10.0,4.0,1.0,1.0,3,1,1,0,0,0,0,1,0,0,0,0,1,0,0,0,0,0,0,0,0,0,1,0,0,0,0,0,0,0,0,0,0,1,0,1
36.0,10.0,4,4,63.0,3,3,3,3.0,12.0,1,10.0,0.0,3,7.0,7.0,1.0,7.0,3,0,0,0,0,0,1,1,0,0,0,0,1,0,0,0,0,0,1,0,0,0,0,0,0,0,0,0,0,0,0,0,0,1,0,0
46.0,1.0,2,4,44.0,3,1,1,6.0,12.0,3,10.0,3.0,4,7.0,6.0,5.0,7.0,3,0,1,0,0,0,0,0,1,0,0,1,0,0,0,0,0,0,0,1,0,0,0,0,0,0,0,0,0,0,0,0,0,1,0,0
28.0,1.0,3,3,55.0,1,2,4,0.0,11.0,1,10.0,6.0,3,9.0,8.0,7.0,5.0,3,0,1,0,0,0,0,1,0,0,0,0,1,0,0,0,0,0,0,0,0,0,1,0,0,0,0,0,0,0,0,0,0,0,0,0
50.0,28.0,3,4,43.0,3,4,1,4.0,11.0,2,25.0,2.0,3,3.0,2.0,1.0,2.0,3,0,1,0,0,0,0,1,0,0,0,0,1,0,0,0,0,0,0,0,0,0,1,0,0,0,0,0,0,0,0,0,0,1,1,0
40.0,25.0,4,4,57.0,2,3,2,2.0,12.0,3,9.0,2.0,3,5.0,4.0,1.0,0.0,3,1,0,1,0,0,0,0,1,0,0,0,0,1,0,0,0,0,0,0,0,0,0,0,0,0,1,0,0,0,0,0,0,1,1,1
52.0,5.0,3,2,64.0,3,3,2,9.0,19.0,3,10.0,2.0,2,8.0,7.0,7.0,7.0,2,1,1,0,0,0,0,0,1,0,0,0,0,1,0,0,0,0,0,0,0,0,0,0,0,0,1,0,0,0,0,0,0,1,1,1
31.0,2.0,4,4,57.0,3,3,3,1.0,19.0,1,10.0,5.0,2,10.0,8.0,9.0,6.0,3,0,1,0,0,0,0,0,0,0,0,0,0,1,0,0,0,0,0,0,0,0,0,0,0,0,1,0,0,0,0,0,0,0,1,0
41.0,10.0,2,3,40.0,1,2,2,1.0,13.0,1,19.0,4.0,3,19.0,2.0,11.0,9.0,3,1,0,0,1,0,0,0,1,0,0,0,0,1,0,0,0,0,0,0,0,0,0,0,0,0,1,0,0,0,0,0,0,0,0,0
55.0,2.0,2,4,58.0,1,5,3,4.0,14.0,4,23.0,5.0,3,19.0,9.0,9.0,11.0,3,0,0,0,1,0,0,1,0,0,0,0,1,0,0,0,0,0,0,0,0,1,0,0,0,0,0,0,0,0,0,0,0,1,0,0
56.0,8.0,4,4,99.0,3,5,2,6.0,14.0,1,36.0,4.0,3,7.0,3.0,7.0,7.0,3,1,1,0,0,0,0,0,1,0,0,1,0,0,0,0,0,0,0,0,0,1,0,0,0,0,0,0,0,0,0,0,0,1,0,0
40.0,16.0,2,3,74.0,3,1,3,9.0,16.0,2,6.0,0.0,3,4.0,2.0,0.0,0.0,3,1,1,0,0,0,0,0,0,0,0,0,1,0,0,0,0,0,0,0,0,0,0,0,0,1,0,0,0,0,0,0,0,0,0,0
34.0,9.0,3,4,86.0,3,3,4,0.0,11.0,4,10.0,0.0,2,9.0,7.0,1.0,6.0,3,1,1,0,0,0,0,0,0,0,0,0,1,0,0,0,0,0,1,0,0,0,0,0,0,0,0,0,0,0,0,0,0,1,0,0
41.0,1.0,3,3,66.0,3,2,1,0.0,17.0,4,10.0,2.0,3,9.0,3.0,1.0,7.0,3,0,0,1,0,0,0,0,0,0,0,0,0,1,0,0,0,0,0,0,0,0,0,0,0,0,1,0,0,0,0,0,1,0,0,0
35.0,4.0,4,3,87.0,3,2,3,1.0,11.0,2,9.0,3.0,3,9.0,6.0,1.0,1.0,3,1,1,0,0,0,0,0,1,0,0,0,1,0,0,0,0,0,0,0,0,0,0,0,0,1,0,0,0,0,0,0,1,0,1,0
51.0,5.0,3,3,84.0,3,4,2,1.0,11.0,2,33.0,2.0,3,33.0,9.0,0.0,10.0,3,1,1,0,0,0,0,0,0,0,0,1,0,0,0,0,0,0,0,0,0,1,0,0,0,0,0,0,0,0,0,0,0,1,1,0
38.0,2.0,2,2,31.0,3,2,1,3.0,15.0,4,11.0,3.0,3,7.0,7.0,1.0,7.0,2,0,1,0,0,0,0,0,0,0,0,0,0,1,0,0,0,0,0,0,0,0,0,0,0,0,1,0,0,0,0,0,0,1,0,0
34.0,15.0,2,3,66.0,3,2,1,1.0,12.0,4,10.0,6.0,4,10.0,8.0,9.0,6.0,3,0,0,0,1,0,0,0,1,0,0,0,0,1,0,0,0,0,0,0,0,0,0,0,0,0,1,0,0,0,0,0,0,1,0,0
25.0,19.0,1,4,67.0,3,1,4,3.0,11.0,3,7.0,6.0,2,3.0,2.0,1.0,2.0,3,1,0,0,1,0,0,1,0,0,0,0,1,0,0,0,0,0,0,0,1,0,0,0,0,0,0,0,0,0,0,0,0,1,0,0
58.0,7.0,4,3,53.0,2,3,1,7.0,14.0,4,31.0,0.0,2,10.0,9.0,5.0,9.0,3,0,0,0,1,0,0,1,0,0,0,0,1,0,0,0,0,0,0,0,0,0,0,1,0,0,0,0,0,0,0,0,0,1,1,1
40.0,1.0,4,2,88.0,3,1,2,3.0,22.0,3,7.0,3.0,3,4.0,2.0,0.0,3.0,3,1,1,0,0,0,0,1,0,0,0,0,1,0,0,0,0,0,0,0,1,0,0,0,0,0,0,0,0,0,0,0,0,1,0,0
36.0,7.0,3,1,83.0,4,2,1,2.0,16.0,4,17.0,2.0,2,15.0,7.0,6.0,13.0,2,0,0,1,0,0,0,1,0,0,0,0,0,1,0,0,0,0,0,0,0,0,0,0,0,0,1,0,0,0,0,0,1,0,0,0
48.0,4.0,3,4,54.0,3,3,4,1.0,11.0,3,11.0,2.0,3,10.0,9.0,0.0,8.0,3,1,1,0,0,0,0,0,1,0,0,0,1,0,0,0,0,0,0,0,0,0,0,1,0,0,0,0,0,0,0,0,0,1,0,0
27.0,11.0,3,3,98.0,4,1,4,8.0,14.0,2,5.0,4.0,3,1.0,0.0,0.0,0.0,3,0,0,0,1,0,0,1,0,0,0,0,0,1,0,0,0,0,0,0,0,0,0,0,0,0,0,1,0,0,0,0,0,1,0,0
51.0,11.0,2,4,82.0,2,4,2,3.0,16.0,2,29.0,1.0,2,5.0,2.0,0.0,3.0,3,0,0,0,0,0,1,0,1,0,0,0,1,0,0,0,0,0,0,0,0,0,1,0,0,0,0,0,0,0,0,0,0,1,0,0
18.0,1.0,3,4,97.0,3,1,4,1.0,15.0,3,0.0,5.0,4,0.0,0.0,0.0,0.0,4,0,1,0,0,0,0,0,1,0,0,0,1,0,0,0,0,0,0,0,0,0,1,0,0,0,0,0,0,0,0,0,0,0,0,0
35.0,1.0,3,4,60.0,2,2,4,0.0,12.0,2,10.0,0.0,3,9.0,7.0,0.0,0.0,3,0,0,0,1,0,0,1,0,0,0,0,1,0,0,0,0,0,0,0,1,0,0,0,0,0,0,0,0,0,0,0,0,1,0,0
27.0,2.0,1,4,43.0,1,2,4,3.0,20.0,2,8.0,3.0,3,6.0,2.0,0.0,0.0,4,1,1,0,0,0,0,0,1,0,0,0,0,1,0,0,0,0,0,0,0,0,0,0,0,0,1,0,0,0,0,0,1,0,0,0
55.0,13.0,4,1,85.0,4,4,3,6.0,17.0,3,24.0,2.0,2,19.0,7.0,3.0,8.0,2,1,0,1,0,0,0,0,1,0,0,0,0,1,0,0,0,0,0,0,0,0,0,0,0,0,1,0,0,0,0,0,0,1,1,1
56.0,23.0,3,4,68.0,3,4,2,4.0,12.0,1,33.0,0.0,3,19.0,16.0,15.0,9.0,3,1,1,0,0,0,0,1,0,0,0,0,1,0,0,0,0,0,0,0,0,0,1,0,0,0,0,0,0,0,0,0,0,1,1,0
34.0,26.0,1,1,92.0,2,1,3,1.0,20.0,3,5.0,2.0,3,5.0,4.0,0.0,0.0,3,0,0,0,0,0,1,0,0,0,0,0,1,0,0,0,0,0,0,0,0,0,0,0,0,1,0,0,0,0,0,0,0,0,0,0
40.0,2.0,1,2,89.0,4,2,3,5.0,20.0,2,15.0,0.0,3,12.0,11.0,11.0,8.0,2,0,0,0,1,0,0,0,0,0,0,0,1,0,0,0,0,0,0,0,0,0,1,0,0,0,0,0,0,0,0,0,0,1,0,0
34.0,29.0,3,2,86.0,3,2,3,4.0,13.0,1,10.0,1.0,3,8.0,7.0,7.0,7.0,2,1,0,0,1,0,0,1,0,0,0,0,1,0,0,0,0,0,0,0,1,0,0,0,0,0,0,0,0,0,0,0,0,1,0,0
31.0,2.0,3,3,90.0,2,1,4,7.0,14.0,3,3.0,3.0,4,1.0,0.0,0.0,0.0,3,0,1,0,0,0,0,0,1,0,0,0,0,1,0,0,0,0,0,0,0,0,0,0,0,0,0,1,0,0,0,0,1,0,0,1
38.0,7.0,3,4,57.0,4,1,3,1.0,11.0,4,4.0,2.0,3,4.0,2.0,0.0,3.0,3,1,1,0,0,0,0,0,0,0,0,0,1,0,0,0,0,0,0,0,0,0,0,0,0,1,0,0,0,0,0,0,1,0,0,0
34.0,2.0,4,3,98.0,3,2,4,1.0,11.0,4,14.0,2.0,4,14.0,11.0,4.0,11.0,3,0,0,0,0,0,1,0,1,0,0,0,1,0,0,0,0,0,1,0,0,0,0,0,0,0,0,0,0,0,0,0,0,1,0,0
28.0,26.0,3,3,48.0,2,2,1,1.0,11.0,3,5.0,0.0,3,5.0,3.0,0.0,4.0,3,1,1,0,0,0,0,1,0,0,0,0,0,1,0,0,0,0,0,0,0,0,0,0,0,0,1,0,0,0,0,0,0,1,0,0
39.0,21.0,4,1,44.0,2,2,4,3.0,12.0,4,8.0,2.0,4,5.0,4.0,1.0,4.0,2,1,1,0,0,0,0,1,0,0,0,0,0,1,0,0,0,0,0,0,0,0,0,0,0,0,1,0,0,0,0,0,0,1,1,0
51.0,2.0,3,2,52.0,3,3,2,2.0,11.0,2,14.0,5.0,3,4.0,2.0,3.0,2.0,2,1,0,1,0,0,0,1,0,0,0,0,0,1,0,0,0,0,0,0,0,0,0,0,0,0,1,0,0,0,0,0,1,0,0,0
41.0,22.0,3,4,75.0,3,2,4,3.0,14.0,1,12.0,4.0,2,6.0,2.0,3.0,3.0,3,0,1,0,0,0,0,0,0,0,0,0,1,0,0,0,0,0,0,0,0,0,1,0,0,0,0,0,0,0,0,0,1,0,1,0
33.0,5.0,1,2,61.0,3,2,4,6.0,13.0,1,8.0,2.0,4,5.0,4.0,1.0,2.0,2,1,1,0,0,0,0,1,0,0,0,0,0,1,0,0,0,0,0,0,0,0,0,0,0,0,1,0,0,0,0,0,1,0,0,0
32.0,2.0,1,3,36.0,3,2,2,0.0,13.0,1,4.0,3.0,2,3.0,2.0,1.0,2.0,3,1,0,1,0,0,0,1,0,0,0,0,0,1,0,0,0,0,0,0,0,0,0,0,0,0,1,0,0,0,0,0,0,1,1,0
39.0,25.0,2,3,71.0,3,3,3,3.0,21.0,2,13.0,2.0,3,6.0,4.0,0.0,5.0,4,1,1,0,0,0,0,1,0,0,0,0,1,0,0,0,0,0,0,0,0,0,1,0,0,0,0,0,0,0,0,0,0,0,0,0
25.0,18.0,1,1,93.0,4,2,3,2.0,11.0,2,6.0,3.0,2,3.0,2.0,1.0,2.0,2,1,1,0,0,0,0,1,0,0,0,0,0,1,0,0,0,0,0,0,0,0,0,0,0,0,1,0,0,0,0,0,0,1,0,0
52.0,28.0,2,4,59.0,4,4,3,2.0,11.0,2,24.0,3.0,2,5.0,3.0,0.0,2.0,3,0,0,0,1,0,0,1,0,0,0,0,1,0,0,0,0,0,0,0,0,0,0,1,0,0,0,0,0,0,0,0,1,0,1,0
43.0,6.0,3,1,73.0,2,2,3,1.0,14.0,1,20.0,3.0,1,20.0,7.0,1.0,8.0,2,0,0,0,1,0,0,0,1,0,0,0,1,0,0,0,0,0,0,0,0,0,0,0,0,1,0,0,0,0,0,0,0,1,1,0
27.0,10.0,3,4,98.0,2,2,4,1.0,11.0,4,6.0,3.0,3,6.0,2.0,4.0,4.0,3,0,0,1,0,0,0,1,0,0,0,0,0,1,0,0,0,0,0,0,0,0,0,0,0,0,1,0,0,0,0,0,0,1,1,0
27.0,17.0,4,4,51.0,3,1,3,1.0,13.0,4,8.0,2.0,3,8.0,2.0,7.0,7.0,3,0,1,0,0,0,0,0,1,0,0,0,1,0,0,0,0,0,0,0,0,0,0,0,0,1,0,0,0,0,0,0,0,1,1,1
26.0,2.0,1,1,36.0,2,1,4,0.0,12.0,4,5.0,2.0,3,4.0,3.0,1.0,1.0,3,1,0,0,1,0,0,0,1,0,0,0,1,0,0,0,0,0,0,0,0,0,0,0,0,1,0,0,0,0,0,0,0,1,0,0
42.0,10.0,3,3,31.0,3,4,1,0.0,14.0,3,21.0,5.0,3,20.0,7.0,0.0,9.0,3,0,0,0,0,0,0,1,0,0,0,1,0,0,0,0,0,0,0,0,0,1,0,0,0,0,0,0,0,0,0,0,0,1,0,0
37.0,11.0,3,1,94.0,3,1,3,4.0,18.0,1,8.0,6.0,3,3.0,2.0,0.0,2.0,3,0,0,0,1,0,0,0,1,0,0,0,1,0,0,0,0,0,0,0,0,0,1,0,0,0,0,0,0,0,0,0,0,1,0,0
35.0,18.0,2,3,60.0,3,3,4,2.0,11.0,3,10.0,2.0,3,2.0,2.0,2.0,2.0,3,1,1,0,0,0,0,0,1,0,0,0,1,0,0,0,0,0,0,0,0,0,0,1,0,0,0,0,0,0,0,0,1,0,0,0
25.0,1.0,3,1,81.0,3,1,4,4.0,11.0,2,7.0,2.0,2,3.0,2.0,0.0,2.0,3,1,0,0,0,0,1,1,0,0,0,0,1,0,0,0,0,0,0,0,1,0,0,0,0,0,0,0,0,0,0,0,0,1,0,0
29.0,17.0,3,2,51.0,2,3,1,1.0,13.0,1,10.0,3.0,2,10.0,9.0,0.0,9.0,3,1,0,0,0,1,0,0,1,0,0,1,0,0,0,0,0,0,0,1,0,0,0,0,0,0,0,0,0,0,0,0,0,1,0,0
49.0,28.0,2,1,97.0,2,2,1,3.0,20.0,1,20.0,2.0,3,4.0,3.0,1.0,3.0,3,1,1,0,0,0,0,0,1,0,0,0,1,0,0,0,0,0,0,0,0,0,1,0,0,0,0,0,0,0,0,0,1,0,0,1
54.0,1.0,3,4,54.0,3,4,4,6.0,19.0,4,29.0,3.0,2,20.0,7.0,12.0,7.0,3,0,0,0,1,0,0,0,1,0,0,0,1,0,0,0,0,0,0,0,0,0,0,0,1,0,0,0,0,0,0,0,0,1,0,0
58.0,1.0,3,4,76.0,3,5,1,3.0,21.0,3,32.0,3.0,3,9.0,8.0,1.0,5.0,4,0,0,0,1,0,0,1,0,0,0,0,1,0,0,0,0,0,0,0,0,0,1,0,0,0,0,0,0,0,0,0,0,1,1,0
36.0,3.0,4,1,99.0,3,2,2,3.0,16.0,4,15.0,3.0,3,5.0,4.0,0.0,1.0,3,0,0,1,0,0,0,0,1,0,0,0,0,1,0,0,0,0,0,0,0,0,0,0,0,0,1,0,0,0,0,0,0,1,1,0
31.0,1.0,4,2,50.0,1,1,3,1.0,12.0,2,1.0,3.0,3,1.0,0.0,0.0,0.0,3,0,1,0,0,0,0,0,1,0,0,0,0,1,0,0,0,0,0,0,0,0,0,0,0,0,0,1,0,0,0,0,1,0,0,1
30.0,7.0,4,4,73.0,3,2,1,7.0,14.0,2,8.0,3.0,3,3.0,2.0,0.0,2.0,3,0,0,1,0,0,0,0,0,0,0,0,0,1,0,0,0,0,0,0,0,0,0,0,0,0,1,0,0,0,0,0,0,1,0,0
31.0,8.0,5,1,93.0,3,4,2,3.0,11.0,3,9.0,3.0,4,3.0,2.0,1.0,0.0,3,0,1,0,0,0,0,0,1,0,0,0,1,0,0,0,0,0,0,0,0,0,0,0,1,0,0,0,0,0,0,0,0,1,0,0
34.0,1.0,4,4,91.0,3,1,1,5.0,14.0,3,10.0,2.0,3,4.0,3.0,1.0,3.0,3,1,0,0,0,1,0,0,0,0,0,0,1,0,0,0,0,0,0,0,0,0,0,0,0,1,0,0,0,0,0,0,1,0,0,0
31.0,8.0,3,1,34.0,2,1,2,1.0,12.0,3,1.0,3.0,4,1.0,0.0,0.0,0.0,3,0,1,0,0,0,0,0,1,0,0,0,1,0,0,0,0,0,0,0,0,0,0,0,0,1,0,0,0,0,0,0,0,1,0,1
27.0,11.0,1,2,91.0,3,1,1,0.0,14.0,2,6.0,3.0,4,5.0,0.0,1.0,4.0,3,1,1,0,0,0,0,1,0,0,0,0,1,0,0,0,0,0,0,0,0,0,1,0,0,0,0,0,0,0,0,0,0,1,0,0
36.0,4.0,4,1,37.0,2,2,4,1.0,16.0,3,10.0,2.0,2,10.0,4.0,1.0,8.0,2,1,1,0,0,0,0,0,1,0,0,0,1,0,0,0,0,0,0,0,1,0,0,0,0,0,0,0,0,0,0,0,0,1,0,0
47.0,1.0,3,1,74.0,3,1,4,7.0,12.0,3,17.0,2.0,2,6.0,5.0,1.0,2.0,2,1,0,0,0,0,1,1,0,0,0,0,1,0,0,0,0,0,0,0,0,0,0,0,0,1,0,0,0,0,0,0,0,1,0,0
25.0,9.0,2,1,68.0,2,1,1,3.0,12.0,1,6.0,2.0,3,3.0,2.0,2.0,2.0,2,1,1,0,0,0,0,1,0,0,0,0,0,1,0,0,0,0,0,0,0,0,0,0,0,0,0,1,0,0,0,0,0,1,0,1
37.0,5.0,2,3,84.0,4,1,3,0.0,14.0,1,7.0,2.0,1,6.0,5.0,1.0,3.0,3,1,0,0,0,0,1,0,1,0,0,0,1,0,0,0,0,0,0,0,0,0,1,0,0,0,0,0,0,0,0,0,0,0,0,0
56.0,1.0,2,1,90.0,3,1,1,2.0,22.0,4,5.0,3.0,4,3.0,2.0,1.0,0.0,4,0,1,0,0,0,0,1,0,0,0,0,1,0,0,0,0,0,0,0,0,0,1,0,0,0,0,0,0,0,0,0,0,1,0,0
24.0,4.0,1,4,42.0,3,2,3,1.0,12.0,3,5.0,3.0,3,5.0,4.0,0.0,3.0,3,0,0,0,1,0,0,1,0,0,0,0,0,1,0,0,0,0,0,0,0,0,0,0,0,0,1,0,0,0,0,0,0,1,1,0
34.0,1.0,3,4,86.0,2,1,2,5.0,17.0,1,7.0,2.0,2,5.0,4.0,0.0,2.0,3,0,1,0,0,0,0,1,0,0,0,0,1,0,0,0,0,0,0,0,1,0,0,0,0,0,0,0,0,0,0,0,0,1,0,0
41.0,5.0,5,2,90.0,4,1,3,2.0,12.0,1,7.0,5.0,2,4.0,2.0,0.0,3.0,3,1,0,0,1,0,0,1,0,0,0,0,1,0,0,0,0,0,0,0,0,0,1,0,0,0,0,0,0,0,0,0,0,1,1,0
40.0,9.0,4,3,81.0,3,2,3,3.0,11.0,3,11.0,2.0,4,8.0,7.0,0.0,7.0,3,1,0,0,0,1,0,0,0,0,0,0,1,0,0,0,0,0,0,0,1,0,0,0,0,0,0,0,0,0,0,0,0,0,0,0
31.0,8.0,2,1,31.0,3,3,4,1.0,18.0,1,13.0,5.0,3,13.0,7.0,9.0,9.0,2,1,1,0,0,0,0,0,0,0,0,0,0,1,0,0,0,0,0,0,0,0,0,0,0,0,1,0,0,0,0,0,0,1,0,0
39.0,2.0,3,1,54.0,2,1,1,2.0,23.0,2,11.0,2.0,4,1.0,0.0,0.0,0.0,4,0,1,0,0,0,0,0,1,0,0,0,1,0,0,0,0,0,0,0,1,0,0,0,0,0,0,0,0,0,0,0,0,0,1,1
31.0,1.0,5,3,100.0,4,3,2,1.0,11.0,1,10.0,2.0,3,10.0,8.0,4.0,7.0,3,0,1,0,0,0,0,0,1,0,0,0,1,0,0,0,0,0,0,0,0,0,1,0,0,0,0,0,0,0,0,0,1,0,0,1
45.0,20.0,3,2,95.0,1,3,1,2.0,18.0,2,24.0,2.0,3,7.0,7.0,0.0,7.0,3,1,0,0,1,0,0,0,0,0,0,0,1,0,0,0,0,0,0,0,0,0,1,0,0,0,0,0,0,0,0,0,0,1,1,0
31.0,8.0,2,4,96.0,4,1,2,9.0,18.0,4,8.0,3.0,3,3.0,2.0,0.0,2.0,3,0,0,0,1,0,0,0,1,0,0,1,0,0,0,0,0,0,0,1,0,0,0,0,0,0,0,0,0,0,0,0,0,1,0,0
45.0,29.0,3,2,55.0,3,3,4,4.0,18.0,4,10.0,4.0,4,3.0,1.0,1.0,2.0,3,1,0,0,0,0,1,1,0,0,0,0,1,0,0,0,0,0,0,0,0,0,1,0,0,0,0,0,0,0,0,0,0,1,1,0
34.0,9.0,4,1,52.0,3,1,3,1.0,15.0,4,2.0,0.0,3,2.0,2.0,2.0,2.0,2,0,0,0,0,0,1,1,0,0,0,1,0,0,0,0,0,0,0,1,0,0,0,0,0,0,0,0,0,0,0,0,0,1,0,1
40.0,8.0,1,4,55.0,2,3,2,2.0,11.0,3,16.0,5.0,3,9.0,8.0,4.0,8.0,3,1,0,0,1,0,0,0,0,0,0,0,1,0,0,0,0,0,0,0,0,0,0,0,1,0,0,0,0,0,0,0,0,0,0,0
44.0,5.0,3,3,90.0,2,1,3,3.0,14.0,4,7.0,5.0,3,5.0,2.0,0.0,3.0,3,1,1,0,0,0,0,0,1,0,0,0,1,0,0,0,0,0,0,0,1,0,0,0,0,0,0,0,0,0,0,0,0,0,0,0
49.0,5.0,4,1,96.0,3,2,3,2.0,14.0,2,20.0,0.0,2,3.0,2.0,1.0,2.0,2,1,0,0,0,0,1,1,0,0,0,0,1,0,0,0,0,0,0,0,0,0,1,0,0,0,0,0,0,0,0,0,0,1,0,0
40.0,2.0,3,3,68.0,3,1,3,2.0,14.0,3,8.0,3.0,4,3.0,1.0,1.0,2.0,4,1,0,0,1,0,0,0,0,0,0,0,1,0,0,0,0,0,0,0,0,0,0,0,0,1,0,0,0,0,0,0,0,1,0,0
44.0,20.0,3,4,49.0,3,1,2,1.0,13.0,3,6.0,3.0,2,5.0,2.0,1.0,3.0,3,1,1,0,0,0,0,0,1,0,0,0,1,0,0,0,0,0,0,0,0,0,1,0,0,0,0,0,0,0,0,0,0,1,0,0
33.0,7.0,3,4,54.0,3,2,1,0.0,14.0,1,5.0,2.0,3,4.0,3.0,0.0,3.0,3,1,0,0,1,0,0,1,0,0,0,0,0,1,0,0,0,0,0,0,0,0,0,0,0,0,1,0,0,0,0,0,1,0,0,0
34.0,3.0,3,4,81.0,1,2,1,3.0,18.0,4,15.0,2.0,3,13.0,9.0,3.0,12.0,3,1,0,0,0,1,0,0,1,0,0,0,0,1,0,0,0,0,0,0,0,0,0,0,0,0,1,0,0,0,0,0,0,1,0,0
30.0,16.0,1,4,96.0,3,2,3,8.0,15.0,3,4.0,2.0,2,2.0,1.0,2.0,2.0,3,1,1,0,0,0,0,1,0,0,0,0,0,1,0,0,0,0,0,0,0,0,0,0,0,0,1,0,0,0,0,0,0,1,0,0
42.0,9.0,2,1,74.0,3,1,4,1.0,13.0,3,12.0,3.0,3,12.0,9.0,5.0,8.0,2,0,0,0,1,0,0,0,1,0,0,0,1,0,0,0,0,0,0,0,1,0,0,0,0,0,0,0,0,0,0,0,1,0,0,0
44.0,1.0,5,1,79.0,3,2,3,7.0,12.0,3,11.0,4.0,2,1.0,0.0,0.0,0.0,3,0,0,1,0,0,0,1,0,0,0,0,0,1,0,0,0,0,0,0,0,0,0,0,0,0,1,0,0,0,0,0,1,0,0,0
30.0,7.0,3,3,64.0,3,1,3,1.0,13.0,2,1.0,2.0,2,1.0,0.0,0.0,0.0,3,1,0,0,0,0,1,0,0,0,0,0,1,0,0,0,0,0,0,0,0,0,0,0,0,1,0,0,0,0,0,0,0,0,0,0
57.0,1.0,2,2,93.0,4,2,3,0.0,24.0,1,13.0,2.0,2,12.0,9.0,2.0,8.0,2,1,1,0,0,0,0,1,0,0,0,0,1,0,0,0,0,0,0,0,0,0,0,0,0,1,0,0,0,0,0,0,0,1,0,0
49.0,7.0,4,3,35.0,3,3,2,3.0,14.0,2,29.0,3.0,3,8.0,7.0,0.0,7.0,3,1,1,0,0,0,0,0,0,0,0,0,1,0,0,0,0,0,0,0,0,0,1,0,0,0,0,0,0,0,0,0,0,1,0,0
34.0,15.0,3,2,71.0,3,4,1,7.0,14.0,4,16.0,3.0,2,14.0,8.0,6.0,9.0,2,1,0,0,1,0,0,0,0,0,0,0,1,0,0,0,0,0,0,0,0,0,0,0,1,0,0,0,0,0,0,0,1,0,0,0
28.0,1.0,3,1,92.0,3,1,3,3.0,15.0,4,5.0,3.0,4,3.0,2.0,1.0,2.0,2,1,0,0,0,0,1,1,0,0,0,0,0,1,0,0,0,0,0,0,0,0,0,0,0,0,0,1,0,0,0,0,1,0,0,1
34.0,24.0,4,1,40.0,2,2,2,0.0,23.0,3,16.0,2.0,4,15.0,9.0,10.0,10.0,2,0,0,0,1,0,0,0,1,0,0,0,0,1,0,0,0,0,0,0,0,0,0,0,0,0,1,0,0,0,0,0,0,1,1,1
35.0,7.0,1,4,76.0,3,1,3,1.0,13.0,1,1.0,3.0,3,1.0,0.0,0.0,0.0,3,1,1,0,0,0,0,1,0,0,0,0,0,1,0,0,0,0,0,0,0,0,0,0,0,0,0,1,0,0,0,0,0,1,0,0
24.0,13.0,2,4,78.0,3,1,2,1.0,13.0,3,1.0,2.0,3,1.0,0.0,0.0,0.0,3,0,1,0,0,0,0,1,0,0,0,0,0,1,0,0,0,0,0,0,0,0,0,0,0,0,0,1,0,0,0,0,0,0,0,0
44.0,2.0,1,2,86.0,3,3,3,5.0,18.0,2,16.0,2.0,2,2.0,2.0,2.0,2.0,2,1,0,0,1,0,0,0,1,0,0,0,1,0,0,0,0,0,0,0,0,0,1,0,0,0,0,0,0,0,0,0,1,0,1,0
29.0,19.0,3,3,77.0,2,2,3,1.0,14.0,3,10.0,3.0,3,10.0,7.0,0.0,4.0,3,1,1,0,0,0,0,0,0,0,0,0,0,1,0,0,0,0,0,0,0,0,0,0,0,0,1,0,0,0,0,0,0,1,0,0
55.0,4.0,4,4,30.0,3,2,3,0.0,16.0,2,4.0,2.0,3,3.0,2.0,1.0,2.0,3,1,1,0,0,0,0,1,0,0,0,0,1,0,0,0,0,0,0,0,0,0,1,0,0,0,0,0,0,0,0,0,0,1,1,0
33.0,4.0,4,1,82.0,2,1,2,8.0,11.0,4,8.0,5.0,3,5.0,4.0,0.0,2.0,3,0,0,0,1,0,0,1,0,0,0,0,1,0,0,0,0,0,0,0,0,0,1,0,0,0,0,0,0,0,0,0,0,1,0,0
47.0,14.0,3,3,78.0,3,2,3,3.0,17.0,3,11.0,4.0,2,5.0,4.0,1.0,2.0,3,0,0,0,1,0,0,1,0,0,0,0,0,1,0,0,0,0,0,0,0,0,0,0,0,0,1,0,0,0,0,0,0,1,1,0
28.0,2.0,2,3,38.0,2,1,1,7.0,11.0,3,8.0,2.0,2,0.0,0.0,0.0,0.0,3,1,0,0,1,0,0,0,1,0,0,0,1,0,0,0,0,0,0,0,1,0,0,0,0,0,0,0,0,0,0,0,1,0,0,1
28.0,1.0,3,1,72.0,2,1,3,1.0,14.0,4,1.0,2.0,1,1.0,0.0,0.0,0.0,3,1,1,0,0,0,0,0,0,0,0,0,1,0,0,0,0,0,0,0,0,0,1,0,0,0,0,0,0,0,0,0,0,1,0,0
28.0,7.0,3,3,55.0,3,2,1,0.0,14.0,4,5.0,5.0,3,4.0,2.0,1.0,3.0,3,1,1,0,0,0,0,0,1,0,0,0,0,1,0,0,0,0,0,0,0,0,0,0,0,0,1,0,0,0,0,0,1,0,0,0
49.0,3.0,2,3,43.0,2,2,1,4.0,25.0,1,10.0,3.0,3,3.0,2.0,1.0,2.0,4,0,0,0,1,0,0,1,0,0,0,0,1,0,0,0,0,0,0,0,1,0,0,0,0,0,0,0,0,0,0,0,0,1,0,0
29.0,2.0,1,4,97.0,3,1,2,0.0,13.0,3,4.0,3.0,3,3.0,2.0,0.0,2.0,3,0,1,0,0,0,0,1,0,0,0,0,1,0,0,0,0,0,0,0,1,0,0,0,0,0,0,0,0,0,0,0,1,0,0,0
28.0,29.0,1,3,96.0,1,2,2,1.0,14.0,2,8.0,2.0,2,8.0,6.0,1.0,7.0,3,1,1,0,0,0,0,1,0,0,0,0,1,0,0,0,0,0,0,0,0,0,1,0,0,0,0,0,0,0,0,0,0,1,0,0
33.0,8.0,5,4,69.0,3,2,3,2.0,17.0,1,14.0,6.0,3,0.0,0.0,0.0,0.0,3,1,1,0,0,0,0,0,1,0,0,0,1,0,0,0,0,0,1,0,0,0,0,0,0,0,0,0,0,0,0,0,0,1,1,0
32.0,10.0,3,3,64.0,3,3,4,2.0,25.0,2,10.0,5.0,4,5.0,2.0,0.0,0.0,3,1,0,0,1,0,0,0,1,0,0,0,1,0,0,0,0,0,0,0,0,1,0,0,0,0,0,0,0,0,0,0,0,1,0,0
54.0,11.0,4,2,87.0,3,4,4,3.0,20.0,1,26.0,2.0,3,14.0,9.0,1.0,12.0,2,0,0,0,1,0,0,0,0,0,0,0,1,0,0,0,0,0,0,0,0,0,1,0,0,0,0,0,0,0,0,0,1,0,0,0
29.0,1.0,4,1,100.0,2,1,1,6.0,13.0,3,11.0,2.0,1,9.0,7.0,0.0,7.0,3,1,0,0,0,0,1,0,1,0,0,0,1,0,0,0,0,0,0,0,0,0,0,0,0,1,0,0,0,0,0,0,0,1,0,1
46.0,3.0,3,3,51.0,3,4,2,8.0,12.0,4,23.0,2.0,4,13.0,12.0,5.0,1.0,3,0,1,0,0,0,0,1,0,0,0,0,0,1,0,0,0,0,0,0,0,1,0,0,0,0,0,0,0,0,0,0,0,1,0,0
35.0,16.0,3,4,91.0,2,3,2,1.0,19.0,4,11.0,3.0,1,11.0,8.0,3.0,3.0,3,0,1,0,0,0,0,0,1,0,0,0,1,0,0,0,0,0,0,0,0,0,1,0,0,0,0,0,0,0,0,0,0,1,0,0
23.0,20.0,1,1,97.0,3,2,3,0.0,14.0,2,5.0,2.0,3,4.0,3.0,1.0,2.0,2,1,1,0,0,0,0,0,1,0,0,0,1,0,0,0,0,0,0,0,1,0,0,0,0,0,0,0,0,0,0,0,0,1,0,0
40.0,9.0,4,4,86.0,3,1,1,3.0,14.0,2,15.0,3.0,1,5.0,4.0,1.0,0.0,3,1,1,0,0,0,0,0,1,0,0,0,1,0,0,0,0,0,0,0,1,0,0,0,0,0,0,0,0,0,0,0,0,1,0,1
34.0,1.0,3,4,64.0,2,3,3,1.0,14.0,4,10.0,3.0,3,10.0,9.0,8.0,6.0,3,1,0,0,0,0,1,1,0,0,0,0,0,1,0,0,0,0,0,0,0,0,0,0,0,0,1,0,0,0,0,0,0,1,1,0
50.0,22.0,5,3,88.0,1,4,4,1.0,13.0,4,32.0,2.0,3,32.0,6.0,13.0,9.0,3,1,0,0,1,0,0,0,1,0,0,0,1,0,0,0,0,0,0,0,0,0,0,0,1,0,0,0,0,0,0,0,1,0,1,0
42.0,2.0,3,3,68.0,2,1,2,4.0,14.0,2,4.0,3.0,3,1.0,0.0,0.0,0.0,3,1,0,0,1,0,0,1,0,0,0,0,1,0,0,0,0,0,0,0,0,0,1,0,0,0,0,0,0,0,0,0,0,1,0,0
37.0,13.0,3,1,47.0,3,2,4,1.0,17.0,1,10.0,2.0,3,10.0,8.0,3.0,7.0,2,1,0,0,1,0,0,1,0,0,0,0,1,0,0,0,0,0,0,0,0,0,0,0,0,1,0,0,0,0,0,0,0,1,0,0
29.0,8.0,1,3,39.0,1,2,1,3.0,13.0,3,9.0,3.0,3,7.0,7.0,0.0,7.0,3,0,0,0,0,1,0,1,0,0,0,0,1,0,0,0,0,0,1,0,0,0,0,0,0,0,0,0,0,0,0,0,0,1,0,0
33.0,25.0,3,4,44.0,2,2,2,1.0,13.0,4,5.0,2.0,3,5.0,3.0,0.0,2.0,3,1,1,0,0,0,0,0,1,0,0,0,1,0,0,0,0,0,0,0,0,0,0,1,0,0,0,0,0,0,0,0,0,1,0,0
45.0,28.0,3,4,97.0,3,1,4,4.0,20.0,4,8.0,3.0,3,5.0,4.0,0.0,3.0,4,1,0,0,0,0,1,1,0,0,0,0,1,0,0,0,0,0,0,0,0,0,0,0,0,1,0,0,0,0,0,0,0,1,0,0
42.0,2.0,3,4,40.0,3,3,4,2.0,14.0,3,24.0,3.0,1,20.0,8.0,13.0,9.0,3,1,1,0,0,0,0,1,0,0,0,0,1,0,0,0,0,0,1,0,0,0,0,0,0,0,0,0,0,0,0,0,1,0,1,0
40.0,9.0,2,1,47.0,3,2,1,0.0,12.0,4,9.0,5.0,4,8.0,4.0,7.0,1.0,2,1,0,0,1,0,0,1,0,0,0,0,0,1,0,0,0,0,0,0,0,0,0,0,0,0,1,0,0,0,0,0,0,1,0,0
33.0,28.0,4,2,79.0,3,2,3,1.0,12.0,2,15.0,3.0,3,15.0,14.0,5.0,7.0,2,1,1,0,0,0,0,1,0,0,0,0,1,0,0,0,0,0,0,0,1,0,0,0,0,0,0,0,0,0,0,0,0,1,1,0
40.0,6.0,2,3,38.0,3,4,4,1.0,21.0,4,21.0,2.0,3,21.0,7.0,7.0,7.0,4,1,0,0,1,0,0,0,1,0,0,1,0,0,0,0,0,0,0,0,0,1,0,0,0,0,0,0,0,0,0,0,0,1,1,0
24.0,21.0,2,3,57.0,2,1,1,0.0,14.0,2,2.0,3.0,3,1.0,1.0,0.0,0.0,3,1,0,0,0,0,1,0,0,0,0,0,1,0,0,0,0,0,0,0,1,0,0,0,0,0,0,0,0,0,0,0,0,1,0,0
40.0,8.0,2,4,72.0,3,2,4,3.0,18.0,3,8.0,2.0,3,2.0,2.0,2.0,2.0,3,1,1,0,0,0,0,0,0,0,0,0,1,0,0,0,0,0,0,0,0,0,1,0,0,0,0,0,0,0,0,0,0,0,1,0
45.0,1.0,4,1,66.0,3,3,2,1.0,12.0,1,10.0,4.0,3,10.0,8.0,7.0,7.0,2,1,0,0,0,0,1,0,0,0,0,0,1,0,0,0,0,0,1,0,0,0,0,0,0,0,0,0,0,0,0,0,0,1,0,0
35.0,28.0,4,2,98.0,2,1,3,0.0,23.0,1,6.0,5.0,3,5.0,3.0,4.0,2.0,2,0,1,0,0,0,0,1,0,0,0,0,0,1,0,0,0,0,0,0,0,0,0,0,0,0,0,1,0,0,0,0,0,1,0,0
36.0,2.0,4,3,70.0,3,1,4,3.0,21.0,4,7.0,3.0,2,3.0,2.0,1.0,2.0,4,1,1,0,0,0,0,0,1,0,0,0,0,1,0,0,0,0,0,0,0,0,0,0,0,0,0,1,0,0,0,0,0,1,1,0
48.0,16.0,4,3,96.0,3,2,3,8.0,14.0,3,18.0,2.0,3,8.0,7.0,7.0,7.0,3,0,1,0,0,0,0,0,0,0,0,0,0,1,0,0,0,0,0,0,0,0,0,0,0,0,1,0,0,0,0,0,0,1,0,0
33.0,8.0,4,1,46.0,3,2,1,2.0,13.0,4,8.0,6.0,1,2.0,2.0,2.0,2.0,2,1,1,0,0,0,0,1,0,0,0,0,0,1,0,0,0,0,0,0,0,0,0,0,0,0,1,0,0,0,0,0,0,1,0,0
30.0,1.0,3,2,64.0,2,2,1,1.0,11.0,4,10.0,4.0,3,10.0,8.0,6.0,7.0,2,1,1,0,0,0,0,1,0,0,0,0,0,1,0,0,0,0,0,0,0,0,0,0,0,0,1,0,0,0,0,0,0,1,0,1
38.0,10.0,4,3,71.0,3,2,3,3.0,11.0,3,10.0,2.0,3,6.0,3.0,1.0,2.0,3,1,0,0,0,0,0,1,0,0,0,1,0,0,0,0,0,0,0,1,0,0,0,0,0,0,0,0,0,0,0,0,1,0,0,0
30.0,29.0,4,3,33.0,3,3,2,3.0,12.0,2,9.0,3.0,3,4.0,2.0,1.0,3.0,3,1,0,0,0,0,1,1,0,0,0,0,0,1,0,0,0,0,0,0,0,0,0,0,0,0,1,0,0,0,0,0,0,1,0,0
35.0,2.0,3,1,69.0,3,1,1,1.0,12.0,4,1.0,2.0,3,1.0,0.0,0.0,0.0,3,0,1,0,0,0,0,0,0,0,0,0,1,0,0,0,0,0,0,0,1,0,0,0,0,0,0,0,0,0,0,0,0,1,1,1
53.0,2.0,5,3,78.0,2,3,4,0.0,16.0,2,34.0,4.0,3,33.0,7.0,1.0,9.0,3,0,0,0,0,0,1,1,0,0,0,0,1,0,0,0,0,0,0,0,0,0,0,1,0,0,0,0,0,0,0,0,0,1,0,1
38.0,2.0,3,3,81.0,3,2,2,4.0,11.0,1,7.0,2.0,3,5.0,2.0,1.0,4.0,3,1,0,0,1,0,0,1,0,0,0,0,1,0,0,0,0,0,0,0,0,0,0,1,0,0,0,0,0,0,0,0,0,1,0,1
48.0,15.0,4,3,65.0,3,1,1,8.0,12.0,4,10.0,3.0,2,8.0,2.0,7.0,6.0,3,0,0,0,0,1,0,1,0,0,0,0,1,0,0,0,0,0,0,0,0,0,1,0,0,0,0,0,0,0,0,0,0,1,0,0
34.0,7.0,4,1,35.0,3,1,4,1.0,13.0,3,1.0,4.0,1,1.0,0.0,0.0,0.0,3,1,0,0,1,0,0,0,1,0,0,0,1,0,0,0,0,0,0,0,0,0,0,0,0,1,0,0,0,0,0,0,0,1,0,0
55.0,26.0,5,3,60.0,2,5,4,1.0,21.0,3,36.0,3.0,3,36.0,6.0,2.0,13.0,4,1,0,1,0,0,0,1,0,0,0,0,0,1,0,0,0,0,0,0,0,1,0,0,0,0,0,0,0,0,0,0,0,1,0,0
34.0,1.0,4,2,45.0,3,2,4,9.0,17.0,2,9.0,3.0,2,2.0,2.0,2.0,1.0,2,1,1,0,0,0,0,1,0,0,0,0,1,0,0,0,0,0,0,0,0,0,1,0,0,0,0,0,0,0,0,0,0,1,0,0
38.0,14.0,3,3,80.0,3,2,2,0.0,11.0,4,10.0,3.0,3,9.0,8.0,7.0,7.0,3,1,1,0,0,0,0,1,0,0,0,0,0,1,0,0,0,0,0,0,0,0,0,0,0,0,1,0,0,0,0,0,0,1,0,0
36.0,1.0,4,2,73.0,3,2,3,6.0,13.0,1,15.0,5.0,3,1.0,0.0,0.0,0.0,3,0,1,0,0,0,0,0,1,0,0,0,0,1,0,0,0,0,0,0,0,0,0,0,0,0,1,0,0,0,0,0,0,1,0,0
29.0,3.0,1,2,87.0,3,1,1,1.0,18.0,4,10.0,3.0,3,10.0,9.0,1.0,5.0,2,1,0,0,1,0,0,0,1,0,0,0,1,0,0,0,0,0,0,0,0,0,1,0,0,0,0,0,0,0,0,0,0,1,1,0
35.0,10.0,4,1,51.0,3,2,3,3.0,16.0,3,10.0,4.0,3,5.0,2.0,0.0,4.0,3,0,0,0,1,0,0,0,1,0,0,0,1,0,0,0,0,0,1,0,0,0,0,0,0,0,0,0,0,0,0,0,0,1,1,0
39.0,6.0,3,4,38.0,4,3,3,2.0,11.0,1,11.0,3.0,3,7.0,6.0,7.0,6.0,3,1,0,0,1,0,0,1,0,0,0,0,0,1,0,0,0,0,0,0,0,0,0,0,0,0,1,0,0,0,0,0,0,1,0,0
29.0,2.0,1,1,87.0,3,2,4,1.0,19.0,4,6.0,0.0,4,6.0,4.0,1.0,3.0,2,1,1,0,0,0,0,0,0,0,1,0,0,0,0,0,0,1,0,0,0,0,0,0,0,0,0,0,0,0,0,0,1,0,0,0
50.0,9.0,3,3,59.0,3,5,3,4.0,16.0,3,27.0,2.0,3,1.0,0.0,0.0,0.0,3,1,0,1,0,0,0,1,0,0,0,0,0,1,0,0,0,0,0,0,0,1,0,0,0,0,0,0,0,0,0,0,0,1,1,0
23.0,10.0,3,4,45.0,4,1,3,2.0,16.0,4,4.0,2.0,3,2.0,2.0,2.0,2.0,3,1,0,0,0,0,1,1,0,0,1,0,0,0,0,0,0,1,0,0,0,0,0,0,0,0,0,0,0,0,0,0,0,1,0,0
35.0,28.0,3,2,46.0,4,2,3,1.0,17.0,4,10.0,3.0,2,10.0,9.0,6.0,8.0,2,1,1,0,0,0,0,1,0,0,1,0,0,0,0,0,0,1,0,0,0,0,0,0,0,0,0,0,0,0,0,0,0,1,0,0
34.0,10.0,4,4,92.0,2,2,3,1.0,14.0,2,8.0,3.0,2,8.0,2.0,7.0,7.0,3,1,0,0,0,0,1,1,0,0,1,0,0,0,0,0,0,1,0,0,0,0,0,0,0,0,0,0,0,0,0,0,1,0,0,0
43.0,27.0,3,4,87.0,4,1,2,5.0,12.0,3,8.0,0.0,3,6.0,4.0,0.0,2.0,3,1,0,0,0,0,1,0,0,0,1,0,0,0,0,0,0,1,0,0,0,0,0,0,0,0,0,0,0,0,0,0,0,1,0,0
28.0,24.0,3,3,51.0,3,1,2,1.0,17.0,3,1.0,3.0,3,1.0,1.0,0.0,0.0,3,1,0,0,1,0,0,1,0,0,1,0,0,0,0,0,0,1,0,0,0,0,0,0,0,0,0,0,0,0,0,0,0,1,1,1
22.0,26.0,2,2,85.0,2,1,3,1.0,14.0,2,4.0,2.0,2,4.0,2.0,1.0,3.0,2,0,0,0,0,1,0,1,0,0,1,0,0,0,0,0,0,1,0,0,0,0,0,0,0,0,0,0,0,0,0,0,0,0,1,0
50.0,20.0,5,2,41.0,3,4,3,2.0,15.0,3,32.0,3.0,3,30.0,8.0,12.0,13.0,2,1,0,0,1,0,0,1,0,0,1,0,0,0,0,0,0,1,0,0,0,0,0,0,0,0,0,0,0,0,0,0,1,0,1,0
32.0,5.0,4,2,35.0,4,1,4,3.0,17.0,4,6.0,3.0,3,3.0,2.0,0.0,2.0,3,0,0,0,0,1,0,1,0,0,1,0,0,0,0,0,0,1,0,0,0,0,0,0,0,0,0,0,0,0,0,0,0,1,0,0
44.0,7.0,3,2,31.0,3,5,4,0.0,14.0,4,23.0,4.0,2,22.0,7.0,1.0,10.0,2,0,0,0,1,0,0,0,0,0,1,0,0,0,0,0,0,1,0,0,0,0,0,0,0,0,0,0,0,0,0,0,0,1,1,0
30.0,7.0,3,2,48.0,2,1,2,1.0,12.0,2,6.0,3.0,2,6.0,4.0,1.0,1.0,2,1,0,0,1,0,0,1,0,0,1,0,0,0,0,0,0,1,0,0,0,0,0,0,0,0,0,0,0,0,0,0,0,1,0,0
45.0,5.0,5,3,50.0,1,2,1,1.0,14.0,1,10.0,3.0,3,10.0,7.0,1.0,4.0,3,0,0,0,1,0,0,0,1,0,1,0,0,0,0,0,0,1,0,0,0,0,0,0,0,0,0,0,0,0,0,0,0,1,1,0
45.0,26.0,3,1,52.0,2,2,1,1.0,15.0,1,10.0,2.0,3,10.0,7.0,4.0,5.0,2,1,0,1,0,0,0,1,0,0,0,0,0,1,0,0,0,0,0,0,0,0,0,0,0,0,1,0,0,0,0,0,0,0,0,0
31.0,2.0,4,4,54.0,3,2,1,7.0,13.0,4,10.0,3.0,3,5.0,2.0,0.0,3.0,3,1,0,0,0,1,0,0,1,0,0,0,0,1,0,0,0,0,0,0,0,0,0,0,0,0,1,0,0,0,0,0,1,0,0,0
36.0,12.0,4,3,76.0,3,2,3,9.0,12.0,2,7.0,2.0,3,3.0,2.0,1.0,1.0,3,0,1,0,0,0,0,1,0,0,1,0,0,0,0,0,0,1,0,0,0,0,0,0,0,0,0,0,0,0,0,0,0,1,1,0
34.0,10.0,4,3,42.0,4,2,4,1.0,13.0,1,9.0,3.0,3,9.0,7.0,7.0,2.0,3,1,1,0,0,0,0,0,0,0,1,0,0,0,0,0,0,1,0,0,0,0,0,0,0,0,0,0,0,0,0,0,1,0,0,0
49.0,25.0,4,3,84.0,3,1,1,1.0,14.0,4,10.0,3.0,2,9.0,6.0,1.0,4.0,3,0,1,0,0,0,0,1,0,0,1,0,0,0,0,0,0,1,0,0,0,0,0,0,0,0,0,0,0,0,0,0,0,1,0,0
27.0,19.0,3,4,67.0,2,1,1,1.0,11.0,1,7.0,3.0,3,7.0,7.0,0.0,7.0,3,1,0,0,0,1,0,0,0,0,1,0,0,0,0,0,0,1,0,0,0,0,0,0,0,0,0,0,0,0,0,0,0,1,0,0
35.0,18.0,5,2,48.0,4,2,1,1.0,11.0,4,16.0,2.0,3,16.0,15.0,1.0,10.0,2,1,1,0,0,0,0,1,0,0,1,0,0,0,0,0,0,1,0,0,0,0,0,0,0,0,0,0,0,0,0,0,0,1,0,0
28.0,27.0,3,2,39.0,1,2,1,0.0,21.0,2,6.0,5.0,2,5.0,3.0,0.0,0.0,3,0,0,0,1,0,0,0,0,0,1,0,0,0,0,0,0,1,0,0,0,0,0,0,0,0,0,0,0,0,0,0,0,1,0,0
21.0,5.0,1,3,97.0,3,1,4,1.0,18.0,3,3.0,2.0,3,2.0,2.0,2.0,2.0,3,1,0,0,1,0,0,0,1,0,1,0,0,0,0,0,0,1,0,0,0,0,0,0,0,0,0,0,0,0,0,0,0,1,0,0
18.0,3.0,2,2,70.0,3,1,4,1.0,12.0,3,0.0,2.0,4,0.0,0.0,0.0,0.0,3,0,0,0,1,0,0,0,1,0,0,0,0,1,0,0,0,0,0,0,0,0,0,0,0,0,0,1,0,0,0,0,1,0,1,1
47.0,26.0,4,4,98.0,3,5,3,3.0,11.0,3,27.0,2.0,3,5.0,2.0,1.0,0.0,3,0,1,0,0,0,0,1,0,0,0,1,0,0,0,0,0,0,0,0,0,1,0,0,0,0,0,0,0,0,0,0,0,1,0,0
39.0,3.0,2,3,76.0,2,2,3,0.0,15.0,4,11.0,3.0,3,10.0,8.0,0.0,7.0,3,1,0,0,1,0,0,0,0,0,1,0,0,0,0,0,0,1,0,0,0,0,0,0,0,0,0,0,0,0,0,0,0,1,0,0
35.0,8.0,4,3,52.0,3,2,3,1.0,12.0,4,15.0,5.0,3,14.0,11.0,2.0,9.0,3,0,1,0,0,0,0,1,0,0,1,0,0,0,0,0,0,1,0,0,0,0,0,0,0,0,0,0,0,0,0,0,0,0,0,0
37.0,19.0,3,3,85.0,3,2,3,3.0,17.0,1,9.0,2.0,2,4.0,3.0,0.0,2.0,3,1,1,0,0,0,0,1,0,0,1,0,0,0,0,0,0,1,0,0,0,0,0,0,0,0,0,0,0,0,0,0,0,1,0,0
39.0,4.0,3,1,81.0,3,2,3,0.0,13.0,4,10.0,2.0,1,9.0,2.0,3.0,8.0,2,0,0,0,1,0,0,0,1,0,1,0,0,0,0,0,0,1,0,0,0,0,0,0,0,0,0,0,0,0,0,0,1,0,0,0
38.0,2.0,2,4,54.0,2,3,3,3.0,19.0,4,10.0,6.0,4,5.0,4.0,0.0,2.0,3,0,0,0,1,0,0,1,0,0,1,0,0,0,0,0,0,1,0,0,0,0,0,0,0,0,0,0,0,0,0,0,0,1,1,0
37.0,10.0,3,2,71.0,3,1,2,1.0,11.0,1,8.0,2.0,1,8.0,4.0,7.0,7.0,2,0,0,0,1,0,0,1,0,0,1,0,0,0,0,0,0,1,0,0,0,0,0,0,0,0,0,0,0,0,0,0,0,1,0,0
40.0,16.0,3,3,84.0,3,3,4,6.0,15.0,4,18.0,2.0,2,4.0,2.0,3.0,3.0,3,0,1,0,0,0,0,0,1,0,1,0,0,0,0,0,0,1,0,0,0,0,0,0,0,0,0,0,0,0,0,0,0,1,1,0
44.0,1.0,5,1,37.0,3,2,4,4.0,11.0,3,14.0,3.0,3,10.0,7.0,0.0,2.0,3,1,0,0,0,0,0,1,0,0,0,1,0,0,0,0,0,0,0,1,0,0,0,0,0,0,0,0,0,0,0,0,1,0,1,0
35.0,15.0,2,1,59.0,1,2,4,6.0,14.0,4,7.0,2.0,2,2.0,2.0,2.0,2.0,2,1,0,0,1,0,0,0,0,0,0,0,0,1,0,0,0,0,0,0,0,0,0,0,0,0,1,0,0,0,0,0,0,1,1,1
24.0,2.0,1,1,32.0,3,1,4,1.0,13.0,3,6.0,2.0,3,6.0,3.0,1.0,3.0,2,0,0,0,0,0,1,0,1,0,1,0,0,0,0,0,0,1,0,0,0,0,0,0,0,0,0,0,0,0,0,0,1,0,1,0
27.0,8.0,3,2,86.0,4,1,3,7.0,17.0,1,5.0,0.0,3,3.0,2.0,0.0,2.0,3,0,0,0,1,0,0,1,0,0,1,0,0,0,0,0,0,1,0,0,0,0,0,0,0,0,0,0,0,0,0,0,0,1,0,0
27.0,2.0,3,4,87.0,3,1,4,2.0,13.0,3,6.0,0.0,2,4.0,2.0,1.0,2.0,3,1,0,0,1,0,0,0,1,0,1,0,0,0,0,0,0,1,0,0,0,0,0,0,0,0,0,0,0,0,0,0,1,0,0,0
25.0,2.0,1,4,77.0,4,2,3,1.0,17.0,3,7.0,6.0,3,7.0,7.0,0.0,7.0,3,1,1,0,0,0,0,0,0,0,1,0,0,0,0,0,0,1,0,0,0,0,0,0,0,0,0,0,0,0,0,0,1,0,0,0
39.0,12.0,3,4,66.0,3,2,2,4.0,21.0,3,7.0,3.0,3,5.0,4.0,1.0,0.0,4,1,0,0,1,0,0,1,0,0,1,0,0,0,0,0,0,1,0,0,0,0,0,0,0,0,0,0,0,0,0,0,0,1,0,0
49.0,22.0,4,1,72.0,3,4,2,3.0,16.0,2,27.0,2.0,3,4.0,2.0,1.0,2.0,2,0,0,0,0,1,0,1,0,0,1,0,0,0,0,0,0,1,0,0,0,0,0,0,0,0,0,0,0,0,0,0,0,1,0,0
50.0,17.0,5,4,50.0,2,3,1,5.0,15.0,3,19.0,3.0,3,14.0,11.0,1.0,11.0,3,0,1,0,0,0,0,0,0,0,1,0,0,0,0,0,0,1,0,0,0,0,0,0,0,0,0,0,0,0,0,0,0,1,0,0
20.0,2.0,3,3,31.0,3,1,3,1.0,19.0,1,2.0,3.0,3,2.0,2.0,2.0,2.0,3,0,0,0,1,0,0,0,1,0,0,0,0,1,0,0,0,0,0,0,0,0,0,0,0,0,0,1,0,0,0,0,0,1,0,0
34.0,3.0,3,4,66.0,3,2,2,1.0,12.0,3,11.0,2.0,3,11.0,8.0,7.0,9.0,3,0,1,0,0,0,0,0,0,0,1,0,0,0,0,0,0,1,0,0,0,0,0,0,0,0,0,0,0,0,0,0,0,1,0,0
36.0,7.0,3,1,77.0,3,1,2,2.0,11.0,3,15.0,4.0,3,4.0,3.0,1.0,3.0,2,1,1,0,0,0,0,0,1,0,1,0,0,0,0,0,0,1,0,0,0,0,0,0,0,0,0,0,0,0,0,0,0,1,0,0
49.0,6.0,1,3,41.0,2,4,3,2.0,19.0,2,30.0,3.0,3,15.0,11.0,2.0,12.0,3,0,1,0,0,0,0,1,0,0,1,0,0,0,0,0,0,1,0,0,0,0,0,0,0,0,0,0,0,0,0,0,0,1,1,0
36.0,1.0,4,4,33.0,2,2,3,0.0,15.0,3,4.0,6.0,3,3.0,2.0,1.0,2.0,3,0,0,0,1,0,0,1,0,0,1,0,0,0,0,0,0,1,0,0,0,0,0,0,0,0,0,0,0,0,0,0,0,0,0,0
36.0,3.0,2,4,79.0,4,2,1,6.0,20.0,1,13.0,3.0,3,5.0,4.0,0.0,4.0,4,1,1,0,0,0,0,0,0,0,1,0,0,0,0,0,0,1,0,0,0,0,0,0,0,0,0,0,0,0,0,0,0,1,0,0
54.0,22.0,5,2,91.0,3,4,3,3.0,25.0,3,36.0,6.0,3,10.0,8.0,4.0,7.0,2,0,0,0,1,0,0,1,0,0,1,0,0,0,0,0,0,1,0,0,0,0,0,0,0,0,0,0,0,0,0,0,0,1,0,0
43.0,15.0,2,3,65.0,2,4,3,1.0,24.0,1,14.0,3.0,3,14.0,10.0,6.0,11.0,4,1,1,0,0,0,0,1,0,0,1,0,0,0,0,0,0,1,0,0,0,0,0,0,0,0,0,0,0,0,0,0,0,1,0,0
35.0,12.0,4,4,36.0,3,2,4,3.0,24.0,1,13.0,2.0,4,11.0,9.0,6.0,7.0,4,1,0,0,0,1,0,0,1,0,0,0,0,1,0,0,0,0,0,0,0,0,0,0,0,0,1,0,0,0,0,0,1,0,1,1
29.0,5.0,3,1,43.0,2,2,2,1.0,13.0,2,10.0,3.0,2,10.0,0.0,0.0,9.0,3,1,0,0,1,0,0,0,0,0,0,0,0,1,0,0,0,0,0,0,0,0,0,0,0,0,1,0,0,0,0,0,0,1,1,0
33.0,2.0,4,4,93.0,3,2,4,1.0,14.0,3,6.0,5.0,3,6.0,2.0,0.0,4.0,3,1,0,0,1,0,0,0,0,0,0,0,0,1,0,0,0,0,0,0,0,0,0,0,0,0,1,0,0,0,0,0,0,1,0,0
32.0,2.0,3,4,45.0,3,2,2,0.0,13.0,3,10.0,4.0,2,9.0,5.0,1.0,6.0,3,1,0,0,1,0,0,0,0,0,1,0,0,0,0,0,0,1,0,0,0,0,0,0,0,0,0,0,0,0,0,0,0,1,0,0
31.0,5.0,4,1,67.0,3,2,4,1.0,11.0,1,10.0,2.0,3,10.0,0.0,0.0,2.0,3,0,1,0,0,0,0,1,0,0,0,0,0,1,0,0,0,0,0,0,0,0,0,0,0,0,1,0,0,0,0,0,0,1,0,0
49.0,16.0,3,4,74.0,3,1,1,4.0,16.0,2,17.0,2.0,2,2.0,2.0,2.0,2.0,3,0,0,0,1,0,0,0,0,0,1,0,0,0,0,0,0,1,0,0,0,0,0,0,0,0,0,0,0,0,0,0,0,1,1,0
20.0,9.0,1,4,54.0,3,1,1,1.0,11.0,1,2.0,3.0,3,2.0,2.0,0.0,2.0,3,1,1,0,0,0,0,0,1,0,0,0,0,1,0,0,0,0,0,0,0,0,0,0,0,0,0,1,0,0,0,0,0,1,0,0
33.0,16.0,3,3,36.0,3,2,4,1.0,25.0,3,7.0,2.0,3,6.0,5.0,1.0,2.0,4,0,1,0,0,0,0,0,0,0,0,0,0,1,0,0,0,0,0,0,0,0,0,0,0,0,1,0,0,0,0,0,0,0,1,0
36.0,26.0,4,1,80.0,3,2,3,6.0,14.0,2,10.0,2.0,2,3.0,2.0,0.0,2.0,3,1,1,0,0,0,0,1,0,0,1,0,0,0,0,0,0,1,0,0,0,0,0,0,0,0,0,0,0,0,0,0,0,1,0,0
44.0,1.0,3,3,44.0,3,1,4,4.0,18.0,1,8.0,2.0,3,2.0,2.0,2.0,2.0,3,0,1,0,0,0,0,0,0,0,0,1,0,0,0,0,0,0,0,1,0,0,0,0,0,0,0,0,0,0,0,0,0,1,1,0
23.0,8.0,1,4,93.0,2,1,3,1.0,11.0,1,5.0,2.0,3,5.0,4.0,1.0,2.0,3,1,0,0,1,0,0,0,1,0,1,0,0,0,0,0,0,1,0,0,0,0,0,0,0,0,0,0,0,0,0,0,0,1,1,1
38.0,4.0,2,4,87.0,3,1,3,7.0,19.0,4,7.0,5.0,2,0.0,0.0,0.0,0.0,3,0,0,0,1,0,0,1,0,0,1,0,0,0,0,0,0,1,0,0,0,0,0,0,0,0,0,0,0,0,0,0,0,1,0,0
53.0,24.0,4,2,48.0,4,3,4,3.0,15.0,3,11.0,2.0,3,4.0,3.0,1.0,2.0,2,1,0,0,1,0,0,1,0,0,1,0,0,0,0,0,0,1,0,0,0,0,0,0,0,0,0,0,0,0,0,0,0,1,0,0
48.0,7.0,2,4,95.0,3,1,3,2.0,11.0,3,19.0,3.0,3,9.0,7.0,7.0,7.0,3,0,0,0,1,0,0,1,0,0,0,0,0,1,0,0,0,0,0,0,0,0,0,0,0,0,0,1,0,0,0,0,1,0,1,1
32.0,2.0,4,4,95.0,3,1,2,1.0,12.0,1,1.0,2.0,3,1.0,0.0,0.0,0.0,3,1,1,0,0,0,0,0,1,0,1,0,0,0,0,0,0,1,0,0,0,0,0,0,0,0,0,0,0,0,0,0,0,1,0,1
26.0,7.0,3,4,76.0,3,1,4,1.0,20.0,3,7.0,5.0,3,7.0,7.0,5.0,7.0,4,1,0,0,1,0,0,0,1,0,1,0,0,0,0,0,0,1,0,0,0,0,0,0,0,0,0,0,0,0,0,0,0,0,0,0
55.0,22.0,3,1,94.0,2,1,2,5.0,12.0,4,8.0,1.0,3,4.0,2.0,1.0,2.0,2,1,0,0,0,0,1,0,0,0,1,0,0,0,0,0,0,1,0,0,0,0,0,0,0,0,0,0,0,0,0,0,0,1,0,0
34.0,5.0,2,2,57.0,2,2,4,1.0,14.0,3,15.0,3.0,4,15.0,10.0,4.0,13.0,2,1,0,0,1,0,0,1,0,0,0,0,1,0,0,0,0,0,0,0,0,0,1,0,0,0,0,0,0,0,0,0,0,1,0,0
60.0,1.0,4,3,92.0,1,3,4,3.0,20.0,3,19.0,2.0,4,1.0,0.0,0.0,0.0,4,1,0,0,1,0,0,0,0,0,0,0,1,0,0,0,0,0,1,0,0,0,0,0,0,0,0,0,0,0,0,0,0,1,0,0
37.0,1.0,4,3,31.0,1,2,4,1.0,14.0,3,6.0,2.0,2,6.0,3.0,1.0,3.0,3,1,0,0,1,0,0,0,0,0,0,0,0,1,0,0,0,0,0,0,0,0,0,0,0,0,1,0,0,0,0,0,1,0,0,0
34.0,19.0,3,2,35.0,2,1,4,1.0,12.0,2,10.0,3.0,3,10.0,9.0,8.0,7.0,2,0,1,0,0,0,0,1,0,0,0,0,1,0,0,0,0,0,0,0,0,0,0,0,0,1,0,0,0,0,0,0,0,1,0,0
44.0,2.0,3,3,96.0,4,3,4,1.0,19.0,2,9.0,2.0,3,8.0,7.0,6.0,7.0,3,0,1,0,0,0,0,1,0,0,0,0,1,0,0,0,0,0,1,0,0,0,0,0,0,0,0,0,0,0,0,0,0,1,1,0
43.0,2.0,3,4,73.0,3,2,4,1.0,17.0,1,10.0,3.0,3,10.0,9.0,8.0,8.0,3,1,0,0,1,0,0,1,0,0,0,0,0,1,0,0,0,0,0,0,0,0,0,0,0,0,1,0,0,0,0,0,0,1,1,0
29.0,9.0,4,4,43.0,3,1,3,9.0,17.0,3,9.0,2.0,3,5.0,3.0,1.0,2.0,3,0,0,0,1,0,0,1,0,0,0,0,1,0,0,0,0,0,0,0,0,0,1,0,0,0,0,0,0,0,0,0,0,1,0,0
36.0,2.0,4,3,51.0,3,2,4,3.0,15.0,3,17.0,2.0,2,13.0,7.0,6.0,7.0,3,0,1,0,0,0,0,0,1,0,0,0,0,1,0,0,0,0,0,0,0,0,0,0,0,0,0,1,0,0,0,0,0,1,0,0
45.0,1.0,1,3,74.0,2,3,3,3.0,23.0,4,25.0,3.0,2,23.0,15.0,14.0,4.0,4,1,1,0,0,0,0,1,0,0,0,0,1,0,0,0,0,0,0,0,0,0,1,0,0,0,0,0,0,0,0,0,0,0,0,0
26.0,17.0,4,4,62.0,1,1,3,1.0,15.0,3,3.0,3.0,4,3.0,2.0,0.0,2.0,3,1,0,0,1,0,0,1,0,0,0,0,1,0,0,0,0,0,0,0,1,0,0,0,0,0,0,0,0,0,0,0,0,1,0,0
45.0,28.0,2,4,48.0,2,4,2,1.0,11.0,3,21.0,2.0,3,21.0,6.0,8.0,6.0,3,0,0,0,0,0,1,0,1,0,0,0,1,0,0,0,0,0,0,0,0,0,1,0,0,0,0,0,0,0,0,0,0,1,0,0
31.0,2.0,4,2,69.0,3,1,3,1.0,14.0,4,6.0,2.0,4,5.0,2.0,0.0,3.0,3,1,1,0,0,0,0,1,0,0,0,0,1,0,0,0,0,0,0,0,1,0,0,0,0,0,0,0,0,0,0,0,0,1,0,0
41.0,4.0,3,3,60.0,1,2,2,6.0,19.0,2,10.0,4.0,3,3.0,2.0,1.0,2.0,3,1,0,0,0,0,0,1,0,0,0,1,0,0,0,0,0,0,0,1,0,0,0,0,0,0,0,0,0,0,0,0,0,0,0,0
40.0,8.0,2,2,92.0,3,2,1,2.0,16.0,2,18.0,3.0,3,1.0,0.0,0.0,0.0,3,0,1,0,0,0,0,1,0,0,0,0,1,0,0,0,0,0,0,0,0,0,0,1,0,0,0,0,0,0,0,0,0,1,1,0
24.0,29.0,1,2,91.0,3,1,1,1.0,13.0,2,6.0,2.0,4,6.0,2.0,1.0,2.0,2,1,0,0,1,0,0,0,0,0,0,0,1,0,0,0,0,0,0,0,1,0,0,0,0,0,0,0,0,0,0,0,0,1,0,0
46.0,13.0,4,3,34.0,3,2,2,6.0,14.0,4,19.0,3.0,3,10.0,7.0,0.0,9.0,3,1,1,0,0,0,0,0,1,0,0,0,1,0,0,0,0,0,1,0,0,0,0,0,0,0,0,0,0,0,0,0,0,1,0,0
30.0,16.0,1,2,33.0,3,1,4,1.0,12.0,2,10.0,2.0,2,10.0,0.0,0.0,8.0,3,1,1,0,0,0,0,1,0,0,0,0,1,0,0,0,0,0,0,0,0,0,0,0,0,1,0,0,0,0,0,0,0,1,0,0
47.0,2.0,4,3,87.0,3,2,2,7.0,11.0,4,4.0,3.0,1,1.0,0.0,0.0,0.0,3,1,0,1,0,0,0,1,0,0,0,0,0,1,0,0,0,0,0,0,0,0,0,0,0,0,1,0,0,0,0,0,0,0,0,0
46.0,2.0,3,3,74.0,3,3,4,4.0,12.0,2,13.0,5.0,2,10.0,6.0,0.0,3.0,3,1,1,0,0,0,0,0,0,0,0,0,0,1,0,0,0,0,0,0,0,0,0,0,0,0,1,0,0,0,0,0,0,1,1,0
36.0,13.0,5,2,96.0,2,2,1,5.0,13.0,2,16.0,3.0,3,2.0,2.0,2.0,2.0,2,1,0,1,0,0,0,0,0,0,0,0,0,1,0,0,0,0,0,0,0,0,0,0,0,0,1,0,0,0,0,0,0,1,1,1
32.0,1.0,2,1,34.0,1,2,2,6.0,15.0,2,10.0,2.0,3,0.0,0.0,0.0,0.0,3,1,1,0,0,0,0,0,1,0,0,0,0,1,0,0,0,0,0,0,0,0,0,0,0,0,1,0,0,0,0,0,0,1,0,1
31.0,24.0,1,4,30.0,3,2,4,2.0,20.0,4,9.0,3.0,2,5.0,4.0,1.0,4.0,4,0,0,0,0,0,1,0,1,0,0,0,1,0,0,0,0,0,0,0,0,0,0,1,0,0,0,0,0,0,0,0,1,0,0,0
39.0,1.0,3,4,77.0,3,2,4,1.0,15.0,4,9.0,2.0,3,9.0,8.0,5.0,8.0,3,1,1,0,0,0,0,1,0,0,0,0,1,0,0,0,0,0,0,0,1,0,0,0,0,0,0,0,0,0,0,0,0,0,1,0
32.0,19.0,3,4,80.0,1,3,3,3.0,13.0,3,10.0,2.0,1,4.0,3.0,0.0,2.0,3,1,1,0,0,0,0,1,0,0,0,0,0,1,0,0,0,0,0,0,0,0,0,0,0,0,1,0,0,0,0,0,0,1,0,0
40.0,7.0,4,2,88.0,3,5,2,1.0,14.0,2,21.0,3.0,2,21.0,8.0,12.0,8.0,2,1,0,0,1,0,0,0,1,0,0,0,0,1,0,0,0,0,0,0,0,1,0,0,0,0,0,0,0,0,0,0,0,1,0,0
45.0,4.0,3,3,56.0,1,3,3,4.0,21.0,3,9.0,2.0,4,5.0,0.0,0.0,3.0,4,0,1,0,0,0,0,1,0,0,0,1,0,0,0,0,0,0,0,1,0,0,0,0,0,0,0,0,0,0,0,0,0,1,0,0
30.0,2.0,4,4,78.0,2,1,1,0.0,16.0,4,10.0,2.0,3,9.0,7.0,0.0,7.0,3,0,0,0,0,0,1,0,1,0,0,0,1,0,0,0,0,0,0,0,0,0,1,0,0,0,0,0,0,0,0,0,1,0,0,0
24.0,10.0,3,1,59.0,3,1,4,0.0,14.0,4,3.0,2.0,3,2.0,2.0,2.0,1.0,2,1,0,0,1,0,0,1,0,0,0,1,0,0,0,0,0,0,0,1,0,0,0,0,0,0,0,0,0,0,0,0,1,0,0,0
30.0,8.0,3,3,66.0,2,1,4,6.0,11.0,3,6.0,0.0,2,4.0,2.0,1.0,2.0,3,0,0,0,0,0,0,0,0,0,0,1,0,0,0,0,0,0,0,1,0,0,0,0,0,0,0,0,0,0,0,0,1,0,0,1
31.0,5.0,3,1,51.0,3,2,3,1.0,19.0,3,6.0,3.0,3,5.0,2.0,0.0,2.0,4,1,0,0,0,0,1,1,0,0,0,0,0,1,0,0,0,0,0,0,0,0,0,0,0,0,1,0,0,0,0,0,0,1,0,0
27.0,8.0,3,3,67.0,3,1,4,1.0,11.0,3,6.0,5.0,2,6.0,2.0,1.0,4.0,3,0,0,0,1,0,0,0,1,0,0,0,1,0,0,0,0,0,0,0,0,0,1,0,0,0,0,0,0,0,0,0,0,1,0,0
29.0,9.0,3,2,52.0,1,1,2,1.0,13.0,3,2.0,3.0,3,2.0,2.0,2.0,2.0,2,0,0,1,0,0,0,0,1,0,0,0,0,1,0,0,0,0,0,0,0,0,0,0,0,0,0,1,0,0,0,0,0,1,0,1
29.0,1.0,3,4,70.0,4,2,3,8.0,12.0,4,10.0,5.0,4,3.0,2.0,0.0,2.0,3,1,1,0,0,0,0,0,1,0,0,0,1,0,0,0,0,0,1,0,0,0,0,0,0,0,0,0,0,0,0,0,1,0,1,0
30.0,15.0,2,3,94.0,2,3,1,2.0,11.0,1,12.0,2.0,3,7.0,7.0,1.0,7.0,3,1,0,1,0,0,0,0,0,0,0,0,0,1,0,0,0,0,0,0,0,0,0,0,0,0,1,0,0,0,0,0,0,1,0,0
34.0,2.0,4,4,97.0,4,1,4,0.0,14.0,1,6.0,3.0,3,5.0,0.0,1.0,2.0,3,1,0,0,1,0,0,1,0,0,0,0,1,0,0,0,0,0,0,0,0,0,0,0,0,1,0,0,0,0,0,0,0,1,1,0
33.0,2.0,3,4,62.0,3,2,2,8.0,15.0,4,13.0,2.0,2,11.0,7.0,1.0,7.0,3,0,0,1,0,0,0,0,1,0,0,0,0,1,0,0,0,0,0,0,0,0,0,0,0,0,1,0,0,0,0,0,0,0,0,0
49.0,11.0,4,4,80.0,3,2,4,3.0,12.0,3,8.0,1.0,4,5.0,1.0,0.0,4.0,3,0,0,1,0,0,0,0,1,0,0,0,0,1,0,0,0,0,0,0,0,0,0,0,0,0,1,0,0,0,0,0,0,1,0,0
33.0,16.0,3,1,74.0,3,3,1,2.0,20.0,3,11.0,2.0,2,0.0,0.0,0.0,0.0,4,0,1,0,0,0,0,0,1,0,0,0,0,1,0,0,0,0,0,0,0,0,0,0,0,0,1,0,0,0,0,0,0,1,1,1
38.0,2.0,2,3,75.0,2,1,2,4.0,14.0,2,9.0,4.0,2,6.0,1.0,0.0,5.0,3,0,0,0,1,0,0,1,0,0,0,0,1,0,0,0,0,0,0,0,1,0,0,0,0,0,0,0,0,0,0,0,1,0,0,0
32.0,5.0,4,2,65.0,3,1,2,2.0,14.0,2,12.0,3.0,3,7.0,7.0,0.0,7.0,3,1,0,0,0,0,1,0,1,0,0,0,1,0,0,0,0,0,0,0,0,0,0,0,0,1,0,0,0,0,0,0,0,0,0,0
38.0,18.0,3,2,60.0,1,2,4,3.0,16.0,3,15.0,2.0,3,1.0,0.0,1.0,0.0,3,1,0,0,1,0,0,1,0,0,0,0,1,0,0,0,0,0,1,0,0,0,0,0,0,0,0,0,0,0,0,0,0,1,1,0
43.0,17.0,3,3,38.0,2,1,3,9.0,16.0,4,6.0,4.0,3,1.0,0.0,0.0,0.0,3,1,0,0,0,0,1,1,0,0,0,0,1,0,0,0,0,0,0,0,0,0,0,0,0,1,0,0,0,0,0,0,1,0,1,1
55.0,2.0,3,3,60.0,2,5,1,8.0,12.0,2,34.0,2.0,3,1.0,0.0,0.0,0.0,3,1,0,0,1,0,0,1,0,0,0,0,1,0,0,0,0,0,0,0,0,0,0,0,1,0,0,0,0,0,0,0,0,1,0,0
33.0,4.0,3,4,90.0,3,2,2,5.0,15.0,4,11.0,2.0,2,9.0,8.0,1.0,7.0,3,1,0,0,0,0,1,0,0,0,0,0,1,0,0,0,0,0,0,0,0,0,0,0,0,1,0,0,0,0,0,0,0,0,0,0
41.0,9.0,4,3,94.0,3,1,1,1.0,20.0,2,5.0,2.0,3,5.0,3.0,0.0,4.0,4,1,1,0,0,0,0,0,0,0,0,0,1,0,0,0,0,0,0,0,1,0,0,0,0,0,0,0,0,0,0,0,0,1,0,0
34.0,10.0,3,4,87.0,3,2,3,1.0,14.0,3,15.0,3.0,3,15.0,14.0,0.0,7.0,3,1,1,0,0,0,0,0,0,0,0,0,0,1,0,0,0,0,0,0,0,0,0,0,0,0,1,0,0,0,0,0,0,0,1,0
53.0,1.0,4,1,60.0,2,4,3,4.0,20.0,4,27.0,2.0,2,3.0,2.0,0.0,2.0,3,0,0,0,1,0,0,1,0,0,0,0,1,0,0,0,0,0,0,0,0,0,0,1,0,0,0,0,0,0,0,0,0,0,1,0
43.0,2.0,3,2,97.0,3,1,4,0.0,13.0,2,10.0,5.0,3,9.0,7.0,1.0,8.0,2,1,1,0,0,0,0,0,1,0,0,1,0,0,0,0,0,0,0,1,0,0,0,0,0,0,0,0,0,0,0,0,0,1,0,0
34.0,3.0,2,4,32.0,1,2,4,5.0,12.0,1,6.0,3.0,3,2.0,2.0,2.0,2.0,3,0,1,0,0,0,0,0,1,0,0,0,0,1,0,0,0,0,0,0,0,0,0,0,0,0,1,0,0,0,0,0,0,1,0,0
21.0,7.0,1,2,31.0,3,1,2,1.0,13.0,2,1.0,3.0,3,1.0,0.0,1.0,0.0,3,1,0,1,0,0,0,0,1,0,0,0,0,1,0,0,0,0,0,0,0,0,0,0,0,0,0,1,0,0,0,0,0,1,0,1
38.0,6.0,2,4,40.0,2,1,3,1.0,11.0,2,5.0,3.0,3,5.0,4.0,0.0,4.0,3,0,0,0,0,1,0,1,0,0,0,0,1,0,0,0,0,0,0,0,0,0,1,0,0,0,0,0,0,0,0,0,0,1,0,0
22.0,8.0,1,3,79.0,3,1,1,1.0,17.0,3,1.0,6.0,3,1.0,0.0,0.0,0.0,3,0,0,0,1,0,0,1,0,0,0,0,1,0,0,0,0,0,0,0,0,0,1,0,0,0,0,0,0,0,0,0,0,1,1,1
31.0,29.0,4,1,91.0,2,2,4,1.0,14.0,1,13.0,3.0,3,12.0,7.0,5.0,7.0,2,0,0,1,0,0,0,1,0,0,0,0,0,1,0,0,0,0,0,0,0,0,0,0,0,0,1,0,0,0,0,0,0,1,0,0
46.0,2.0,4,3,46.0,3,5,4,7.0,17.0,3,24.0,3.0,3,2.0,1.0,2.0,2.0,3,1,0,0,1,0,0,0,0,0,0,0,1,0,0,0,0,0,0,0,0,0,0,0,1,0,0,0,0,0,0,0,0,1,1,0
36.0,10.0,3,4,90.0,3,3,1,7.0,13.0,4,15.0,1.0,3,12.0,8.0,5.0,7.0,3,1,1,0,0,0,0,1,0,0,0,0,1,0,0,0,0,0,0,0,0,0,1,0,0,0,0,0,0,0,0,0,0,1,1,0
44.0,1.0,2,3,99.0,3,1,2,1.0,12.0,3,6.0,2.0,2,5.0,3.0,2.0,3.0,3,1,0,0,1,0,0,0,0,0,0,0,1,0,0,0,0,0,0,0,0,0,0,0,0,1,0,0,0,0,0,0,1,0,1,1
37.0,8.0,2,3,89.0,3,2,2,2.0,13.0,3,19.0,4.0,2,10.0,0.0,4.0,7.0,3,1,0,0,0,1,0,0,0,0,0,1,0,0,0,0,0,0,0,1,0,0,0,0,0,0,0,0,0,0,0,0,0,1,0,0
33.0,8.0,4,4,90.0,4,1,1,6.0,19.0,2,14.0,1.0,3,10.0,8.0,7.0,6.0,3,1,1,0,0,0,0,1,0,0,0,0,1,0,0,0,0,0,0,0,0,0,0,0,0,1,0,0,0,0,0,0,0,1,0,0
46.0,26.0,2,2,98.0,2,2,2,8.0,15.0,3,6.0,3.0,3,2.0,2.0,2.0,2.0,2,1,1,0,0,0,0,0,1,0,0,0,0,1,0,0,0,0,0,0,0,0,0,0,0,0,1,0,0,0,0,0,0,0,0,0
40.0,2.0,2,3,99.0,3,1,1,4.0,17.0,4,7.0,5.0,2,4.0,3.0,0.0,2.0,3,0,1,0,0,0,0,1,0,0,0,0,1,0,0,0,0,0,0,0,1,0,0,0,0,0,0,0,0,0,0,0,0,1,0,0
35.0,2.0,2,2,90.0,3,2,4,2.0,14.0,3,15.0,6.0,3,7.0,7.0,1.0,7.0,2,1,0,0,1,0,0,0,0,0,0,0,1,0,0,0,0,0,0,0,0,0,1,0,0,0,0,0,0,0,0,0,0,0,0,0
38.0,2.0,3,1,100.0,3,1,2,5.0,13.0,4,13.0,3.0,3,11.0,10.0,3.0,8.0,2,1,0,0,0,0,0,0,0,0,0,1,0,0,0,0,0,0,0,1,0,0,0,0,0,0,0,0,0,0,0,0,0,0,0,0
34.0,9.0,4,4,93.0,3,2,1,4.0,17.0,3,11.0,3.0,2,7.0,1.0,0.0,7.0,3,1,1,0,0,0,0,1,0,0,0,0,1,0,0,0,0,0,0,0,1,0,0,0,0,0,0,0,0,0,0,0,1,0,0,1
39.0,20.0,3,3,83.0,3,2,4,2.0,18.0,4,7.0,6.0,3,2.0,1.0,2.0,2.0,3,1,1,0,0,0,0,0,0,0,0,0,0,1,0,0,0,0,0,0,0,0,0,0,0,0,1,0,0,0,0,0,1,0,0,0
43.0,9.0,3,1,52.0,3,1,3,4.0,13.0,3,7.0,2.0,2,3.0,2.0,1.0,2.0,2,1,1,0,0,0,0,0,1,0,0,0,1,0,0,0,0,0,0,0,0,0,0,0,0,1,0,0,0,0,0,0,0,0,0,0
41.0,5.0,3,2,85.0,4,2,2,3.0,12.0,1,11.0,3.0,1,3.0,2.0,1.0,2.0,2,1,1,0,0,0,0,0,1,0,0,0,1,0,0,0,0,0,1,0,0,0,0,0,0,0,0,0,0,0,0,0,0,1,0,0
41.0,4.0,1,3,81.0,3,3,3,0.0,13.0,4,23.0,3.0,4,22.0,14.0,13.0,5.0,3,0,0,1,0,0,0,0,0,0,0,0,0,1,0,0,0,0,0,0,0,0,0,0,0,0,1,0,0,0,0,0,0,1,1,0
34.0,8.0,2,2,92.0,4,2,3,1.0,21.0,3,10.0,5.0,3,10.0,8.0,4.0,8.0,2,1,0,0,0,0,1,1,0,0,0,0,0,1,0,0,0,0,0,0,0,0,0,0,0,0,1,0,0,0,0,0,0,1,0,0
58.0,2.0,3,2,52.0,3,4,2,4.0,22.0,4,37.0,0.0,2,16.0,9.0,14.0,14.0,2,1,0,0,1,0,0,0,0,0,0,0,0,1,0,0,0,0,0,0,0,1,0,0,0,0,0,0,0,0,0,0,0,0,0,0
35.0,23.0,4,2,91.0,1,1,3,0.0,16.0,2,6.0,2.0,4,5.0,4.0,0.0,3.0,3,1,0,0,1,0,0,1,0,0,0,0,1,0,0,0,0,0,0,0,1,0,0,0,0,0,0,0,0,0,0,0,0,1,0,0
47.0,4.0,3,3,92.0,2,3,2,8.0,12.0,3,28.0,4.0,3,22.0,11.0,14.0,10.0,3,0,1,0,0,0,0,0,0,0,0,0,1,0,0,0,0,0,0,0,0,0,1,0,0,0,0,0,0,0,0,0,0,1,1,0
40.0,12.0,3,2,47.0,3,2,1,2.0,12.0,2,15.0,3.0,3,7.0,4.0,7.0,7.0,2,0,1,0,0,0,0,0,0,0,0,0,1,0,0,0,0,0,1,0,0,0,0,0,0,0,0,0,0,0,0,0,0,1,0,0
54.0,7.0,4,4,68.0,3,2,4,4.0,15.0,2,14.0,2.0,2,7.0,1.0,1.0,7.0,3,0,0,0,1,0,0,1,0,0,0,0,1,0,0,0,0,0,0,0,0,0,0,0,0,1,0,0,0,0,0,0,0,1,0,0
31.0,7.0,4,1,68.0,3,3,1,2.0,14.0,4,9.0,3.0,3,3.0,2.0,2.0,2.0,2,0,0,1,0,0,0,1,0,0,0,0,0,1,0,0,0,0,0,0,0,0,0,0,0,0,1,0,0,0,0,0,1,0,0,0
38.0,2.0,4,2,77.0,1,2,4,2.0,20.0,1,20.0,4.0,2,4.0,2.0,0.0,3.0,3,0,0,1,0,0,0,1,0,0,0,0,0,1,0,0,0,0,0,0,0,0,0,0,0,0,0,1,0,0,0,0,0,1,1,0
26.0,10.0,3,3,46.0,3,2,4,1.0,13.0,1,5.0,4.0,3,5.0,3.0,1.0,2.0,3,1,0,0,1,0,0,0,1,0,0,0,0,1,0,0,0,0,0,0,0,0,0,0,0,0,1,0,0,0,0,0,0,1,0,0
58.0,15.0,4,1,87.0,3,4,3,2.0,14.0,2,23.0,3.0,3,2.0,2.0,2.0,2.0,2,1,1,0,0,0,0,1,0,0,0,0,1,0,0,0,0,0,0,0,0,0,1,0,0,0,0,0,0,0,0,0,1,0,1,0
18.0,14.0,3,2,33.0,3,1,3,1.0,16.0,3,0.0,4.0,1,0.0,0.0,0.0,0.0,3,0,0,0,1,0,0,0,1,0,0,0,1,0,0,0,0,0,0,0,0,0,1,0,0,0,0,0,0,0,0,0,0,0,0,0
31.0,18.0,5,4,89.0,4,1,1,0.0,17.0,3,2.0,4.0,3,1.0,0.0,0.0,0.0,3,1,0,0,0,0,0,1,0,0,0,1,0,0,0,0,0,0,0,1,0,0,0,0,0,0,0,0,0,0,0,0,0,1,0,1
45.0,2.0,4,3,67.0,3,2,3,4.0,22.0,2,10.0,3.0,4,8.0,7.0,5.0,7.0,4,0,1,0,0,0,0,1,0,0,0,0,0,1,0,0,0,0,0,0,0,0,0,0,0,0,1,0,0,0,0,0,0,0,0,0
36.0,2.0,4,4,73.0,3,2,2,4.0,22.0,4,15.0,2.0,3,1.0,0.0,0.0,0.0,4,0,0,0,0,1,0,1,0,0,0,0,1,0,0,0,0,0,0,0,0,0,0,0,0,1,0,0,0,0,0,0,0,1,1,0
43.0,2.0,4,1,92.0,3,2,4,1.0,20.0,3,7.0,5.0,3,7.0,7.0,7.0,7.0,2,1,1,0,0,0,0,1,0,0,0,0,0,1,0,0,0,0,0,0,0,0,0,0,0,0,1,0,0,0,0,0,1,0,0,0
27.0,5.0,2,4,53.0,3,1,4,0.0,14.0,3,6.0,3.0,2,5.0,4.0,0.0,2.0,3,0,1,0,0,0,0,0,1,0,0,0,1,0,0,0,0,0,0,0,0,0,1,0,0,0,0,0,0,0,0,0,1,0,1,0
29.0,20.0,1,4,40.0,3,1,4,1.0,13.0,2,11.0,3.0,4,11.0,8.0,3.0,10.0,3,1,0,0,1,0,0,1,0,0,0,0,1,0,0,0,0,0,0,0,1,0,0,0,0,0,0,0,0,0,0,0,1,0,0,0
32.0,10.0,4,4,79.0,3,2,4,8.0,13.0,3,4.0,2.0,4,0.0,0.0,0.0,0.0,3,1,0,1,0,0,0,0,1,0,0,0,0,1,0,0,0,0,0,0,0,0,0,0,0,0,1,0,0,0,0,0,1,0,0,0
42.0,10.0,4,3,38.0,3,1,3,3.0,22.0,2,10.0,1.0,2,6.0,3.0,3.0,3.0,4,1,0,0,0,0,1,1,0,0,0,0,1,0,0,0,0,0,0,0,0,0,0,0,0,1,0,0,0,0,0,0,0,0,0,0
47.0,9.0,4,2,64.0,3,1,3,4.0,12.0,3,7.0,2.0,3,2.0,2.0,2.0,0.0,2,0,1,0,0,0,0,0,1,0,0,0,1,0,0,0,0,0,0,0,1,0,0,0,0,0,0,0,0,0,0,0,0,1,0,0
46.0,2.0,2,4,82.0,3,3,4,3.0,14.0,3,12.0,4.0,2,9.0,8.0,4.0,7.0,3,1,1,0,0,0,0,0,0,0,0,0,1,0,0,0,0,0,0,0,0,0,0,1,0,0,0,0,0,0,0,0,0,1,0,0
28.0,1.0,2,3,43.0,3,1,4,1.0,15.0,2,3.0,2.0,3,3.0,2.0,2.0,2.0,3,1,1,0,0,0,0,0,0,0,0,1,0,0,0,0,0,0,0,1,0,0,0,0,0,0,0,0,0,0,0,0,0,0,0,0
29.0,29.0,1,4,93.0,1,2,3,8.0,17.0,4,11.0,3.0,3,7.0,0.0,1.0,6.0,3,1,1,0,0,0,0,0,0,0,0,0,1,0,0,0,0,0,1,0,0,0,0,0,0,0,0,0,0,0,0,0,0,1,0,0
42.0,8.0,3,4,81.0,3,1,3,4.0,13.0,4,8.0,3.0,3,0.0,0.0,0.0,0.0,3,1,1,0,0,0,0,0,1,0,0,0,1,0,0,0,0,0,0,0,0,0,1,0,0,0,0,0,0,0,0,0,0,1,0,0
32.0,2.0,4,3,82.0,2,2,2,7.0,12.0,3,7.0,3.0,2,2.0,2.0,2.0,2.0,3,1,0,1,0,0,0,0,1,0,0,0,0,1,0,0,0,0,0,0,0,0,0,0,0,0,1,0,0,0,0,0,0,1,1,1
46.0,3.0,3,1,45.0,4,4,1,2.0,12.0,4,25.0,5.0,3,19.0,17.0,2.0,8.0,2,0,0,0,0,0,1,0,0,0,0,0,0,1,0,0,0,0,0,0,0,0,0,0,0,0,1,0,0,0,0,0,0,1,0,0
27.0,23.0,1,2,36.0,2,2,3,1.0,21.0,4,9.0,5.0,3,9.0,8.0,5.0,8.0,2,0,0,0,1,0,0,1,0,0,0,0,0,1,0,0,0,0,0,0,0,0,0,0,0,0,0,1,0,0,0,0,0,1,0,0
29.0,6.0,1,4,87.0,2,1,2,1.0,11.0,4,1.0,3.0,3,1.0,0.0,0.0,0.0,3,1,0,0,1,0,0,1,0,0,0,1,0,0,0,0,0,0,0,1,0,0,0,0,0,0,0,0,0,0,0,0,0,1,0,0
48.0,10.0,3,4,91.0,2,5,2,4.0,12.0,4,29.0,3.0,3,22.0,10.0,12.0,9.0,3,1,1,0,0,0,0,1,0,0,0,0,1,0,0,0,0,0,0,0,0,0,1,0,0,0,0,0,0,0,0,0,0,1,0,0
29.0,24.0,2,4,73.0,2,1,4,1.0,24.0,2,1.0,3.0,2,1.0,0.0,1.0,0.0,4,1,1,0,0,0,0,0,1,0,0,0,1,0,0,0,0,0,0,0,0,0,0,0,0,1,0,0,0,0,0,0,1,0,1,1
55.0,2.0,4,2,98.0,2,1,4,8.0,20.0,2,19.0,2.0,4,5.0,2.0,0.0,4.0,3,1,0,0,0,0,1,1,0,0,0,0,1,0,0,0,0,0,0,0,0,0,0,0,0,1,0,0,0,0,0,0,0,1,0,0
28.0,3.0,3,2,78.0,3,1,2,1.0,19.0,4,1.0,3.0,3,1.0,0.0,0.0,0.0,3,0,0,0,1,0,0,1,0,0,0,0,0,1,0,0,0,0,0,0,0,0,0,0,0,0,0,1,0,0,0,0,0,1,0,0
30.0,9.0,3,2,89.0,3,1,4,1.0,13.0,3,1.0,3.0,2,1.0,0.0,0.0,0.0,3,1,0,0,1,0,0,0,1,0,0,0,0,1,0,0,0,0,0,0,0,0,0,0,0,0,0,1,0,0,0,0,0,1,0,1
22.0,7.0,1,4,75.0,3,1,2,1.0,23.0,1,1.0,2.0,3,1.0,0.0,0.0,0.0,4,1,1,0,0,0,0,0,1,0,0,0,1,0,0,0,0,0,0,0,0,0,0,0,0,1,0,0,0,0,0,0,0,1,1,1
36.0,10.0,4,2,63.0,2,2,3,1.0,13.0,1,10.0,4.0,3,10.0,9.0,1.0,7.0,2,0,0,0,0,0,1,1,0,0,0,0,0,1,0,0,0,0,0,0,0,0,0,0,0,0,1,0,0,0,0,0,0,1,1,0
34.0,4.0,3,3,64.0,3,3,4,2.0,13.0,4,9.0,3.0,3,5.0,3.0,1.0,0.0,3,1,1,0,0,0,0,1,0,0,0,0,0,1,0,0,0,0,0,0,0,0,0,0,0,0,1,0,0,0,0,0,0,1,1,0
29.0,7.0,3,4,59.0,3,1,1,3.0,14.0,2,11.0,2.0,3,3.0,2.0,1.0,2.0,3,1,1,0,0,0,0,0,1,0,0,0,1,0,0,0,0,0,0,0,1,0,0,0,0,0,0,0,0,0,0,0,0,1,0,0
37.0,7.0,4,4,78.0,3,2,1,5.0,22.0,3,16.0,2.0,3,5.0,3.0,0.0,4.0,4,1,0,0,1,0,0,1,0,0,0,0,1,0,0,0,0,0,0,0,0,0,0,0,0,1,0,0,0,0,0,0,0,1,1,0
35.0,16.0,2,4,44.0,2,2,2,0.0,11.0,4,4.0,2.0,3,3.0,2.0,0.0,2.0,3,0,0,0,0,1,0,1,0,0,0,0,1,0,0,0,0,0,0,0,0,0,0,1,0,0,0,0,0,0,0,0,0,1,1,0
45.0,25.0,2,2,93.0,2,2,4,0.0,13.0,4,10.0,2.0,2,9.0,8.0,3.0,8.0,2,0,1,0,0,0,0,1,0,0,0,0,1,0,0,0,0,0,0,0,0,0,0,1,0,0,0,0,0,0,0,0,0,1,0,0
36.0,2.0,1,2,94.0,2,2,4,1.0,21.0,4,10.0,2.0,2,10.0,1.0,0.0,8.0,4,1,0,0,0,0,0,0,1,0,0,1,0,0,0,0,0,0,0,1,0,0,0,0,0,0,0,0,0,0,0,0,1,0,0,0
40.0,1.0,4,1,98.0,3,4,1,2.0,11.0,1,22.0,3.0,3,19.0,7.0,11.0,16.0,2,1,1,0,0,0,0,0,0,0,0,0,1,0,0,0,0,0,0,0,0,0,1,0,0,0,0,0,0,0,0,0,0,1,0,0
26.0,1.0,2,2,90.0,2,1,3,1.0,13.0,3,1.0,3.0,2,1.0,0.0,1.0,0.0,3,0,1,0,0,0,0,1,0,0,0,0,1,0,0,0,0,0,0,0,0,0,0,0,0,1,0,0,0,0,0,0,0,1,1,0
27.0,2.0,2,1,89.0,4,2,3,0.0,14.0,2,9.0,5.0,2,8.0,7.0,0.0,7.0,3,0,0,0,1,0,0,0,1,0,0,0,0,1,0,0,0,0,0,0,0,0,0,0,0,0,1,0,0,0,0,0,0,1,0,0
48.0,22.0,3,4,58.0,3,4,4,3.0,11.0,2,24.0,3.0,3,22.0,17.0,4.0,7.0,3,0,0,0,1,0,0,0,0,0,0,0,1,0,0,0,0,0,0,0,0,1,0,0,0,0,0,0,0,0,0,0,1,0,0,0
44.0,1.0,4,2,78.0,4,2,1,2.0,15.0,4,10.0,5.0,3,2.0,0.0,2.0,2.0,3,1,1,0,0,0,0,1,0,0,0,0,1,0,0,0,0,0,1,0,0,0,0,0,0,0,0,0,0,0,0,0,0,1,0,0
34.0,16.0,4,4,85.0,1,1,1,1.0,23.0,2,5.0,2.0,3,5.0,2.0,3.0,0.0,4,1,0,0,0,0,1,1,0,0,0,0,1,0,0,0,0,0,0,0,0,0,0,0,0,1,0,0,0,0,0,0,0,0,1,1
56.0,24.0,2,1,97.0,3,1,4,1.0,16.0,4,5.0,3.0,3,4.0,2.0,1.0,0.0,2,1,1,0,0,0,0,0,1,0,0,0,1,0,0,0,0,0,0,0,0,0,1,0,0,0,0,0,0,0,0,0,0,1,0,1
36.0,17.0,2,3,33.0,2,2,2,2.0,16.0,3,12.0,1.0,1,4.0,2.0,1.0,3.0,2,1,0,1,0,0,0,1,0,0,0,0,0,1,0,0,0,0,0,0,0,0,0,0,0,0,1,0,0,0,0,0,0,1,0,0
41.0,8.0,3,3,54.0,3,2,2,5.0,21.0,3,14.0,3.0,3,5.0,4.0,1.0,4.0,4,0,0,1,0,0,0,1,0,0,0,0,0,1,0,0,0,0,0,0,0,0,0,0,0,0,1,0,0,0,0,0,0,1,0,0
42.0,6.0,3,3,83.0,3,3,1,9.0,13.0,2,18.0,3.0,4,13.0,7.0,5.0,7.0,3,1,0,0,1,0,0,1,0,0,0,0,1,0,0,0,0,0,0,0,0,0,1,0,0,0,0,0,0,0,0,0,0,1,0,0
31.0,10.0,2,3,86.0,3,2,4,2.0,11.0,4,8.0,2.0,3,5.0,2.0,1.0,4.0,3,0,0,0,1,0,0,0,0,0,0,0,0,1,0,0,0,0,0,0,0,0,0,0,0,0,1,0,0,0,0,0,0,1,1,0
34.0,3.0,1,4,75.0,2,2,4,3.0,12.0,3,9.0,3.0,2,4.0,2.0,0.0,1.0,3,0,0,0,1,0,0,1,0,0,0,0,0,1,0,0,0,0,0,0,0,0,0,0,0,0,1,0,0,0,0,0,0,1,1,0
31.0,4.0,3,1,62.0,4,1,3,8.0,12.0,2,4.0,0.0,2,2.0,2.0,2.0,2.0,2,0,0,0,1,0,0,0,0,0,0,0,1,0,0,0,0,0,0,0,1,0,0,0,0,0,0,0,0,0,0,0,0,1,0,0
26.0,6.0,3,3,61.0,4,1,4,0.0,18.0,1,8.0,3.0,3,7.0,7.0,7.0,7.0,3,1,0,0,0,1,0,1,0,0,0,0,1,0,0,0,0,0,0,0,0,0,1,0,0,0,0,0,0,0,0,0,1,0,0,0
45.0,1.0,4,2,44.0,3,2,3,4.0,12.0,3,12.0,3.0,3,4.0,2.0,0.0,3.0,3,1,0,0,1,0,0,0,1,0,0,0,1,0,0,0,0,0,0,0,0,0,1,0,0,0,0,0,0,0,0,0,1,0,0,0
33.0,10.0,4,2,43.0,3,2,3,1.0,14.0,2,10.0,2.0,2,10.0,4.0,0.0,9.0,3,1,0,1,0,0,0,0,1,0,0,0,0,1,0,0,0,0,0,0,0,0,0,0,0,0,1,0,0,0,0,0,0,1,0,0
28.0,1.0,2,3,42.0,2,2,4,1.0,12.0,3,7.0,2.0,3,7.0,7.0,0.0,7.0,3,1,1,0,0,0,0,1,0,0,0,0,0,1,0,0,0,0,0,0,0,0,0,0,0,0,1,0,0,0,0,0,1,0,1,0
39.0,21.0,4,1,32.0,1,2,3,6.0,19.0,3,10.0,1.0,3,3.0,2.0,1.0,2.0,2,0,1,0,0,0,0,1,0,0,0,0,0,1,0,0,0,0,0,0,0,0,0,0,0,0,1,0,0,0,0,0,0,0,0,0
27.0,2.0,4,2,41.0,3,1,2,1.0,11.0,3,6.0,3.0,2,5.0,3.0,1.0,2.0,2,1,0,0,0,0,1,1,0,0,0,0,1,0,0,0,0,0,0,0,0,0,1,0,0,0,0,0,0,0,0,0,0,1,0,0
34.0,22.0,4,3,86.0,2,2,4,1.0,15.0,2,16.0,3.0,3,15.0,10.0,6.0,11.0,3,1,0,0,0,1,0,1,0,0,0,0,1,0,0,0,0,0,0,0,0,0,0,0,0,1,0,0,0,0,0,0,1,0,1,0
47.0,14.0,4,3,64.0,3,2,2,8.0,18.0,3,16.0,4.0,4,8.0,7.0,1.0,7.0,3,1,0,0,0,0,1,1,0,0,0,0,1,0,0,0,0,0,0,0,0,0,1,0,0,0,0,0,0,0,0,0,0,0,0,0
56.0,11.0,5,4,89.0,2,2,1,4.0,16.0,3,6.0,3.0,3,0.0,0.0,0.0,0.0,3,0,0,1,0,0,0,1,0,0,0,0,0,1,0,0,0,0,0,0,0,0,0,0,0,0,1,0,0,0,0,0,0,1,0,0
38.0,8.0,3,4,58.0,2,2,2,1.0,16.0,3,20.0,3.0,3,20.0,11.0,0.0,7.0,3,0,0,0,1,0,0,0,0,0,0,0,1,0,0,0,0,0,0,0,0,0,1,0,0,0,0,0,0,0,0,0,1,0,1,0
58.0,21.0,3,4,72.0,3,4,4,4.0,13.0,3,29.0,2.0,2,1.0,0.0,0.0,0.0,3,0,1,0,0,0,0,1,0,0,0,0,0,1,0,0,0,0,0,0,0,1,0,0,0,0,0,0,0,0,0,0,0,1,1,0
32.0,5.0,2,1,47.0,4,1,3,3.0,14.0,1,8.0,2.0,3,4.0,1.0,0.0,3.0,3,0,1,0,0,0,0,0,1,0,0,0,1,0,0,0,0,0,0,0,0,0,0,0,0,1,0,0,0,0,0,0,1,0,1,1
38.0,9.0,2,2,71.0,3,1,4,2.0,19.0,4,10.0,0.0,4,5.0,2.0,0.0,3.0,4,1,1,0,0,0,0,0,0,0,0,0,1,0,0,0,0,0,0,0,0,0,1,0,0,0,0,0,0,0,0,0,0,1,0,0
49.0,2.0,1,2,42.0,3,5,4,3.0,15.0,4,28.0,3.0,3,5.0,4.0,4.0,3.0,2,1,1,0,0,0,0,1,0,0,0,0,1,0,0,0,0,0,0,0,0,0,1,0,0,0,0,0,0,0,0,0,1,0,0,0
42.0,12.0,4,2,77.0,3,2,4,3.0,12.0,3,14.0,4.0,3,0.0,0.0,0.0,0.0,3,1,0,1,0,0,0,0,0,0,0,0,0,1,0,0,0,0,0,0,0,0,0,0,0,0,1,0,0,0,0,0,0,1,1,0
27.0,22.0,3,1,58.0,2,1,2,1.0,12.0,1,1.0,2.0,3,1.0,0.0,0.0,0.0,3,0,0,0,0,0,0,1,0,0,0,1,0,0,0,0,0,0,0,1,0,0,0,0,0,0,0,0,0,0,0,0,1,0,0,1
35.0,18.0,4,2,71.0,3,2,1,0.0,16.0,4,6.0,2.0,1,5.0,3.0,0.0,4.0,2,1,0,0,1,0,0,1,0,0,0,0,0,1,0,0,0,0,0,0,0,0,0,0,0,0,1,0,0,0,0,0,0,1,0,0
28.0,16.0,3,3,49.0,3,1,3,1.0,14.0,3,5.0,3.0,2,5.0,3.0,1.0,4.0,3,1,0,0,1,0,0,0,1,0,0,0,1,0,0,0,0,0,0,0,0,0,1,0,0,0,0,0,0,0,0,0,0,0,0,0
31.0,3.0,2,3,48.0,3,1,1,1.0,13.0,4,4.0,3.0,4,4.0,2.0,2.0,3.0,3,1,0,0,1,0,0,0,0,0,0,0,1,0,0,0,0,0,0,0,0,0,0,0,0,1,0,0,0,0,0,0,0,0,1,0
36.0,9.0,4,1,66.0,4,1,2,1.0,22.0,2,5.0,3.0,3,5.0,4.0,0.0,2.0,3,1,1,0,0,0,0,1,0,0,0,0,1,0,0,0,0,0,0,0,0,0,1,0,0,0,0,0,0,0,0,0,0,0,0,0
34.0,1.0,3,1,32.0,3,3,4,1.0,21.0,1,14.0,3.0,2,14.0,8.0,2.0,1.0,2,1,0,1,0,0,0,0,1,0,0,0,0,1,0,0,0,0,0,0,0,0,0,0,0,0,1,0,0,0,0,0,0,1,0,0
34.0,13.0,4,4,39.0,3,3,3,1.0,18.0,3,9.0,2.0,2,8.0,7.0,1.0,1.0,3,1,0,0,1,0,0,0,0,0,0,0,0,1,0,0,0,0,0,0,0,0,0,0,0,0,1,0,0,0,0,0,0,1,0,0
26.0,1.0,3,3,95.0,3,1,1,0.0,13.0,4,8.0,6.0,2,7.0,7.0,7.0,6.0,3,1,0,0,1,0,0,0,1,0,0,0,1,0,0,0,0,0,0,0,1,0,0,0,0,0,0,0,0,0,0,0,0,1,0,0
32.0,15.0,4,3,34.0,3,2,4,5.0,18.0,2,9.0,6.0,3,5.0,1.0,1.0,2.0,3,0,0,0,1,0,0,0,0,0,0,0,1,0,0,0,0,0,0,0,0,0,1,0,0,0,0,0,0,0,0,0,0,0,0,0
28.0,17.0,3,3,32.0,2,1,4,5.0,12.0,1,6.0,2.0,2,4.0,1.0,0.0,3.0,3,1,0,0,0,0,1,0,0,0,0,0,1,0,0,0,0,0,0,0,0,0,1,0,0,0,0,0,0,0,0,0,0,1,0,1
38.0,1.0,3,1,59.0,2,1,1,4.0,14.0,1,20.0,3.0,2,1.0,0.0,0.0,0.0,3,1,1,0,0,0,0,0,1,0,0,0,0,1,0,0,0,0,0,0,0,0,0,0,0,0,0,1,0,0,0,0,0,1,0,0
35.0,7.0,4,3,55.0,3,2,4,1.0,11.0,4,10.0,2.0,3,10.0,8.0,0.0,9.0,3,0,1,0,0,0,0,1,0,0,0,0,0,1,0,0,0,0,0,0,0,0,0,0,0,0,1,0,0,0,0,0,0,1,1,0
27.0,9.0,3,4,44.0,3,2,4,1.0,14.0,1,7.0,5.0,3,7.0,7.0,0.0,7.0,3,1,0,1,0,0,0,0,1,0,0,0,0,1,0,0,0,0,0,0,0,0,0,0,0,0,1,0,0,0,0,0,0,1,0,0
32.0,5.0,4,4,56.0,2,2,4,8.0,24.0,2,8.0,1.0,3,1.0,0.0,0.0,0.0,4,1,1,0,0,0,0,0,1,0,0,0,1,0,0,0,0,0,0,0,0,0,1,0,0,0,0,0,0,0,0,0,0,1,0,0
31.0,26.0,4,1,63.0,3,2,4,1.0,11.0,3,10.0,4.0,3,10.0,7.0,0.0,8.0,3,1,0,1,0,0,0,1,0,0,0,0,0,1,0,0,0,0,0,0,0,0,0,0,0,0,1,0,0,0,0,0,1,0,1,1
53.0,24.0,4,1,66.0,3,3,1,6.0,13.0,2,15.0,2.0,2,2.0,2.0,2.0,2.0,2,1,1,0,0,0,0,0,1,0,0,0,0,1,0,0,0,0,0,0,0,0,0,0,0,0,1,0,0,0,0,0,0,1,1,1
54.0,9.0,2,1,67.0,3,2,3,3.0,11.0,3,9.0,6.0,2,4.0,3.0,2.0,3.0,2,0,1,0,0,0,0,1,0,0,0,0,1,0,0,0,0,0,0,0,0,0,0,0,0,1,0,0,0,0,0,0,0,1,0,0
33.0,7.0,2,4,36.0,3,2,3,1.0,20.0,3,9.0,2.0,3,9.0,7.0,2.0,8.0,4,1,1,0,0,0,0,0,0,0,0,0,1,0,0,0,0,0,0,0,0,0,1,0,0,0,0,0,0,0,0,0,1,0,0,0
43.0,11.0,3,1,30.0,3,3,3,1.0,17.0,2,10.0,1.0,3,10.0,9.0,0.0,9.0,3,1,1,0,0,0,0,1,0,0,0,0,1,0,0,0,0,0,1,0,0,0,0,0,0,0,0,0,0,0,0,0,0,1,0,0
38.0,1.0,4,4,88.0,3,1,2,0.0,11.0,2,7.0,2.0,3,6.0,2.0,1.0,2.0,3,1,0,0,0,1,0,1,0,0,0,1,0,0,0,0,0,0,0,1,0,0,0,0,0,0,0,0,0,0,0,0,1,0,1,0
55.0,26.0,4,3,71.0,4,5,2,4.0,18.0,1,35.0,0.0,3,10.0,9.0,1.0,4.0,3,1,0,0,0,0,0,1,0,0,0,1,0,0,0,0,0,0,0,0,0,1,0,0,0,0,0,0,0,0,0,0,0,1,1,0
31.0,2.0,1,4,59.0,1,1,4,1.0,11.0,3,1.0,4.0,3,1.0,0.0,0.0,0.0,3,0,0,0,1,0,0,0,0,0,0,0,1,0,0,0,0,0,0,0,0,0,1,0,0,0,0,0,0,0,0,0,0,1,1,0
39.0,15.0,4,2,77.0,3,4,1,0.0,12.0,1,21.0,3.0,3,20.0,8.0,11.0,10.0,2,1,0,1,0,0,0,0,1,0,0,0,0,1,0,0,0,0,0,0,0,0,0,0,0,0,1,0,0,0,0,0,0,1,0,0
42.0,23.0,2,4,37.0,2,2,3,1.0,12.0,4,20.0,2.0,3,20.0,9.0,3.0,7.0,3,1,1,0,0,0,0,0,1,0,0,0,1,0,0,0,0,0,0,0,0,0,0,0,0,1,0,0,0,0,0,0,0,0,0,0
31.0,10.0,3,3,40.0,3,3,3,4.0,20.0,3,13.0,2.0,4,11.0,7.0,4.0,8.0,4,0,0,0,1,0,0,1,0,0,0,0,1,0,0,0,0,0,0,0,0,0,0,0,1,0,0,0,0,0,0,0,0,0,0,0
54.0,10.0,3,3,77.0,3,2,1,6.0,19.0,4,9.0,3.0,3,5.0,2.0,1.0,4.0,3,0,0,0,1,0,0,0,1,0,0,0,1,0,0,0,0,0,0,0,0,0,0,1,0,0,0,0,0,0,0,0,0,1,1,0
24.0,1.0,2,2,45.0,2,2,3,1.0,12.0,2,4.0,2.0,2,4.0,3.0,1.0,2.0,2,1,1,0,0,0,0,0,1,0,0,0,1,0,0,0,0,0,1,0,0,0,0,0,0,0,0,0,0,0,0,0,0,1,0,0
23.0,12.0,2,4,78.0,3,1,4,1.0,13.0,3,5.0,6.0,4,5.0,2.0,1.0,4.0,3,1,0,0,0,1,0,0,1,0,0,0,1,0,0,0,0,0,0,0,1,0,0,0,0,0,0,0,0,0,0,0,0,1,0,0
40.0,11.0,3,4,73.0,3,2,3,1.0,11.0,1,10.0,2.0,4,10.0,9.0,9.0,4.0,3,0,0,0,0,0,1,1,0,0,0,0,1,0,0,0,0,0,0,0,1,0,0,0,0,0,0,0,0,0,0,0,1,0,0,0
40.0,2.0,2,2,92.0,3,2,2,3.0,14.0,3,15.0,4.0,3,11.0,8.0,5.0,10.0,2,0,0,1,0,0,0,1,0,0,0,0,0,1,0,0,0,0,0,0,0,0,0,0,0,0,1,0,0,0,0,0,0,1,0,0
25.0,2.0,3,3,82.0,3,1,2,4.0,14.0,3,6.0,3.0,3,2.0,0.0,1.0,2.0,3,0,0,0,0,0,0,1,0,0,0,1,0,0,0,0,0,0,0,1,0,0,0,0,0,0,0,0,0,0,0,0,0,1,0,0
30.0,1.0,2,4,76.0,3,1,2,1.0,13.0,3,12.0,6.0,2,12.0,8.0,1.0,7.0,3,1,0,0,1,0,0,1,0,0,0,0,1,0,0,0,0,0,0,0,1,0,0,0,0,0,0,0,0,0,0,0,0,1,0,0
25.0,2.0,1,4,57.0,3,1,3,6.0,19.0,3,7.0,2.0,2,2.0,2.0,0.0,2.0,3,1,0,0,0,1,0,0,0,0,0,0,1,0,0,0,0,0,0,0,1,0,0,0,0,0,0,0,0,0,0,0,0,1,1,0
47.0,25.0,3,1,84.0,3,3,3,2.0,23.0,2,25.0,3.0,3,17.0,14.0,12.0,11.0,2,1,0,0,1,0,0,0,1,0,0,0,1,0,0,0,0,0,0,0,0,0,1,0,0,0,0,0,0,0,0,0,0,1,0,0
38.0,1.0,4,4,86.0,3,2,2,0.0,15.0,1,16.0,3.0,3,15.0,13.0,5.0,8.0,3,1,1,0,0,0,0,1,0,0,0,0,0,1,0,0,0,0,0,0,0,0,0,0,0,0,1,0,0,0,0,0,0,1,0,0
31.0,2.0,2,1,54.0,3,1,3,0.0,19.0,3,3.0,1.0,3,2.0,2.0,1.0,2.0,2,1,1,0,0,0,0,1,0,0,0,0,0,1,0,0,0,0,0,0,0,0,0,0,0,0,0,1,0,0,0,0,0,1,0,0
42.0,18.0,4,4,35.0,3,2,1,6.0,17.0,3,9.0,3.0,2,4.0,3.0,1.0,2.0,3,1,1,0,0,0,0,0,0,0,0,0,1,0,0,0,0,0,0,0,0,0,0,0,0,1,0,0,0,0,0,0,0,1,1,0
41.0,1.0,3,4,76.0,3,1,4,3.0,22.0,1,12.0,3.0,3,5.0,3.0,1.0,0.0,4,1,1,0,0,0,0,1,0,0,0,0,1,0,0,0,0,0,0,0,0,0,0,0,0,1,0,0,0,0,0,0,0,1,0,0
47.0,1.0,1,3,98.0,3,3,2,0.0,18.0,1,14.0,3.0,1,13.0,8.0,5.0,12.0,2,0,0,0,1,0,0,1,0,0,0,0,1,0,0,0,0,0,0,0,0,0,0,0,0,1,0,0,0,0,0,0,0,0,0,0
35.0,11.0,4,4,43.0,3,1,3,7.0,11.0,3,5.0,3.0,3,2.0,2.0,2.0,2.0,3,1,0,0,1,0,0,1,0,0,0,0,1,0,0,0,0,0,0,0,0,0,0,0,1,0,0,0,0,0,0,0,0,1,1,0
22.0,1.0,2,4,63.0,3,1,3,0.0,12.0,4,4.0,2.0,4,3.0,2.0,1.0,2.0,3,1,1,0,0,0,0,0,1,0,0,0,1,0,0,0,0,0,0,0,0,0,0,0,0,1,0,0,0,0,0,0,0,1,0,0
35.0,9.0,4,2,48.0,3,2,3,1.0,19.0,2,10.0,5.0,3,10.0,7.0,0.0,8.0,3,1,0,0,1,0,0,0,1,0,0,0,1,0,0,0,0,0,0,0,0,0,0,0,0,1,0,0,0,0,0,0,0,1,0,0
33.0,15.0,2,2,95.0,3,2,4,0.0,13.0,1,10.0,6.0,3,9.0,7.0,8.0,1.0,2,0,0,0,1,0,0,1,0,0,0,0,1,0,0,0,0,0,1,0,0,0,0,0,0,0,0,0,0,0,0,0,0,1,1,0
32.0,29.0,4,3,49.0,2,1,2,1.0,13.0,3,6.0,3.0,3,6.0,2.0,4.0,1.0,3,0,1,0,0,0,0,0,1,0,0,0,1,0,0,0,0,0,0,0,1,0,0,0,0,0,0,0,0,0,0,0,0,1,0,0
40.0,1.0,4,1,83.0,3,1,4,8.0,19.0,3,8.0,3.0,2,1.0,0.0,0.0,0.0,3,1,1,0,0,0,0,1,0,0,0,0,1,0,0,0,0,0,0,0,1,0,0,0,0,0,0,0,0,0,0,0,0,1,0,0
32.0,1.0,4,2,68.0,2,1,2,0.0,14.0,2,3.0,2.0,3,2.0,2.0,2.0,2.0,2,1,0,0,1,0,0,1,0,0,0,0,0,1,0,0,0,0,0,0,0,0,0,0,0,0,0,1,0,0,0,0,0,1,0,0
39.0,24.0,1,1,52.0,3,2,4,7.0,13.0,1,18.0,2.0,3,7.0,7.0,1.0,7.0,2,1,1,0,0,0,0,0,1,0,0,0,1,0,0,0,0,0,0,0,0,0,0,0,0,1,0,0,0,0,0,0,0,1,0,0
38.0,10.0,3,2,99.0,1,3,3,3.0,12.0,1,20.0,3.0,3,18.0,16.0,1.0,11.0,2,0,0,0,1,0,0,1,0,0,0,0,1,0,0,0,0,0,0,0,0,0,0,0,1,0,0,0,0,0,0,0,0,1,0,0
37.0,10.0,3,3,42.0,4,3,4,1.0,25.0,1,16.0,2.0,3,16.0,11.0,6.0,8.0,4,0,1,0,0,0,0,1,0,0,0,0,1,0,0,0,0,0,0,0,0,0,0,0,1,0,0,0,0,0,0,0,0,1,1,0
25.0,8.0,2,1,85.0,3,2,3,0.0,22.0,2,6.0,3.0,2,5.0,3.0,0.0,4.0,3,0,0,0,0,1,0,0,0,0,0,0,0,1,0,0,0,0,0,0,0,0,0,0,0,0,1,0,0,0,0,0,0,1,1,0
52.0,29.0,4,1,40.0,3,1,4,2.0,15.0,2,16.0,3.0,2,9.0,8.0,0.0,0.0,3,1,1,0,0,0,0,0,0,0,0,0,0,1,0,0,0,0,0,0,0,0,0,0,0,0,0,1,0,0,0,0,0,0,0,0
44.0,1.0,3,2,42.0,3,1,4,6.0,12.0,3,6.0,2.0,3,4.0,3.0,1.0,2.0,2,1,0,0,1,0,0,0,1,0,0,0,1,0,0,0,0,0,0,0,0,0,0,0,0,1,0,0,0,0,0,0,0,1,1,0
21.0,5.0,1,3,58.0,3,1,1,1.0,11.0,4,2.0,6.0,3,2.0,2.0,1.0,2.0,3,1,0,0,1,0,0,0,1,0,0,0,0,1,0,0,0,0,0,0,0,0,0,0,0,0,0,1,0,0,0,0,0,1,1,0
23.0,9.0,3,4,33.0,3,1,1,1.0,19.0,1,1.0,3.0,2,1.0,0.0,1.0,0.0,3,1,0,1,0,0,0,1,0,0,0,0,0,1,0,0,0,0,0,0,0,0,0,0,0,0,0,1,0,0,0,0,1,0,0,1
36.0,3.0,3,1,94.0,2,3,4,0.0,19.0,3,10.0,2.0,3,9.0,7.0,3.0,4.0,2,0,0,0,1,0,0,1,0,0,0,0,0,1,0,0,0,0,0,0,0,0,0,0,0,0,1,0,0,0,0,0,0,1,0,0
36.0,4.0,2,4,97.0,3,2,2,7.0,13.0,2,18.0,3.0,3,4.0,2.0,0.0,2.0,3,0,1,0,0,0,0,0,0,0,0,0,1,0,0,0,0,0,0,0,0,0,0,1,0,0,0,0,0,0,0,0,1,0,0,0
56.0,1.0,4,3,57.0,3,2,3,1.0,21.0,1,13.0,2.0,2,13.0,12.0,1.0,9.0,4,1,1,0,0,0,0,0,0,0,0,0,1,0,0,0,0,0,1,0,0,0,0,0,0,0,0,0,0,0,0,0,0,0,0,0
29.0,1.0,4,1,36.0,3,1,4,9.0,14.0,2,4.0,3.0,4,2.0,2.0,2.0,2.0,2,1,0,0,1,0,0,1,0,0,0,0,1,0,0,0,0,0,0,0,0,0,0,0,0,1,0,0,0,0,0,0,0,1,1,1
56.0,7.0,2,4,72.0,3,1,3,8.0,11.0,4,14.0,4.0,1,10.0,9.0,9.0,8.0,2,1,0,0,0,0,1,1,0,0,0,0,1,0,0,0,0,0,0,0,1,0,0,0,0,0,0,0,0,0,0,0,0,1,0,1
41.0,28.0,4,1,60.0,2,4,2,0.0,23.0,3,21.0,3.0,3,20.0,7.0,0.0,10.0,3,0,1,0,0,0,0,1,0,0,0,0,1,0,0,0,0,0,0,0,0,0,0,1,0,0,0,0,0,0,0,0,0,1,0,0
34.0,28.0,3,4,95.0,2,2,3,1.0,21.0,4,8.0,2.0,3,8.0,7.0,1.0,7.0,4,0,0,1,0,0,0,1,0,0,0,0,0,1,0,0,0,0,0,0,0,0,0,0,0,0,1,0,0,0,0,0,0,1,0,0
36.0,15.0,4,4,88.0,1,2,4,1.0,24.0,1,15.0,4.0,2,15.0,12.0,11.0,11.0,4,1,0,1,0,0,0,0,0,0,0,0,0,1,0,0,0,0,0,0,0,0,0,0,0,0,1,0,0,0,0,0,0,0,0,0
41.0,3.0,3,3,57.0,2,2,2,2.0,11.0,3,14.0,5.0,3,5.0,4.0,0.0,4.0,3,1,1,0,0,0,0,0,0,0,0,0,0,1,0,0,0,0,0,0,0,0,0,0,0,0,1,0,0,0,0,0,0,1,0,0
32.0,2.0,3,4,78.0,3,1,1,1.0,14.0,4,4.0,4.0,3,4.0,2.0,1.0,2.0,3,1,0,0,0,0,1,0,1,0,0,0,1,0,0,0,0,0,0,0,0,0,0,0,0,1,0,0,0,0,0,0,0,1,0,0
35.0,26.0,4,3,31.0,3,3,4,1.0,16.0,3,9.0,2.0,3,9.0,0.0,1.0,7.0,3,0,1,0,0,0,0,0,1,0,0,1,0,0,0,0,0,0,0,1,0,0,0,0,0,0,0,0,0,0,0,0,0,1,1,0
38.0,10.0,2,1,100.0,3,2,4,1.0,11.0,3,10.0,1.0,3,10.0,7.0,1.0,9.0,2,0,1,0,0,0,0,1,0,0,0,0,0,1,0,0,0,0,0,0,0,0,0,0,0,0,1,0,0,0,0,0,0,1,0,0
50.0,1.0,4,2,94.0,3,2,3,7.0,12.0,4,12.0,3.0,3,6.0,3.0,0.0,1.0,4,1,1,0,0,0,0,0,0,0,0,0,0,1,0,0,0,0,0,0,0,0,0,0,0,0,1,0,0,0,0,0,1,0,0,1
36.0,11.0,4,2,100.0,2,2,4,4.0,13.0,1,8.0,2.0,2,6.0,3.0,0.0,0.0,3,0,0,1,0,0,0,1,0,0,0,0,0,1,0,0,0,0,0,0,0,0,0,0,0,0,1,0,0,0,0,0,0,1,0,0
40.0,2.0,4,3,52.0,2,1,3,2.0,14.0,4,8.0,2.0,3,2.0,2.0,2.0,2.0,3,1,1,0,0,0,0,0,1,0,0,0,1,0,0,0,0,0,0,0,0,0,0,0,0,1,0,0,0,0,0,0,0,1,0,0
35.0,18.0,4,3,80.0,3,2,3,1.0,14.0,4,10.0,2.0,4,10.0,2.0,0.0,2.0,3,1,1,0,0,0,0,1,0,0,0,0,1,0,0,0,0,0,0,0,0,0,0,0,0,1,0,0,0,0,0,0,1,0,1,0
40.0,2.0,4,3,98.0,3,1,3,2.0,14.0,2,20.0,2.0,3,5.0,3.0,0.0,2.0,3,0,0,0,1,0,0,1,0,0,0,0,1,0,0,0,0,0,0,0,0,0,0,0,0,1,0,0,0,0,0,0,0,1,0,0
35.0,1.0,4,3,62.0,1,1,4,1.0,12.0,4,4.0,5.0,3,4.0,3.0,1.0,1.0,3,0,1,0,0,0,0,1,0,0,0,0,1,0,0,0,0,0,0,0,0,0,0,0,0,1,0,0,0,0,0,0,0,1,0,0
29.0,13.0,2,4,46.0,2,2,2,4.0,13.0,1,10.0,2.0,3,4.0,3.0,0.0,3.0,3,1,0,0,0,1,0,1,0,0,0,0,1,0,0,0,0,0,0,0,0,0,0,0,0,1,0,0,0,0,0,0,0,1,1,0
29.0,28.0,4,4,73.0,2,1,1,1.0,14.0,2,5.0,3.0,1,5.0,4.0,0.0,4.0,2,0,0,0,1,0,0,0,1,0,0,0,1,0,0,0,0,0,0,0,0,0,0,0,0,1,0,0,0,0,0,0,0,1,0,0
50.0,28.0,3,4,39.0,2,3,1,4.0,13.0,2,20.0,3.0,3,3.0,2.0,2.0,0.0,3,1,0,1,0,0,0,0,0,0,0,0,0,1,0,0,0,0,0,0,0,0,0,0,0,0,1,0,0,0,0,0,0,1,1,1
39.0,24.0,1,2,60.0,2,4,4,0.0,11.0,1,21.0,2.0,2,20.0,9.0,9.0,6.0,2,0,0,1,0,0,0,1,0,0,0,0,0,1,0,0,0,0,0,0,0,0,0,0,0,0,1,0,0,0,0,0,0,1,0,0
31.0,5.0,3,2,74.0,3,2,1,0.0,19.0,2,10.0,2.0,3,9.0,4.0,1.0,7.0,2,1,0,0,1,0,0,0,1,0,0,0,1,0,0,0,0,0,0,0,0,0,0,1,0,0,0,0,0,0,0,0,0,0,0,0
26.0,5.0,3,4,30.0,2,1,3,0.0,18.0,4,5.0,2.0,3,4.0,2.0,0.0,0.0,3,0,0,0,0,1,0,0,1,0,0,0,0,1,0,0,0,0,0,0,0,0,0,0,0,0,0,1,0,0,0,0,0,1,0,0
39.0,6.0,1,4,42.0,2,3,1,4.0,15.0,1,9.0,5.0,3,7.0,7.0,1.0,7.0,3,1,0,0,1,0,0,1,0,0,0,0,1,0,0,0,0,0,1,0,0,0,0,0,0,0,0,0,0,0,0,0,0,1,0,0
27.0,4.0,3,2,87.0,4,2,2,1.0,20.0,2,6.0,0.0,3,6.0,2.0,0.0,3.0,3,1,1,0,0,0,0,1,0,0,0,0,1,0,0,0,0,0,0,0,0,0,0,1,0,0,0,0,0,0,0,0,0,1,1,0
49.0,2.0,3,4,63.0,2,2,2,2.0,14.0,4,17.0,3.0,2,9.0,6.0,0.0,8.0,3,1,0,0,1,0,0,1,0,0,0,0,0,1,0,0,0,0,0,0,0,0,0,0,0,0,1,0,0,0,0,0,1,0,0,0
34.0,8.0,3,2,82.0,4,2,3,2.0,12.0,1,6.0,3.0,4,4.0,3.0,1.0,2.0,3,1,0,0,1,0,0,1,0,0,0,0,1,0,0,0,0,0,0,0,1,0,0,0,0,0,0,0,0,0,0,0,0,1,0,0
41.0,1.0,2,2,94.0,3,2,4,8.0,11.0,1,8.0,0.0,1,6.0,4.0,0.0,5.0,2,0,1,0,0,0,0,0,1,0,0,0,0,1,0,0,0,0,0,0,0,0,0,0,0,0,1,0,0,0,0,0,0,1,1,1
27.0,2.0,1,1,40.0,3,1,2,9.0,12.0,4,6.0,3.0,3,2.0,2.0,2.0,2.0,2,1,0,0,1,0,0,1,0,1,0,0,0,0,0,0,1,0,0,0,0,0,0,0,0,0,0,0,0,0,0,0,0,1,0,0
32.0,2.0,2,4,79.0,3,1,4,0.0,13.0,3,8.0,2.0,2,7.0,7.0,3.0,6.0,3,1,1,0,0,0,0,0,1,1,0,0,0,0,0,0,0,0,0,0,0,0,0,0,0,0,0,0,1,0,0,0,1,0,0,0
59.0,3.0,3,3,81.0,4,1,1,4.0,20.0,1,12.0,3.0,2,1.0,0.0,0.0,0.0,4,0,0,0,1,0,0,1,0,1,0,0,0,0,0,0,0,0,0,0,0,0,0,0,0,0,0,0,1,0,0,0,0,1,1,0
30.0,24.0,1,4,67.0,3,1,3,1.0,22.0,2,1.0,2.0,3,1.0,0.0,0.0,0.0,4,1,1,0,0,0,0,0,0,1,0,0,0,0,0,0,0,0,0,0,0,0,0,0,0,0,0,0,1,0,0,0,0,1,0,0
36.0,27.0,3,3,94.0,3,2,3,6.0,13.0,2,17.0,3.0,2,7.0,7.0,7.0,7.0,3,1,0,0,1,0,0,1,0,1,0,0,0,0,0,0,0,0,0,0,0,0,0,0,0,0,0,0,1,0,0,0,0,1,0,0
35.0,16.0,3,1,84.0,4,1,2,0.0,13.0,3,6.0,5.0,3,5.0,4.0,0.0,3.0,3,1,0,0,1,0,0,1,0,1,0,0,0,0,0,0,1,0,0,0,0,0,0,0,0,0,0,0,0,0,0,0,0,1,0,0
31.0,26.0,1,1,31.0,3,1,3,1.0,17.0,4,5.0,1.0,2,5.0,2.0,4.0,3.0,2,1,1,0,0,0,0,0,0,1,0,0,0,0,0,0,1,0,0,0,0,0,0,0,0,0,0,0,0,0,0,0,0,1,0,0
34.0,19.0,2,2,93.0,3,1,4,0.0,11.0,3,3.0,2.0,3,2.0,2.0,1.0,2.0,2,1,0,0,1,0,0,0,0,1,0,0,0,0,0,0,0,0,0,0,0,0,0,0,0,0,0,0,1,0,0,0,0,1,0,0
28.0,24.0,3,3,50.0,2,1,3,5.0,14.0,2,6.0,4.0,3,4.0,2.0,0.0,3.0,3,1,1,0,0,0,0,0,1,1,0,0,0,0,0,0,1,0,0,0,0,0,0,0,0,0,0,0,0,0,0,0,0,1,1,1
29.0,21.0,4,2,51.0,4,3,1,1.0,11.0,3,10.0,1.0,3,10.0,9.0,8.0,8.0,2,0,1,0,0,0,0,0,0,1,0,0,0,0,0,0,0,0,0,0,0,0,0,0,0,0,0,0,1,0,0,0,0,1,0,0
22.0,16.0,2,4,96.0,4,1,4,1.0,13.0,2,1.0,2.0,2,1.0,0.0,0.0,0.0,3,1,0,0,1,0,0,0,0,1,0,0,0,0,0,0,0,0,0,0,0,0,0,0,0,0,0,0,1,0,0,0,0,0,1,0
53.0,2.0,4,1,78.0,2,4,4,2.0,16.0,3,31.0,3.0,3,25.0,8.0,3.0,7.0,2,0,1,0,0,0,0,1,0,0,0,0,0,1,0,0,0,0,0,0,0,1,0,0,0,0,0,0,0,0,0,0,0,1,0,0
38.0,2.0,3,4,45.0,3,1,4,5.0,11.0,3,6.0,3.0,3,3.0,2.0,1.0,2.0,3,1,1,0,0,0,0,0,1,1,0,0,0,0,0,0,1,0,0,0,0,0,0,0,0,0,0,0,0,0,0,0,0,1,1,0
24.0,11.0,2,1,96.0,4,2,3,0.0,18.0,4,5.0,5.0,2,4.0,2.0,1.0,3.0,3,0,0,0,0,1,0,0,0,1,0,0,0,0,0,0,1,0,0,0,0,0,0,0,0,0,0,0,0,0,0,0,0,0,0,0
34.0,7.0,4,1,53.0,3,3,2,0.0,11.0,3,13.0,4.0,3,12.0,6.0,2.0,11.0,3,0,1,0,0,0,0,0,1,1,0,0,0,0,0,0,1,0,0,0,0,0,0,0,0,0,0,0,0,0,0,0,0,1,0,0
34.0,6.0,1,2,83.0,3,1,1,2.0,11.0,3,8.0,2.0,3,4.0,2.0,1.0,3.0,3,1,0,0,1,0,0,0,1,1,0,0,0,0,0,0,1,0,0,0,0,0,0,0,0,0,0,0,0,0,0,0,0,1,0,1
53.0,5.0,3,3,58.0,3,5,3,4.0,11.0,4,26.0,3.0,2,14.0,13.0,4.0,8.0,3,0,0,0,0,1,0,0,0,1,0,0,0,0,0,0,0,0,0,0,0,0,0,0,0,0,0,0,1,0,0,0,0,1,0,0
32.0,16.0,1,2,72.0,1,1,1,1.0,22.0,2,10.0,5.0,3,10.0,2.0,6.0,7.0,3,0,1,0,0,0,0,0,1,1,0,0,0,0,0,0,0,0,0,0,0,0,0,0,0,0,0,0,1,0,0,0,1,0,1,1
42.0,8.0,4,3,48.0,3,2,2,0.0,11.0,4,10.0,2.0,3,9.0,7.0,4.0,2.0,3,1,0,1,0,0,0,1,0,0,0,0,0,1,0,0,0,0,0,0,0,0,0,0,0,0,1,0,0,0,0,0,0,1,0,0
44.0,7.0,4,1,42.0,2,3,4,3.0,14.0,4,24.0,4.0,3,22.0,6.0,5.0,17.0,3,0,0,0,1,0,0,1,0,1,0,0,0,0,0,0,1,0,0,0,0,0,0,0,0,0,0,0,0,0,0,0,0,1,0,0
46.0,2.0,4,2,83.0,3,5,1,3.0,12.0,4,22.0,2.0,2,2.0,2.0,2.0,1.0,2,0,0,1,0,0,0,0,1,0,0,0,0,1,0,0,0,0,0,0,0,1,0,0,0,0,0,0,0,0,0,0,0,1,0,0
33.0,2.0,3,3,78.0,3,1,4,4.0,11.0,4,7.0,3.0,3,1.0,1.0,0.0,0.0,3,1,0,0,1,0,0,0,1,1,0,0,0,0,0,0,1,0,0,0,0,0,0,0,0,0,0,0,0,0,0,0,0,1,0,0
44.0,10.0,4,4,41.0,3,2,4,2.0,13.0,4,9.0,5.0,4,4.0,2.0,1.0,3.0,3,1,0,0,0,1,0,1,0,1,0,0,0,0,0,0,0,0,0,0,0,0,0,0,0,0,0,0,0,0,1,0,0,1,1,0
24.0,1.0,3,2,61.0,3,1,4,2.0,16.0,1,6.0,2.0,2,2.0,0.0,2.0,0.0,3,1,0,0,1,0,0,1,0,1,0,0,0,0,0,0,1,0,0,0,0,0,0,0,0,0,0,0,0,0,0,0,0,1,1,1
43.0,2.0,2,4,72.0,4,1,3,1.0,12.0,4,6.0,3.0,2,5.0,3.0,1.0,4.0,3,0,0,0,1,0,0,0,0,1,0,0,0,0,0,0,0,0,0,0,0,0,0,0,0,0,0,0,0,0,1,0,0,1,0,0
50.0,3.0,2,1,86.0,2,1,3,1.0,14.0,3,3.0,2.0,3,3.0,2.0,0.0,2.0,3,1,0,1,0,0,0,1,0,0,0,0,0,1,0,0,0,0,0,0,0,0,0,0,0,0,0,1,0,0,0,0,0,1,1,1
35.0,2.0,3,4,97.0,3,1,4,1.0,13.0,1,2.0,3.0,3,2.0,2.0,2.0,2.0,3,0,0,1,0,0,0,1,0,0,0,0,0,1,0,0,0,0,0,0,0,0,0,0,0,0,0,1,0,0,0,0,0,1,0,0
36.0,5.0,4,2,82.0,2,1,1,9.0,14.0,4,6.0,3.0,4,1.0,1.0,0.0,0.0,3,0,1,0,0,0,0,1,0,1,0,0,0,0,0,0,1,0,0,0,0,0,0,0,0,0,0,0,0,0,0,0,0,1,1,0
33.0,1.0,3,3,42.0,4,2,1,2.0,19.0,1,10.0,3.0,3,5.0,3.0,1.0,3.0,3,0,1,0,0,0,0,1,0,0,0,0,0,1,0,0,0,0,0,0,0,0,0,0,0,0,1,0,0,0,0,0,1,0,0,0
35.0,4.0,2,3,75.0,3,1,4,1.0,12.0,3,1.0,3.0,3,1.0,0.0,0.0,0.0,3,1,0,0,0,1,0,0,0,1,0,0,0,0,0,0,1,0,0,0,0,0,0,0,0,0,0,0,0,0,0,0,0,1,0,0
27.0,2.0,4,4,33.0,3,1,1,1.0,13.0,4,1.0,6.0,3,1.0,0.0,0.0,0.0,3,0,1,0,0,0,0,0,0,1,0,0,0,0,0,0,0,0,0,0,0,0,0,0,0,0,0,0,0,0,1,0,0,1,0,0
26.0,25.0,3,1,48.0,1,1,3,1.0,12.0,3,1.0,2.0,2,1.0,0.0,0.0,1.0,3,1,1,0,0,0,0,0,1,1,0,0,0,0,0,0,0,0,0,0,0,0,0,0,0,0,0,0,0,0,1,0,0,1,0,1
27.0,8.0,3,4,37.0,3,3,3,1.0,15.0,4,9.0,0.0,3,9.0,8.0,1.0,7.0,3,1,1,0,0,0,0,0,1,0,0,0,0,1,0,0,0,0,0,0,0,0,0,0,0,0,1,0,0,0,0,0,1,0,0,0
30.0,1.0,2,3,58.0,3,2,4,1.0,23.0,4,12.0,2.0,3,12.0,8.0,3.0,7.0,4,0,0,0,1,0,0,0,1,1,0,0,0,0,0,0,1,0,0,0,0,0,0,0,0,0,0,0,0,0,0,0,1,0,0,0
34.0,23.0,4,2,72.0,3,2,3,0.0,20.0,3,10.0,2.0,3,9.0,5.0,8.0,7.0,2,1,0,1,0,0,0,0,1,0,0,0,0,1,0,0,0,0,0,0,0,0,0,0,0,0,1,0,0,0,0,0,0,0,0,0
37.0,19.0,2,2,73.0,3,1,2,4.0,21.0,1,8.0,1.0,3,1.0,0.0,0.0,0.0,4,1,1,0,0,0,0,1,0,1,0,0,0,0,0,0,1,0,0,0,0,0,0,0,0,0,0,0,0,0,0,0,0,1,0,0
46.0,5.0,4,1,98.0,3,2,4,4.0,21.0,3,14.0,4.0,3,9.0,6.0,0.0,8.0,3,1,0,1,0,0,0,0,1,0,0,0,0,1,0,0,0,0,0,0,0,0,0,0,0,0,1,0,0,0,0,0,1,0,1,0
35.0,8.0,1,4,36.0,4,1,4,1.0,19.0,4,1.0,2.0,3,1.0,0.0,0.0,1.0,3,1,1,0,0,0,0,1,0,1,0,0,0,0,0,0,0,0,0,0,0,0,0,0,0,0,0,0,0,0,1,0,0,1,0,0
48.0,1.0,2,1,98.0,2,3,3,9.0,13.0,4,23.0,2.0,3,1.0,0.0,0.0,0.0,3,1,1,0,0,0,0,0,1,1,0,0,0,0,0,0,1,0,0,0,0,0,0,0,0,0,0,0,0,0,0,0,0,1,1,1
28.0,5.0,4,3,50.0,3,1,3,1.0,13.0,3,2.0,3.0,2,2.0,2.0,2.0,2.0,3,1,0,0,0,0,1,0,1,1,0,0,0,0,0,0,0,0,0,0,0,0,0,0,0,0,0,0,0,0,1,0,0,1,1,1
44.0,1.0,5,2,75.0,3,2,1,5.0,21.0,3,9.0,2.0,2,4.0,3.0,1.0,3.0,2,0,0,1,0,0,0,0,0,0,0,0,0,1,0,0,0,0,0,0,0,0,0,0,0,0,1,0,0,0,0,0,0,1,1,0
35.0,11.0,2,3,79.0,2,3,1,2.0,13.0,3,10.0,3.0,3,4.0,0.0,2.0,3.0,3,1,0,0,1,0,0,1,0,1,0,0,0,0,0,0,0,0,0,0,0,0,0,0,0,0,0,0,0,0,1,0,0,0,1,0
26.0,23.0,3,3,47.0,2,2,4,7.0,19.0,3,5.0,2.0,2,2.0,2.0,0.0,0.0,3,0,0,1,0,0,0,1,0,0,0,0,0,1,0,0,0,0,0,0,0,0,0,0,0,0,1,0,0,0,0,0,0,1,1,0
33.0,1.0,2,1,98.0,3,3,4,1.0,12.0,3,15.0,1.0,3,15.0,14.0,8.0,12.0,2,0,1,0,0,0,0,0,1,1,0,0,0,0,0,0,1,0,0,0,0,0,0,0,0,0,0,0,0,0,0,0,1,0,1,0
35.0,18.0,5,2,71.0,3,3,1,1.0,22.0,4,9.0,3.0,2,9.0,8.0,1.0,8.0,2,1,1,0,0,0,0,1,0,0,0,0,0,1,0,0,0,0,0,0,0,0,0,0,0,0,1,0,0,0,0,0,1,0,0,0
35.0,23.0,4,3,30.0,3,1,1,3.0,15.0,3,4.0,3.0,3,2.0,2.0,2.0,2.0,3,0,0,0,1,0,0,1,0,1,0,0,0,0,0,0,0,0,0,0,0,0,0,0,0,0,0,0,0,0,0,0,0,1,1,0
31.0,7.0,4,4,48.0,3,2,4,3.0,22.0,4,10.0,3.0,2,7.0,7.0,1.0,7.0,4,1,1,0,0,0,0,0,0,1,0,0,0,0,0,0,1,0,0,0,0,0,0,0,0,0,0,0,0,0,0,0,0,1,0,0
37.0,1.0,4,1,51.0,2,2,3,1.0,18.0,3,7.0,2.0,4,7.0,5.0,0.0,7.0,3,1,1,0,0,0,0,0,0,1,0,0,0,0,0,0,0,0,0,0,0,0,0,0,0,0,0,0,0,0,0,0,0,1,0,0
32.0,1.0,3,1,33.0,3,2,4,1.0,22.0,2,9.0,3.0,3,9.0,8.0,7.0,8.0,3,1,0,0,1,0,0,1,0,1,0,0,0,0,0,0,1,0,0,0,0,0,0,0,0,0,0,0,0,0,0,0,0,1,1,0
38.0,29.0,5,4,50.0,3,2,4,1.0,11.0,4,10.0,2.0,3,10.0,3.0,9.0,9.0,3,0,1,0,0,0,0,0,1,1,0,0,0,0,0,0,1,0,0,0,0,0,0,0,0,0,0,0,0,0,0,0,1,0,0,0
50.0,7.0,2,2,43.0,2,5,3,5.0,12.0,4,29.0,2.0,2,27.0,3.0,13.0,8.0,3,0,0,0,1,0,0,0,0,1,0,0,0,0,0,0,1,0,0,0,0,0,0,0,0,0,0,0,0,0,0,0,0,1,1,0
59.0,25.0,3,1,99.0,3,3,1,7.0,11.0,4,28.0,3.0,2,21.0,16.0,7.0,9.0,2,0,1,0,0,0,0,0,1,0,0,0,0,1,0,0,0,0,0,0,0,0,0,0,0,0,1,0,0,0,0,0,0,1,0,0
36.0,8.0,3,3,59.0,3,3,3,1.0,13.0,2,17.0,2.0,3,17.0,14.0,12.0,8.0,3,0,0,0,0,0,1,0,0,1,0,0,0,0,0,0,0,0,0,0,0,0,0,0,0,0,0,0,0,0,0,0,0,1,0,0
36.0,11.0,3,2,95.0,2,2,2,1.0,13.0,3,6.0,3.0,3,6.0,5.0,0.0,3.0,4,1,1,0,0,0,0,0,1,1,0,0,0,0,0,0,0,0,0,0,0,0,0,0,0,0,0,0,0,0,0,0,1,0,0,0
45.0,7.0,3,2,59.0,3,3,1,2.0,17.0,3,25.0,2.0,3,1.0,0.0,0.0,0.0,3,1,1,0,0,0,0,0,0,1,0,0,0,0,0,0,0,0,0,0,0,0,0,0,0,0,0,0,0,0,0,0,0,1,0,0
35.0,1.0,3,2,79.0,3,1,1,4.0,13.0,4,5.0,2.0,2,3.0,2.0,1.0,2.0,3,1,0,0,1,0,0,1,0,1,0,0,0,0,0,0,1,0,0,0,0,0,0,0,0,0,0,0,0,0,0,0,1,0,0,0
36.0,9.0,3,4,79.0,2,1,3,0.0,17.0,1,2.0,0.0,2,1.0,0.0,0.0,0.0,3,1,0,0,1,0,0,1,0,1,0,0,0,0,0,0,1,0,0,0,0,0,0,0,0,0,0,0,0,0,0,0,0,1,1,1
29.0,2.0,3,3,76.0,3,1,2,0.0,23.0,4,6.0,3.0,3,5.0,4.0,0.0,4.0,4,1,1,0,0,0,0,1,0,1,0,0,0,0,0,0,0,0,0,0,0,0,0,0,0,0,0,0,0,0,0,0,0,1,0,0
31.0,1.0,4,3,87.0,3,1,2,1.0,17.0,2,1.0,4.0,3,1.0,1.0,1.0,0.0,3,1,0,0,1,0,0,0,1,1,0,0,0,0,0,0,0,0,0,0,0,0,0,0,0,0,0,0,0,0,0,0,0,1,0,0
32.0,1.0,3,2,66.0,3,2,2,1.0,17.0,2,10.0,3.0,3,10.0,4.0,0.0,9.0,3,1,1,0,0,0,0,1,0,1,0,0,0,0,0,0,1,0,0,0,0,0,0,0,0,0,0,0,0,0,0,0,0,1,0,0
36.0,6.0,3,2,55.0,4,1,4,3.0,12.0,2,5.0,3.0,3,1.0,0.0,0.0,0.0,3,0,1,0,0,0,0,1,0,1,0,0,0,0,0,0,1,0,0,0,0,0,0,0,0,0,0,0,0,0,0,0,0,1,0,0
31.0,8.0,4,3,61.0,3,2,4,1.0,23.0,4,11.0,2.0,3,11.0,7.0,1.0,8.0,4,0,1,0,0,0,0,0,1,1,0,0,0,0,0,0,1,0,0,0,0,0,0,0,0,0,0,0,0,0,0,0,0,1,0,0
35.0,1.0,4,3,32.0,2,2,1,0.0,14.0,2,16.0,2.0,3,15.0,13.0,2.0,8.0,3,1,0,1,0,0,0,0,1,0,0,0,0,1,0,0,0,0,0,0,0,0,0,0,0,0,1,0,0,0,0,0,0,1,0,0
46.0,5.0,2,2,80.0,3,2,2,8.0,22.0,4,16.0,2.0,3,4.0,2.0,0.0,2.0,3,1,0,0,1,0,0,0,0,0,0,1,0,0,0,0,0,0,0,1,0,0,0,0,0,0,0,0,0,0,0,0,0,1,1,0
30.0,1.0,1,4,55.0,2,2,4,1.0,12.0,3,10.0,1.0,2,10.0,8.0,3.0,0.0,3,1,1,0,0,0,0,1,0,1,0,0,0,0,0,0,1,0,0,0,0,0,0,0,0,0,0,0,0,0,0,0,0,1,1,0
35.0,1.0,3,2,30.0,2,1,3,1.0,18.0,1,6.0,3.0,3,6.0,4.0,0.0,4.0,3,1,0,0,1,0,0,0,1,1,0,0,0,0,0,0,0,0,0,0,0,0,0,0,0,0,0,0,0,0,0,0,0,1,0,0
55.0,1.0,2,1,70.0,3,3,4,3.0,14.0,4,24.0,4.0,3,1.0,0.0,1.0,0.0,3,1,1,0,0,0,0,1,0,0,0,0,0,1,0,0,0,0,0,0,0,0,0,0,0,0,1,0,0,0,0,0,0,1,0,0
38.0,6.0,3,2,79.0,1,2,4,7.0,12.0,4,17.0,3.0,3,13.0,11.0,1.0,9.0,3,0,0,0,1,0,0,0,0,1,0,0,0,0,0,0,1,0,0,0,0,0,0,0,0,0,0,0,0,0,0,0,0,0,1,0
34.0,1.0,2,1,94.0,3,2,2,1.0,15.0,3,5.0,2.0,3,5.0,2.0,1.0,3.0,3,1,0,0,1,0,0,1,0,1,0,0,0,0,0,0,0,0,0,0,0,0,0,0,0,0,0,0,0,0,0,0,0,1,0,0
23.0,2.0,1,3,62.0,3,1,1,3.0,13.0,3,3.0,3.0,3,0.0,0.0,0.0,0.0,3,1,0,0,0,0,1,0,0,0,0,0,0,1,0,0,0,0,0,0,0,0,0,0,0,0,0,1,0,0,0,0,0,1,0,0
30.0,2.0,3,3,99.0,2,2,4,1.0,19.0,1,11.0,3.0,3,11.0,10.0,10.0,8.0,3,1,1,0,0,0,0,1,0,1,0,0,0,0,0,0,1,0,0,0,0,0,0,0,0,0,0,0,0,0,0,0,0,1,0,0
46.0,9.0,2,3,64.0,2,3,4,1.0,16.0,4,9.0,3.0,3,9.0,8.0,4.0,7.0,3,1,0,0,1,0,0,0,1,0,0,0,0,1,0,0,0,0,0,0,0,0,0,0,0,0,1,0,0,0,0,0,0,1,0,1
40.0,1.0,4,3,78.0,2,4,2,1.0,22.0,4,22.0,3.0,2,22.0,3.0,11.0,11.0,4,1,1,0,0,0,0,1,0,1,0,0,0,0,0,0,1,0,0,0,0,0,0,0,0,0,0,0,0,0,0,0,1,0,0,0
51.0,21.0,4,3,71.0,3,2,4,0.0,22.0,4,11.0,2.0,1,10.0,7.0,1.0,0.0,3,1,0,1,0,0,0,0,1,0,0,0,0,1,0,0,0,0,0,0,0,0,0,0,0,0,1,0,0,0,0,0,0,1,1,0
30.0,4.0,2,3,63.0,2,2,2,1.0,12.0,2,11.0,4.0,2,11.0,8.0,2.0,7.0,3,0,0,0,1,0,0,0,0,0,0,0,0,1,0,0,0,0,0,0,0,0,0,0,0,0,1,0,0,0,0,0,0,1,1,0
46.0,1.0,3,3,40.0,2,3,1,2.0,13.0,3,21.0,5.0,2,10.0,9.0,9.0,5.0,3,1,0,0,1,0,0,1,0,1,0,0,0,0,0,0,1,0,0,0,0,0,0,0,0,0,0,0,0,0,0,0,1,0,1,0
32.0,6.0,4,2,87.0,3,2,3,1.0,16.0,1,12.0,0.0,3,11.0,8.0,5.0,7.0,2,1,0,0,1,0,0,0,1,0,0,0,0,1,0,0,0,0,0,0,0,0,0,0,0,0,1,0,0,0,0,0,0,1,0,0
24.0,3.0,2,1,33.0,3,2,3,0.0,21.0,1,4.0,2.0,2,3.0,2.0,0.0,2.0,3,0,0,0,0,1,0,1,0,0,0,0,0,1,0,0,0,0,0,0,0,0,0,0,0,0,1,0,0,0,0,0,0,1,0,0
28.0,4.0,3,2,43.0,3,2,3,1.0,15.0,2,5.0,3.0,4,5.0,4.0,0.0,4.0,4,1,0,0,1,0,0,1,0,0,0,0,0,1,0,0,0,0,0,0,0,0,0,0,0,0,1,0,0,0,0,0,0,0,0,0
58.0,10.0,4,4,37.0,3,4,3,0.0,13.0,3,38.0,1.0,2,37.0,10.0,1.0,8.0,3,1,0,0,1,0,0,0,1,0,0,0,0,1,0,0,0,0,0,0,0,0,0,0,0,0,1,0,0,0,0,0,0,1,0,0
44.0,23.0,3,2,67.0,3,2,2,4.0,12.0,3,17.0,3.0,4,3.0,2.0,1.0,2.0,3,1,0,0,1,0,0,1,0,1,0,0,0,0,0,0,1,0,0,0,0,0,0,0,0,0,0,0,0,0,0,0,0,0,0,0
37.0,6.0,4,3,63.0,3,1,1,4.0,22.0,4,7.0,3.0,3,3.0,2.0,0.0,2.0,4,1,0,0,0,0,0,0,0,0,0,1,0,0,0,0,0,0,0,1,0,0,0,0,0,0,0,0,0,0,0,0,0,1,1,1
32.0,1.0,1,4,71.0,3,1,1,1.0,13.0,4,1.0,2.0,3,1.0,0.0,0.0,0.0,3,1,1,0,0,0,0,0,1,1,0,0,0,0,0,0,1,0,0,0,0,0,0,0,0,0,0,0,0,0,0,0,0,1,0,0
34.0,6.0,4,1,41.0,3,2,3,1.0,14.0,3,16.0,3.0,3,16.0,13.0,2.0,10.0,3,0,0,0,0,1,0,0,1,1,0,0,0,0,0,0,1,0,0,0,0,0,0,0,0,0,0,0,0,0,0,0,0,1,0,0
37.0,2.0,2,3,100.0,2,2,4,5.0,14.0,4,17.0,2.0,4,1.0,0.0,0.0,0.0,3,1,1,0,0,0,0,0,0,1,0,0,0,0,0,0,0,0,0,0,0,0,0,0,0,0,0,0,0,0,0,0,0,0,0,0
50.0,1.0,3,1,73.0,3,5,2,3.0,19.0,1,28.0,1.0,2,8.0,3.0,0.0,7.0,3,0,1,0,0,0,0,1,0,1,0,0,0,0,0,0,0,0,0,0,0,0,0,0,0,0,0,0,0,0,0,0,1,0,1,0
25.0,5.0,3,3,46.0,2,2,3,1.0,11.0,4,6.0,1.0,3,6.0,4.0,0.0,3.0,3,1,0,1,0,0,0,0,1,0,0,0,0,1,0,0,0,0,0,0,0,0,0,0,0,0,1,0,0,0,0,0,0,1,1,1
25.0,7.0,1,4,64.0,2,1,4,1.0,11.0,3,2.0,2.0,3,2.0,2.0,2.0,1.0,3,1,0,0,1,0,0,1,0,1,0,0,0,0,0,0,0,0,0,0,0,0,0,0,0,0,0,0,0,0,0,0,0,1,0,0
22.0,15.0,3,2,59.0,3,1,4,1.0,15.0,3,1.0,5.0,3,0.0,0.0,0.0,0.0,3,0,0,0,1,0,0,0,1,1,0,0,0,0,0,0,1,0,0,0,0,0,0,0,0,0,0,0,0,0,0,0,0,1,0,0
34.0,7.0,3,1,66.0,1,2,3,1.0,24.0,4,9.0,3.0,3,9.0,7.0,0.0,6.0,4,1,1,0,0,0,0,0,1,1,0,0,0,0,0,0,1,0,0,0,0,0,0,0,0,0,0,0,0,0,0,0,1,0,1,1
54.0,26.0,3,4,30.0,4,4,4,2.0,12.0,3,23.0,3.0,3,5.0,3.0,4.0,4.0,3,0,0,0,0,0,0,0,1,0,0,1,0,0,0,0,0,0,0,0,0,1,0,0,0,0,0,0,0,0,0,0,0,0,1,0
24.0,18.0,1,2,52.0,3,1,3,0.0,12.0,3,6.0,2.0,3,5.0,3.0,1.0,2.0,3,1,1,0,0,0,0,1,0,1,0,0,0,0,0,0,0,0,0,0,0,0,0,0,0,0,0,0,0,0,0,0,0,1,0,0
34.0,6.0,4,3,45.0,2,2,2,6.0,15.0,3,12.0,3.0,3,1.0,0.0,0.0,0.0,3,0,1,0,0,0,0,0,0,1,0,0,0,0,0,0,0,0,0,0,0,0,0,0,0,0,0,0,0,0,0,0,0,1,0,0
37.0,3.0,3,3,87.0,3,3,4,2.0,12.0,1,12.0,3.0,3,5.0,3.0,1.0,3.0,3,1,1,0,0,0,0,0,1,0,0,0,0,1,0,0,0,0,0,0,0,0,0,0,0,0,1,0,0,0,0,0,0,1,0,0
34.0,5.0,3,3,45.0,2,3,1,2.0,12.0,4,14.0,6.0,3,11.0,10.0,5.0,8.0,3,0,0,0,1,0,0,0,1,1,0,0,0,0,0,0,0,0,0,0,0,0,0,0,0,0,0,0,0,0,0,0,0,1,0,0
36.0,3.0,2,1,39.0,3,1,4,5.0,22.0,1,7.0,2.0,3,1.0,0.0,0.0,0.0,4,0,1,0,0,0,0,0,0,1,0,0,0,0,0,0,1,0,0,0,0,0,0,0,0,0,0,0,0,0,0,0,0,1,0,0
43.0,26.0,2,3,92.0,3,4,4,1.0,12.0,4,25.0,3.0,4,25.0,12.0,4.0,12.0,3,1,1,0,0,0,0,1,0,0,0,0,0,1,0,0,0,0,0,0,0,1,0,0,0,0,0,0,0,0,0,0,1,0,1,0
33.0,22.0,2,3,95.0,3,2,2,0.0,13.0,1,8.0,2.0,4,7.0,7.0,0.0,7.0,3,1,0,1,0,0,0,1,0,0,0,0,0,1,0,0,0,0,0,0,0,0,0,0,0,0,1,0,0,0,0,0,0,0,0,0
51.0,6.0,3,1,51.0,3,5,3,7.0,13.0,3,23.0,5.0,3,20.0,18.0,15.0,15.0,3,1,1,0,0,0,0,0,1,1,0,0,0,0,0,0,1,0,0,0,0,0,0,0,0,0,0,0,0,0,0,0,0,1,0,0
31.0,6.0,4,2,76.0,1,2,3,4.0,18.0,2,12.0,3.0,2,7.0,7.0,7.0,7.0,2,1,1,0,0,0,0,1,0,0,0,0,0,1,0,0,0,0,0,0,0,0,0,0,0,0,1,0,0,0,0,0,0,1,1,1
26.0,6.0,3,3,46.0,2,1,2,1.0,19.0,3,5.0,3.0,2,5.0,4.0,4.0,3.0,3,0,0,0,0,1,0,1,0,1,0,0,0,0,0,0,1,0,0,0,0,0,0,0,0,0,0,0,0,0,0,0,0,1,0,0
58.0,23.0,4,4,94.0,3,3,4,1.0,12.0,4,40.0,3.0,2,40.0,10.0,15.0,6.0,3,0,0,0,1,0,0,1,0,1,0,0,0,0,0,0,1,0,0,0,0,0,0,0,0,0,0,0,0,0,0,0,0,1,0,1
19.0,22.0,1,4,50.0,3,1,3,1.0,19.0,4,0.0,2.0,2,0.0,0.0,0.0,0.0,3,1,0,1,0,0,0,0,1,0,0,0,0,1,0,0,0,0,0,0,0,0,0,0,0,0,0,1,0,0,0,0,0,1,1,1
22.0,2.0,1,3,100.0,3,1,4,0.0,14.0,3,3.0,2.0,3,2.0,1.0,2.0,1.0,3,1,0,0,0,0,1,1,0,1,0,0,0,0,0,0,1,0,0,0,0,0,0,0,0,0,0,0,0,0,0,0,0,1,0,0
49.0,20.0,4,3,96.0,3,2,1,1.0,14.0,3,16.0,2.0,2,15.0,11.0,5.0,11.0,3,0,0,0,1,0,0,1,0,1,0,0,0,0,0,0,1,0,0,0,0,0,0,0,0,0,0,0,0,0,0,0,0,1,0,0
43.0,28.0,3,2,72.0,4,1,3,4.0,12.0,4,18.0,2.0,3,3.0,2.0,1.0,2.0,3,0,0,0,1,0,0,0,1,1,0,0,0,0,0,0,1,0,0,0,0,0,0,0,0,0,0,0,0,0,0,0,1,0,0,0
50.0,12.0,3,3,77.0,3,3,4,4.0,11.0,4,16.0,3.0,3,2.0,2.0,2.0,1.0,3,0,0,1,0,0,0,0,1,0,0,0,0,1,0,0,0,0,0,0,0,0,0,0,0,0,1,0,0,0,0,0,1,0,0,0
31.0,20.0,3,2,71.0,1,2,3,3.0,11.0,3,4.0,2.0,3,2.0,2.0,2.0,2.0,2,0,1,0,0,0,0,1,0,0,0,0,0,1,0,0,0,0,0,0,0,0,0,0,0,0,1,0,0,0,0,0,0,1,1,1
41.0,9.0,1,3,96.0,3,3,3,3.0,13.0,3,12.0,2.0,3,9.0,7.0,0.0,7.0,3,1,1,0,0,0,0,0,0,0,0,0,0,1,0,0,0,0,0,0,0,0,0,0,0,0,1,0,0,0,0,0,0,1,1,0
26.0,25.0,1,3,61.0,3,1,3,1.0,23.0,4,8.0,3.0,3,8.0,7.0,5.0,7.0,4,0,1,0,0,0,0,1,0,0,0,1,0,0,0,0,0,0,0,1,0,0,0,0,0,0,0,0,0,0,0,0,0,1,0,0
36.0,6.0,2,2,84.0,3,2,2,6.0,20.0,4,7.0,0.0,3,3.0,2.0,0.0,1.0,3,1,0,0,1,0,0,0,0,1,0,0,0,0,0,0,1,0,0,0,0,0,0,0,0,0,0,0,0,0,0,0,0,1,0,0
51.0,8.0,4,1,53.0,1,3,4,2.0,15.0,4,18.0,2.0,3,4.0,2.0,0.0,3.0,4,1,1,0,0,0,0,0,1,1,0,0,0,0,0,0,0,0,0,0,0,0,0,0,0,0,0,0,0,0,0,0,1,0,0,1
25.0,28.0,3,1,41.0,2,2,3,2.0,18.0,4,6.0,3.0,3,2.0,2.0,2.0,2.0,2,1,1,0,0,0,0,1,0,0,0,0,0,1,0,0,0,0,0,0,0,0,0,0,0,0,1,0,0,0,0,0,0,1,0,0
30.0,9.0,3,3,48.0,3,2,4,0.0,19.0,4,12.0,2.0,1,11.0,9.0,4.0,7.0,3,1,0,0,0,0,0,1,0,0,0,1,0,0,0,0,0,0,0,1,0,0,0,0,0,0,0,0,0,0,0,0,0,1,1,0
45.0,29.0,3,3,83.0,3,1,4,5.0,13.0,2,9.0,2.0,2,6.0,5.0,0.0,3.0,3,1,0,0,1,0,0,0,1,1,0,0,0,0,0,0,0,0,0,0,0,0,0,0,0,0,0,0,0,0,0,1,0,1,0,0
38.0,3.0,5,4,32.0,3,2,3,3.0,20.0,2,19.0,2.0,3,3.0,2.0,2.0,2.0,4,0,0,0,0,0,1,0,1,1,0,0,0,0,0,0,1,0,0,0,0,0,0,0,0,0,0,0,0,0,0,0,0,1,1,0
30.0,18.0,3,1,75.0,3,1,3,1.0,14.0,3,5.0,4.0,2,5.0,4.0,0.0,4.0,3,0,1,0,0,0,0,0,1,1,0,0,0,0,0,0,1,0,0,0,0,0,0,0,0,0,0,0,0,0,0,0,0,1,0,0
30.0,5.0,3,4,84.0,3,1,1,5.0,14.0,4,8.0,3.0,3,3.0,2.0,2.0,2.0,3,0,0,0,0,0,1,0,0,1,0,0,0,0,0,0,1,0,0,0,0,0,0,0,0,0,0,0,0,0,0,0,0,1,0,0
41.0,9.0,4,3,94.0,3,1,1,2.0,21.0,4,7.0,2.0,3,5.0,0.0,1.0,4.0,4,1,1,0,0,0,0,1,0,1,0,0,0,0,0,0,1,0,0,0,0,0,0,0,0,0,0,0,0,0,0,0,0,1,0,0
19.0,3.0,1,2,79.0,3,1,2,1.0,14.0,4,1.0,3.0,3,1.0,0.0,0.0,0.0,3,0,0,0,1,0,0,0,1,1,0,0,0,0,0,0,0,0,0,0,0,0,0,0,0,0,0,0,0,0,0,1,0,1,0,0
35.0,1.0,5,3,94.0,3,3,2,1.0,13.0,1,10.0,3.0,3,10.0,8.0,0.0,6.0,3,1,0,1,0,0,0,1,0,0,0,0,0,1,0,0,0,0,0,0,0,0,0,0,0,0,1,0,0,0,0,0,0,1,0,0
53.0,6.0,2,2,34.0,3,2,3,2.0,20.0,4,13.0,3.0,1,7.0,7.0,4.0,5.0,2,1,0,1,0,0,0,1,0,0,0,0,0,1,0,0,0,0,0,0,0,0,0,0,0,0,0,1,0,0,0,0,0,1,1,0
45.0,9.0,3,2,60.0,3,2,2,8.0,18.0,3,20.0,2.0,1,17.0,9.0,0.0,15.0,3,1,1,0,0,0,0,0,0,1,0,0,0,0,0,0,1,0,0,0,0,0,0,0,0,0,0,0,0,0,0,0,0,1,0,0
32.0,8.0,3,2,43.0,3,3,4,1.0,14.0,4,9.0,2.0,3,9.0,8.0,3.0,7.0,2,0,0,1,0,0,0,0,1,0,0,0,0,1,0,0,0,0,0,0,0,0,0,0,0,0,1,0,0,0,0,0,1,0,0,0
29.0,1.0,1,4,41.0,3,2,3,1.0,13.0,1,10.0,1.0,3,10.0,7.0,0.0,9.0,3,1,0,0,0,0,1,1,0,1,0,0,0,0,0,0,0,0,0,0,0,0,0,0,0,0,0,0,0,0,0,1,0,0,0,0
58.0,9.0,3,2,75.0,2,1,2,4.0,20.0,2,9.0,3.0,2,1.0,0.0,0.0,0.0,4,0,0,0,1,0,0,1,0,1,0,0,0,0,0,0,0,0,0,0,0,0,0,0,0,0,0,0,0,0,0,1,0,1,1,0
40.0,4.0,4,3,67.0,2,3,4,7.0,11.0,1,15.0,2.0,2,12.0,11.0,2.0,11.0,3,1,0,1,0,0,0,1,0,0,0,0,0,1,0,0,0,0,0,0,0,0,0,0,0,0,1,0,0,0,0,0,0,1,0,0
34.0,2.0,4,3,75.0,3,1,3,6.0,18.0,4,6.0,3.0,3,4.0,3.0,1.0,2.0,3,0,0,1,0,0,0,1,0,0,0,0,0,1,0,0,0,0,0,0,0,0,0,0,0,0,0,1,0,0,0,0,1,0,0,0
27.0,9.0,3,4,57.0,3,1,2,6.0,18.0,4,6.0,1.0,1,2.0,2.0,2.0,2.0,3,1,0,0,1,0,0,0,0,1,0,0,0,0,0,0,1,0,0,0,0,0,0,0,0,0,0,0,0,0,0,0,0,0,0,0
28.0,21.0,3,3,42.0,3,1,4,1.0,11.0,3,5.0,2.0,1,5.0,2.0,0.0,2.0,3,1,0,0,1,0,0,1,0,1,0,0,0,0,0,0,1,0,0,0,0,0,0,0,0,0,0,0,0,0,0,0,0,1,0,0
57.0,24.0,2,3,83.0,4,3,4,3.0,16.0,2,12.0,2.0,1,5.0,3.0,1.0,4.0,3,1,1,0,0,0,0,0,0,1,0,0,0,0,0,0,1,0,0,0,0,0,0,0,0,0,0,0,0,0,0,0,0,1,1,0
27.0,3.0,3,3,79.0,2,1,3,1.0,15.0,4,1.0,2.0,2,1.0,1.0,0.0,1.0,3,1,0,0,1,0,0,0,0,1,0,0,0,0,0,0,0,0,0,0,0,0,0,0,0,0,0,0,0,0,0,1,0,0,1,0
50.0,11.0,3,3,53.0,3,5,2,3.0,15.0,2,21.0,5.0,3,5.0,4.0,4.0,4.0,3,0,1,0,0,0,0,0,1,1,0,0,0,0,0,0,0,0,0,0,0,0,0,0,0,0,0,0,0,0,0,1,0,1,0,0
41.0,14.0,3,1,56.0,3,1,3,4.0,12.0,1,13.0,2.0,3,9.0,8.0,1.0,8.0,3,1,1,0,0,0,0,0,0,1,0,0,0,0,0,0,1,0,0,0,0,0,0,0,0,0,0,0,0,0,0,0,0,1,0,0
30.0,5.0,3,2,41.0,3,3,4,2.0,12.0,3,12.0,2.0,3,10.0,9.0,7.0,4.0,2,0,1,0,0,0,0,1,0,0,0,0,0,1,0,0,0,0,0,0,0,0,0,0,0,0,1,0,0,0,0,0,0,1,0,0
38.0,1.0,4,1,59.0,2,2,4,4.0,22.0,3,12.0,2.0,4,8.0,3.0,0.0,7.0,4,0,1,0,0,0,0,0,1,0,0,0,0,1,0,0,0,0,0,0,0,0,0,0,0,0,1,0,0,0,0,0,0,1,0,0
32.0,6.0,5,3,43.0,3,1,3,3.0,20.0,1,8.0,2.0,3,5.0,4.0,1.0,4.0,4,1,1,0,0,0,0,0,1,1,0,0,0,0,0,0,1,0,0,0,0,0,0,0,0,0,0,0,0,0,0,0,0,1,0,0
27.0,17.0,3,3,51.0,3,1,2,0.0,16.0,4,6.0,3.0,2,5.0,2.0,1.0,1.0,3,1,0,0,0,0,1,1,0,1,0,0,0,0,0,0,0,0,0,0,0,0,0,0,0,0,0,0,0,0,0,1,0,1,1,0
19.0,1.0,1,3,100.0,1,1,1,0.0,21.0,1,1.0,5.0,4,0.0,0.0,0.0,0.0,4,0,0,0,0,0,1,0,1,0,0,0,0,1,0,0,0,0,0,0,0,0,0,0,0,0,0,1,0,0,0,0,1,0,0,1
36.0,3.0,2,4,30.0,3,1,2,4.0,12.0,3,13.0,3.0,2,8.0,7.0,7.0,2.0,3,1,0,0,1,0,0,0,1,1,0,0,0,0,0,0,0,0,0,0,0,0,0,0,0,0,0,0,0,0,0,1,1,0,0,0
30.0,9.0,3,3,66.0,3,2,1,1.0,11.0,3,12.0,4.0,3,12.0,9.0,6.0,10.0,3,1,0,0,1,0,0,0,0,1,0,0,0,0,0,0,1,0,0,0,0,0,0,0,0,0,0,0,0,0,0,0,0,0,0,0
45.0,4.0,2,3,30.0,3,2,1,4.0,11.0,1,9.0,3.0,4,5.0,4.0,0.0,3.0,3,0,1,0,0,0,0,0,0,0,0,0,0,1,0,0,0,0,0,0,0,0,0,0,0,0,1,0,0,0,0,0,0,1,1,0
56.0,8.0,3,3,67.0,3,1,1,4.0,18.0,3,19.0,3.0,3,2.0,2.0,2.0,2.0,3,0,1,0,0,0,0,0,0,1,0,0,0,0,0,0,1,0,0,0,0,0,0,0,0,0,0,0,0,0,0,0,0,1,1,0
33.0,2.0,3,3,90.0,3,1,4,0.0,14.0,1,4.0,2.0,4,3.0,1.0,0.0,2.0,3,1,1,0,0,0,0,0,1,1,0,0,0,0,0,0,1,0,0,0,0,0,0,0,0,0,0,0,0,0,0,0,0,1,0,0
19.0,2.0,3,2,47.0,2,1,4,1.0,22.0,3,1.0,3.0,2,1.0,0.0,1.0,0.0,4,1,1,0,0,0,0,0,1,1,0,0,0,0,0,0,1,0,0,0,0,0,0,0,0,0,0,0,0,0,0,0,0,1,0,1
46.0,1.0,2,2,92.0,3,3,1,1.0,25.0,3,24.0,2.0,3,24.0,13.0,15.0,7.0,2,0,0,1,0,0,0,0,0,0,0,0,0,1,0,0,0,0,0,0,0,0,0,0,0,0,1,0,0,0,0,0,0,1,0,0
38.0,9.0,2,3,75.0,3,1,4,1.0,12.0,3,2.0,3.0,3,2.0,2.0,2.0,1.0,3,0,1,0,0,0,0,0,1,1,0,0,0,0,0,0,0,0,0,0,0,0,0,0,0,0,0,0,0,0,0,1,0,1,0,0
34.0,27.0,2,4,95.0,3,1,2,2.0,15.0,4,9.0,3.0,3,3.0,2.0,1.0,2.0,3,0,0,0,1,0,0,0,1,1,0,0,0,0,0,0,1,0,0,0,0,0,0,0,0,0,0,0,0,0,0,0,0,1,0,0
41.0,20.0,2,2,70.0,3,1,2,1.0,22.0,4,4.0,5.0,2,4.0,3.0,0.0,2.0,3,0,0,1,0,0,0,0,1,0,0,0,0,1,0,0,0,0,0,0,0,0,0,0,0,0,0,1,0,0,0,0,0,1,1,1
50.0,1.0,3,3,86.0,2,1,3,2.0,15.0,4,5.0,2.0,2,3.0,2.0,0.0,2.0,3,1,0,0,1,0,0,1,0,1,0,0,0,0,0,0,1,0,0,0,0,0,0,0,0,0,0,0,0,0,0,0,0,1,0,0
53.0,13.0,2,4,57.0,4,2,1,1.0,11.0,3,5.0,3.0,3,4.0,2.0,1.0,3.0,3,0,0,0,1,0,0,0,0,1,0,0,0,0,0,0,0,0,0,0,0,0,0,0,0,0,0,0,0,0,0,1,0,1,0,0
33.0,14.0,3,4,72.0,3,1,2,1.0,13.0,4,8.0,5.0,3,8.0,7.0,1.0,6.0,3,0,0,0,1,0,0,1,0,1,0,0,0,0,0,0,1,0,0,0,0,0,0,0,0,0,0,0,0,0,0,0,0,1,0,0
40.0,4.0,1,4,46.0,3,5,3,1.0,14.0,2,21.0,2.0,3,20.0,8.0,9.0,9.0,3,0,0,0,1,0,0,1,0,1,0,0,0,0,0,0,1,0,0,0,0,0,0,0,0,0,0,0,0,0,0,0,0,1,0,0
34.0,2.0,1,4,45.0,2,2,3,1.0,17.0,3,10.0,2.0,2,10.0,9.0,1.0,9.0,3,1,1,0,0,0,0,1,0,1,0,0,0,0,0,0,0,0,0,0,0,0,0,0,0,0,0,0,0,0,0,1,1,0,0,0
51.0,3.0,3,4,98.0,3,4,2,3.0,18.0,3,21.0,6.0,3,7.0,7.0,1.0,0.0,3,0,0,0,1,0,0,0,1,1,0,0,0,0,0,0,1,0,0,0,0,0,0,0,0,0,0,0,0,0,0,0,0,1,0,0
52.0,1.0,4,3,65.0,2,5,3,0.0,14.0,1,34.0,5.0,3,33.0,18.0,11.0,9.0,3,1,1,0,0,0,0,1,0,1,0,0,0,0,0,0,1,0,0,0,0,0,0,0,0,0,0,0,0,0,0,0,0,1,0,0
27.0,9.0,3,4,99.0,3,1,2,1.0,16.0,4,7.0,2.0,2,7.0,7.0,0.0,3.0,3,0,0,0,1,0,0,0,1,1,0,0,0,0,0,0,1,0,0,0,0,0,0,0,0,0,0,0,0,0,0,0,0,1,0,0
35.0,23.0,2,2,50.0,2,2,3,3.0,13.0,1,8.0,1.0,3,1.0,0.0,0.0,1.0,3,1,1,0,0,0,0,1,0,1,0,0,0,0,0,0,1,0,0,0,0,0,0,0,0,0,0,0,0,0,0,0,0,1,1,1
43.0,7.0,3,4,37.0,4,1,4,4.0,14.0,4,7.0,3.0,4,5.0,4.0,2.0,2.0,3,1,0,0,1,0,0,0,0,1,0,0,0,0,0,0,0,0,0,0,0,0,0,0,0,0,0,0,0,0,0,1,0,0,0,0
45.0,2.0,2,1,65.0,2,4,4,9.0,23.0,4,22.0,1.0,3,20.0,8.0,11.0,8.0,3,1,0,0,1,0,0,1,0,1,0,0,0,0,0,0,0,0,0,0,0,0,0,0,0,0,0,0,0,0,0,1,0,0,0,0
37.0,21.0,3,2,65.0,4,1,1,1.0,12.0,1,8.0,3.0,2,8.0,7.0,1.0,7.0,3,1,1,0,0,0,0,1,0,1,0,0,0,0,0,0,1,0,0,0,0,0,0,0,0,0,0,0,0,0,0,0,0,1,1,0
35.0,2.0,3,2,37.0,3,2,2,5.0,11.0,4,10.0,5.0,3,6.0,2.0,1.0,2.0,3,0,0,0,1,0,0,0,1,1,0,0,0,0,0,0,1,0,0,0,0,0,0,0,0,0,0,0,0,0,0,0,1,0,0,0
42.0,21.0,2,3,36.0,3,2,3,2.0,16.0,2,11.0,5.0,3,5.0,3.0,0.0,2.0,3,0,0,0,1,0,0,0,0,1,0,0,0,0,0,0,1,0,0,0,0,0,0,0,0,0,0,0,0,0,0,0,0,0,0,0
38.0,2.0,4,4,88.0,3,2,3,9.0,14.0,2,14.0,3.0,3,1.0,0.0,0.0,0.0,3,1,1,0,0,0,0,1,0,1,0,0,0,0,0,0,0,0,0,0,0,0,0,0,0,0,0,0,0,0,0,1,0,1,0,0
38.0,29.0,3,4,54.0,3,2,4,3.0,18.0,1,9.0,3.0,1,7.0,7.0,1.0,7.0,3,1,0,0,0,0,1,1,0,1,0,0,0,0,0,0,0,0,0,0,0,0,0,0,0,0,0,0,0,0,0,1,0,1,0,0
27.0,1.0,1,3,60.0,2,2,1,5.0,19.0,3,6.0,1.0,3,2.0,2.0,2.0,0.0,3,1,0,0,0,0,1,1,0,1,0,0,0,0,0,0,1,0,0,0,0,0,0,0,0,0,0,0,0,0,0,0,1,0,0,0
49.0,18.0,4,4,92.0,3,2,4,1.0,15.0,1,7.0,0.0,3,7.0,7.0,1.0,7.0,3,1,1,0,0,0,0,0,0,1,0,0,0,0,0,0,0,0,0,0,0,0,0,0,0,0,0,0,0,0,0,1,0,0,1,0
34.0,10.0,4,4,43.0,3,1,3,1.0,17.0,4,5.0,4.0,4,5.0,3.0,2.0,0.0,3,1,0,0,1,0,0,0,0,1,0,0,0,0,0,0,1,0,0,0,0,0,0,0,0,0,0,0,0,0,0,0,1,0,1,0
40.0,19.0,2,3,99.0,3,2,4,8.0,15.0,3,15.0,2.0,4,7.0,2.0,3.0,7.0,3,1,0,0,1,0,0,1,0,1,0,0,0,0,0,0,1,0,0,0,0,0,0,0,0,0,0,0,0,0,0,0,0,1,1,0
38.0,29.0,1,2,70.0,3,2,1,7.0,19.0,2,17.0,2.0,3,1.0,0.0,0.0,0.0,3,1,0,0,1,0,0,1,0,1,0,0,0,0,0,0,0,0,0,0,0,0,0,0,0,0,0,0,0,0,0,1,0,1,1,1
29.0,27.0,3,2,35.0,3,3,4,1.0,22.0,4,10.0,3.0,2,10.0,4.0,1.0,9.0,2,0,0,1,0,0,0,1,0,0,0,0,0,1,0,0,0,0,0,0,0,0,0,0,0,0,1,0,0,0,0,0,0,1,0,1
22.0,5.0,3,4,60.0,4,1,2,1.0,16.0,1,4.0,2.0,2,4.0,2.0,2.0,2.0,3,1,1,0,0,0,0,0,0,1,0,0,0,0,0,0,0,0,0,0,0,0,0,0,0,0,0,0,0,0,0,1,0,1,1,0
36.0,18.0,1,2,73.0,3,1,4,1.0,13.0,1,8.0,2.0,3,8.0,1.0,1.0,7.0,3,0,0,0,1,0,0,0,1,1,0,0,0,0,0,0,1,0,0,0,0,0,0,0,0,0,0,0,0,0,0,0,1,0,0,0
40.0,9.0,5,4,63.0,2,2,4,9.0,14.0,4,5.0,5.0,1,3.0,2.0,0.0,2.0,3,1,1,0,0,0,0,1,0,1,0,0,0,0,0,0,0,0,0,0,0,0,0,0,0,0,0,0,0,0,0,1,0,0,0,0
32.0,4.0,4,4,32.0,1,3,4,1.0,11.0,3,14.0,2.0,2,14.0,8.0,9.0,8.0,3,1,0,0,1,0,0,1,0,0,0,0,0,1,0,0,0,0,0,0,0,0,0,0,0,0,1,0,0,0,0,0,0,1,0,1
27.0,20.0,3,4,90.0,3,2,3,1.0,14.0,4,7.0,2.0,3,7.0,7.0,0.0,7.0,3,0,1,0,0,0,0,0,1,0,0,0,0,1,0,0,0,0,0,0,0,0,0,0,0,0,1,0,0,0,0,0,1,0,0,0
51.0,8.0,4,2,81.0,2,3,2,5.0,16.0,4,16.0,5.0,1,10.0,9.0,4.0,7.0,3,1,1,0,0,0,0,1,0,0,0,0,0,0,1,0,0,0,0,0,0,0,0,0,0,0,0,0,0,0,0,0,0,1,0,0
41.0,6.0,3,4,75.0,3,3,4,3.0,18.0,3,16.0,3.0,3,1.0,0.0,0.0,0.0,3,0,1,0,0,0,0,0,1,0,0,0,0,1,0,0,0,0,0,0,0,1,0,0,0,0,0,0,0,0,0,0,0,1,1,0
30.0,26.0,4,3,52.0,2,2,1,5.0,15.0,3,9.0,5.0,2,6.0,3.0,0.0,1.0,3,0,0,1,0,0,0,0,1,0,0,0,0,1,0,0,0,0,0,0,0,0,0,0,0,0,1,0,0,0,0,0,1,0,0,1
29.0,1.0,3,3,85.0,3,1,3,0.0,14.0,4,7.0,1.0,2,6.0,2.0,1.0,5.0,3,1,0,0,0,0,1,0,1,1,0,0,0,0,0,0,1,0,0,0,0,0,0,0,0,0,0,0,0,0,0,0,0,1,0,1
45.0,6.0,3,4,57.0,2,3,4,6.0,12.0,4,23.0,2.0,3,19.0,7.0,12.0,8.0,3,0,0,0,1,0,0,0,1,0,0,0,0,1,0,0,0,0,0,0,0,0,0,0,0,0,1,0,0,0,0,0,0,0,0,0
54.0,3.0,3,4,52.0,3,2,1,2.0,14.0,4,16.0,4.0,3,6.0,2.0,0.0,5.0,3,0,0,1,0,0,0,1,0,0,0,0,0,1,0,0,0,0,0,0,0,0,0,0,0,0,1,0,0,0,0,0,0,1,0,0
36.0,5.0,2,4,62.0,3,2,2,8.0,16.0,4,16.0,3.0,4,13.0,11.0,3.0,7.0,3,1,1,0,0,0,0,0,1,1,0,0,0,0,0,0,0,0,0,0,0,0,0,0,0,0,0,0,0,0,0,1,0,1,0,0
37.0,11.0,3,2,47.0,3,3,4,1.0,14.0,3,10.0,1.0,3,10.0,8.0,0.0,7.0,3,1,0,0,0,1,0,0,0,1,0,0,0,0,0,0,1,0,0,0,0,0,0,0,0,0,0,0,0,0,0,0,1,0,1,0
31.0,1.0,4,3,90.0,1,2,3,0.0,12.0,4,6.0,2.0,3,5.0,4.0,1.0,4.0,3,1,0,0,1,0,0,1,0,1,0,0,0,0,0,0,1,0,0,0,0,0,0,0,0,0,0,0,0,0,0,0,0,0,0,0
37.0,4.0,4,1,41.0,3,1,4,4.0,17.0,3,13.0,2.0,3,9.0,8.0,5.0,8.0,2,1,0,1,0,0,0,0,0,0,0,0,0,1,0,0,0,0,0,0,0,0,0,0,0,0,0,1,0,0,0,0,1,0,0,0
29.0,1.0,1,2,42.0,3,3,4,1.0,14.0,4,11.0,5.0,3,11.0,10.0,4.0,1.0,2,0,0,0,1,0,0,1,0,0,0,0,0,1,0,0,0,0,0,0,0,0,0,0,0,0,1,0,0,0,0,0,1,0,0,0
35.0,1.0,3,3,92.0,3,3,3,1.0,14.0,1,10.0,3.0,4,10.0,7.0,0.0,8.0,4,0,0,1,0,0,0,0,1,0,0,0,0,1,0,0,0,0,0,0,0,0,0,0,0,0,1,0,0,0,0,0,1,0,0,0
29.0,18.0,1,3,86.0,2,1,4,1.0,13.0,3,4.0,3.0,2,4.0,3.0,0.0,1.0,3,1,0,0,1,0,0,0,1,1,0,0,0,0,0,0,1,0,0,0,0,0,0,0,0,0,0,0,0,0,0,0,0,1,1,1
52.0,2.0,3,3,89.0,2,1,4,7.0,15.0,2,6.0,3.0,2,2.0,2.0,2.0,2.0,3,0,1,0,0,0,0,0,1,1,0,0,0,0,0,0,0,0,0,0,0,0,0,0,0,0,0,0,0,0,0,1,0,1,0,0
42.0,4.0,2,3,58.0,3,5,4,1.0,11.0,4,22.0,3.0,3,22.0,17.0,11.0,15.0,3,1,0,0,0,0,1,1,0,1,0,0,0,0,0,0,1,0,0,0,0,0,0,0,0,0,0,0,0,0,0,0,0,1,0,0
59.0,6.0,2,2,52.0,3,1,3,8.0,17.0,4,7.0,2.0,2,2.0,2.0,2.0,2.0,2,1,0,0,1,0,0,1,0,0,0,1,0,0,0,0,0,0,0,1,0,0,0,0,0,0,0,0,0,0,0,0,0,1,0,0
50.0,1.0,4,4,68.0,3,5,4,3.0,11.0,3,32.0,3.0,2,7.0,0.0,0.0,6.0,3,0,0,0,1,0,0,0,0,0,0,0,0,1,0,0,0,0,0,0,0,1,0,0,0,0,0,0,0,0,0,0,0,1,0,0
33.0,14.0,3,3,58.0,3,1,4,5.0,13.0,3,8.0,2.0,1,5.0,4.0,0.0,4.0,3,1,0,0,1,0,0,1,0,1,0,0,0,0,0,0,1,0,0,0,0,0,0,0,0,0,0,0,0,0,0,0,0,1,1,1
43.0,16.0,3,4,80.0,3,4,4,5.0,22.0,3,22.0,3.0,3,17.0,13.0,1.0,9.0,4,0,0,1,0,0,0,1,0,0,0,0,0,1,0,0,0,0,0,0,0,1,0,0,0,0,0,0,0,0,0,0,0,1,1,0
33.0,2.0,2,1,39.0,3,1,1,7.0,20.0,1,13.0,3.0,4,9.0,7.0,1.0,7.0,3,0,1,0,0,0,0,1,0,1,0,0,0,0,0,0,1,0,0,0,0,0,0,0,0,0,0,0,0,0,0,0,0,1,0,1
52.0,2.0,4,1,79.0,2,5,3,1.0,18.0,4,33.0,2.0,4,33.0,7.0,15.0,12.0,2,1,1,0,0,0,0,0,1,0,0,0,0,1,0,0,0,0,0,0,0,1,0,0,0,0,0,0,0,0,0,0,0,0,1,0
32.0,1.0,3,4,62.0,2,1,3,0.0,14.0,4,4.0,2.0,1,3.0,2.0,1.0,2.0,3,1,1,0,0,0,0,0,1,1,0,0,0,0,0,0,1,0,0,0,0,0,0,0,0,0,0,0,0,0,0,0,0,1,1,1
39.0,1.0,4,3,96.0,3,1,3,7.0,14.0,3,7.0,1.0,3,3.0,2.0,1.0,2.0,3,0,0,0,1,0,0,0,0,0,0,0,0,0,1,0,0,0,0,0,0,0,0,0,0,0,0,0,0,0,0,0,0,1,0,0
32.0,26.0,4,3,100.0,3,2,4,0.0,18.0,1,4.0,2.0,3,3.0,2.0,2.0,2.0,3,1,0,1,0,0,0,1,0,0,0,0,0,1,0,0,0,0,0,0,0,0,0,0,0,0,1,0,0,0,0,0,0,0,0,0
41.0,19.0,2,3,36.0,3,2,1,2.0,16.0,1,17.0,2.0,2,1.0,0.0,0.0,0.0,3,1,1,0,0,0,0,0,0,0,0,0,0,0,1,0,0,0,0,0,0,0,0,0,0,0,0,0,0,0,0,0,0,1,0,0
31.0,3.0,4,2,73.0,3,3,3,9.0,12.0,1,9.0,3.0,3,2.0,2.0,2.0,2.0,2,1,0,0,1,0,0,0,0,1,0,0,0,0,0,0,0,0,0,0,0,0,0,0,0,0,0,0,0,0,0,1,1,0,0,0
33.0,5.0,4,3,63.0,2,1,4,1.0,13.0,3,2.0,2.0,2,2.0,2.0,0.0,2.0,3,0,1,0,0,0,0,1,0,1,0,0,0,0,0,0,1,0,0,0,0,0,0,0,0,0,0,0,0,0,0,0,0,1,0,0
34.0,2.0,4,4,84.0,2,2,1,6.0,13.0,2,13.0,3.0,3,11.0,9.0,5.0,9.0,3,1,1,0,0,0,0,1,0,1,0,0,0,0,0,0,1,0,0,0,0,0,0,0,0,0,0,0,0,0,0,0,0,1,0,0
37.0,1.0,2,3,83.0,2,1,1,2.0,14.0,1,17.0,2.0,2,3.0,1.0,0.0,2.0,3,0,0,0,1,0,0,1,0,1,0,0,0,0,0,0,0,0,0,0,0,0,0,0,0,0,0,0,0,0,0,1,0,1,0,0
45.0,7.0,4,1,77.0,4,2,3,4.0,17.0,4,9.0,1.0,3,3.0,2.0,0.0,2.0,4,1,1,0,0,0,0,1,0,1,0,0,0,0,0,0,0,0,0,0,0,0,0,0,0,0,0,0,0,0,0,1,1,0,0,0
37.0,10.0,3,1,61.0,3,3,3,6.0,11.0,2,17.0,5.0,3,1.0,0.0,0.0,0.0,3,1,0,0,1,0,0,0,0,1,0,0,0,0,0,0,1,0,0,0,0,0,0,0,0,0,0,0,0,0,0,0,1,0,0,1
39.0,2.0,4,3,64.0,3,3,3,0.0,25.0,4,20.0,1.0,3,19.0,6.0,11.0,8.0,4,0,0,0,0,0,1,0,1,1,0,0,0,0,0,0,1,0,0,0,0,0,0,0,0,0,0,0,0,0,0,0,1,0,0,0
42.0,17.0,2,4,82.0,4,2,1,3.0,13.0,3,10.0,1.0,3,3.0,2.0,0.0,2.0,3,0,1,0,0,0,0,0,1,1,0,0,0,0,0,0,1,0,0,0,0,0,0,0,0,0,0,0,0,0,0,0,0,1,1,0
29.0,20.0,2,4,45.0,3,2,4,2.0,14.0,4,10.0,2.0,3,3.0,2.0,0.0,2.0,3,1,0,1,0,0,0,0,0,0,0,0,0,1,0,0,0,0,0,0,0,0,0,0,0,0,1,0,0,0,0,0,0,1,0,0
25.0,1.0,3,1,62.0,3,2,3,0.0,12.0,4,5.0,3.0,3,4.0,2.0,1.0,2.0,3,0,1,0,0,0,0,1,0,1,0,0,0,0,0,0,1,0,0,0,0,0,0,0,0,0,0,0,0,0,0,0,0,1,0,0
42.0,2.0,3,4,56.0,2,1,1,0.0,11.0,3,10.0,4.0,3,9.0,6.0,7.0,8.0,3,0,0,0,1,0,0,0,0,1,0,0,0,0,0,0,1,0,0,0,0,0,0,0,0,0,0,0,0,0,0,0,0,1,1,0
40.0,2.0,2,1,49.0,3,5,3,0.0,19.0,4,22.0,5.0,3,21.0,7.0,3.0,9.0,2,1,0,0,1,0,0,0,0,0,0,0,0,0,1,0,0,0,0,0,0,0,0,0,0,0,0,0,0,0,0,0,0,1,0,0
51.0,1.0,3,3,96.0,3,1,4,1.0,11.0,2,1.0,0.0,2,1.0,0.0,0.0,0.0,3,1,1,0,0,0,0,1,0,1,0,0,0,0,0,0,1,0,0,0,0,0,0,0,0,0,0,0,0,0,0,0,0,1,0,0
32.0,7.0,3,2,100.0,4,1,2,1.0,20.0,3,5.0,3.0,1,5.0,1.0,0.0,3.0,3,1,1,0,0,0,0,1,0,1,0,0,0,0,0,0,0,0,0,0,0,0,0,0,0,0,0,0,0,0,0,1,1,0,0,0
38.0,2.0,2,4,39.0,2,2,4,3.0,18.0,4,13.0,0.0,3,8.0,7.0,7.0,5.0,3,1,1,0,0,0,0,1,0,0,0,0,0,1,0,0,0,0,0,0,0,0,0,0,0,0,1,0,0,0,0,0,0,0,0,0
32.0,2.0,1,4,84.0,2,2,1,4.0,13.0,4,9.0,5.0,3,6.0,2.0,0.0,4.0,3,1,0,0,0,0,1,0,1,1,0,0,0,0,0,0,1,0,0,0,0,0,0,0,0,0,0,0,0,0,0,0,0,1,0,0
46.0,2.0,3,3,75.0,1,4,2,3.0,12.0,2,28.0,2.0,2,7.0,7.0,7.0,7.0,3,0,0,0,0,0,1,1,0,0,0,0,0,1,0,0,0,0,0,0,0,1,0,0,0,0,0,0,0,0,0,0,0,1,1,0
28.0,2.0,4,1,79.0,3,1,3,2.0,11.0,3,5.0,5.0,1,0.0,0.0,0.0,0.0,3,1,1,0,0,0,0,0,1,1,0,0,0,0,0,0,1,0,0,0,0,0,0,0,0,0,0,0,0,0,0,0,0,1,0,1
29.0,2.0,3,1,78.0,2,2,2,2.0,19.0,2,10.0,2.0,3,0.0,0.0,0.0,0.0,3,1,0,0,1,0,0,1,0,0,0,0,0,1,0,0,0,0,0,0,0,0,0,0,0,0,1,0,0,0,0,0,0,1,0,0
31.0,23.0,3,2,64.0,2,2,4,0.0,21.0,2,10.0,2.0,3,9.0,0.0,7.0,8.0,4,1,0,0,1,0,0,1,0,0,0,0,0,0,1,0,0,0,0,0,0,0,0,0,0,0,0,0,0,0,0,0,0,1,0,0
25.0,5.0,2,2,85.0,4,2,1,1.0,12.0,4,6.0,2.0,3,6.0,3.0,1.0,5.0,3,1,1,0,0,0,0,0,0,1,0,0,0,0,0,0,1,0,0,0,0,0,0,0,0,0,0,0,0,0,0,0,0,0,0,0
45.0,20.0,2,3,79.0,3,4,4,0.0,14.0,2,21.0,2.0,3,20.0,7.0,4.0,10.0,3,1,0,0,1,0,0,1,0,1,0,0,0,0,0,0,0,0,0,0,0,0,0,0,0,0,0,0,0,0,0,1,0,1,1,0
55.0,1.0,3,4,81.0,3,5,1,0.0,14.0,3,37.0,2.0,3,36.0,10.0,4.0,13.0,3,1,0,0,1,0,0,0,1,1,0,0,0,0,0,0,1,0,0,0,0,0,0,0,0,0,0,0,0,0,0,0,0,1,1,0
28.0,9.0,3,4,94.0,3,1,4,1.0,23.0,4,5.0,3.0,2,5.0,2.0,0.0,4.0,4,1,0,0,1,0,0,1,0,1,0,0,0,0,0,0,0,0,0,0,0,0,0,0,0,0,0,0,0,0,0,1,0,1,0,0
37.0,6.0,4,3,98.0,3,2,4,4.0,14.0,2,7.0,5.0,4,5.0,4.0,0.0,1.0,4,1,0,0,1,0,0,1,0,0,0,0,0,1,0,0,0,0,0,0,0,0,0,0,0,0,1,0,0,0,0,0,0,1,0,0
21.0,3.0,2,4,100.0,2,1,3,1.0,17.0,1,3.0,4.0,4,3.0,2.0,1.0,0.0,4,1,0,0,1,0,0,0,1,1,0,0,0,0,0,0,1,0,0,0,0,0,0,0,0,0,0,0,0,0,0,0,0,1,0,0
37.0,1.0,4,1,80.0,3,3,4,2.0,18.0,1,15.0,2.0,3,5.0,2.0,0.0,2.0,3,0,0,0,1,0,0,0,0,1,0,0,0,0,0,0,1,0,0,0,0,0,0,0,0,0,0,0,0,0,0,0,0,0,1,0
35.0,22.0,3,2,71.0,4,3,2,7.0,18.0,2,10.0,6.0,2,7.0,7.0,6.0,2.0,3,0,1,0,0,0,0,0,0,1,0,0,0,0,0,0,0,0,0,0,0,0,0,0,0,0,0,0,0,0,0,1,0,1,0,0
38.0,7.0,2,1,44.0,4,2,1,1.0,24.0,3,8.0,3.0,3,8.0,0.0,7.0,7.0,4,0,0,0,1,0,0,0,0,0,0,0,0,1,0,0,0,0,0,0,0,0,0,0,0,0,1,0,0,0,0,0,0,1,1,0
26.0,1.0,3,3,84.0,3,2,2,1.0,20.0,1,6.0,6.0,1,6.0,5.0,1.0,4.0,3,0,1,0,0,0,0,0,0,0,0,0,0,0,1,0,0,0,0,0,0,0,0,0,0,0,0,0,0,0,0,0,1,0,0,0
50.0,4.0,1,1,96.0,3,5,2,3.0,14.0,1,28.0,4.0,2,10.0,4.0,1.0,6.0,2,1,1,0,0,0,0,0,0,1,0,0,0,0,0,0,1,0,0,0,0,0,0,0,0,0,0,0,0,0,0,0,0,1,0,0
53.0,3.0,4,3,45.0,3,4,3,3.0,16.0,4,21.0,5.0,2,5.0,3.0,1.0,3.0,3,1,0,0,1,0,0,1,0,1,0,0,0,0,0,0,0,0,0,0,0,0,0,0,0,0,0,0,0,0,0,1,0,1,1,0
42.0,1.0,1,2,99.0,3,2,3,1.0,25.0,3,20.0,3.0,3,20.0,16.0,11.0,6.0,2,1,1,0,0,0,0,1,0,0,0,0,0,1,0,0,0,0,0,0,0,0,0,0,0,0,1,0,0,0,0,0,0,1,0,0
26.0,11.0,2,1,60.0,3,2,1,1.0,13.0,3,5.0,3.0,3,5.0,3.0,3.0,3.0,3,1,0,0,1,0,0,1,0,1,0,0,0,0,0,0,1,0,0,0,0,0,0,0,0,0,0,0,0,0,0,0,1,0,1,0
37.0,1.0,3,4,42.0,3,1,4,1.0,12.0,2,17.0,3.0,3,17.0,12.0,5.0,7.0,3,0,1,0,0,0,0,0,1,1,0,0,0,0,0,0,0,0,0,0,0,0,0,0,0,0,0,0,0,0,0,1,0,1,0,0
44.0,24.0,3,4,43.0,3,1,3,3.0,22.0,4,19.0,0.0,1,1.0,0.0,0.0,0.0,3,1,1,0,0,0,0,0,0,1,0,0,0,0,0,0,1,0,0,0,0,0,0,0,0,0,0,0,0,0,0,0,1,0,1,1
38.0,23.0,4,4,82.0,3,2,4,9.0,14.0,2,10.0,2.0,3,2.0,2.0,1.0,2.0,3,1,1,0,0,0,0,0,0,1,0,0,0,0,0,0,1,0,0,0,0,0,0,0,0,0,0,0,0,0,0,0,0,1,0,0
26.0,16.0,4,1,45.0,3,1,2,2.0,13.0,4,5.0,2.0,3,3.0,2.0,0.0,2.0,3,1,0,0,1,0,0,0,0,0,0,0,0,0,1,0,0,0,0,0,0,0,0,0,0,0,0,0,0,0,0,0,0,1,1,1
28.0,8.0,2,4,66.0,3,1,4,1.0,21.0,4,5.0,3.0,3,5.0,3.0,0.0,2.0,4,0,1,0,0,0,0,0,1,1,0,0,0,0,0,0,0,0,0,0,0,0,0,0,0,0,0,0,0,0,0,1,0,1,0,0
49.0,10.0,4,3,35.0,3,5,1,9.0,11.0,4,22.0,4.0,3,3.0,2.0,1.0,2.0,3,0,1,0,0,0,0,0,1,1,0,0,0,0,0,0,1,0,0,0,0,0,0,0,0,0,0,0,0,0,0,0,1,0,1,0
31.0,5.0,3,4,84.0,3,1,2,1.0,11.0,3,2.0,5.0,2,2.0,2.0,2.0,2.0,3,0,0,1,0,0,0,0,0,0,0,0,0,1,0,0,0,0,0,0,0,0,0,0,0,0,0,1,0,0,0,0,1,0,0,0
26.0,4.0,4,4,48.0,2,2,4,1.0,12.0,2,8.0,0.0,3,8.0,7.0,7.0,4.0,3,1,0,1,0,0,0,0,1,0,0,0,0,1,0,0,0,0,0,0,0,0,0,0,0,0,1,0,0,0,0,0,0,1,1,1
37.0,9.0,3,2,53.0,3,1,4,1.0,12.0,3,4.0,3.0,2,4.0,2.0,1.0,2.0,2,1,0,0,1,0,0,1,0,1,0,0,0,0,0,0,1,0,0,0,0,0,0,0,0,0,0,0,0,0,0,0,1,0,1,0
42.0,26.0,3,3,77.0,3,4,2,5.0,14.0,4,23.0,2.0,4,20.0,4.0,4.0,8.0,3,0,0,1,0,0,0,1,0,0,0,0,0,1,0,0,0,0,0,0,0,0,0,0,0,0,1,0,0,0,0,0,1,0,0,0
18.0,3.0,3,3,54.0,3,1,3,1.0,13.0,3,0.0,2.0,3,0.0,0.0,0.0,0.0,3,1,1,0,0,0,0,0,1,1,0,0,0,0,0,0,1,0,0,0,0,0,0,0,0,0,0,0,0,0,0,0,0,1,0,1
35.0,16.0,3,3,96.0,3,3,2,0.0,15.0,3,12.0,3.0,2,11.0,9.0,6.0,9.0,3,1,0,1,0,0,0,1,0,0,0,0,0,1,0,0,0,0,0,0,0,0,0,0,0,0,1,0,0,0,0,0,0,1,0,0
36.0,18.0,4,3,81.0,4,1,4,4.0,18.0,4,4.0,2.0,3,1.0,0.0,0.0,0.0,3,1,1,0,0,0,0,1,0,1,0,0,0,0,0,0,1,0,0,0,0,0,0,0,0,0,0,0,0,0,0,0,1,0,0,0
51.0,2.0,3,4,84.0,1,2,2,5.0,18.0,4,13.0,3.0,3,4.0,1.0,1.0,2.0,3,1,0,0,1,0,0,0,0,1,0,0,0,0,0,0,0,0,0,0,0,0,0,0,0,0,0,0,0,0,0,1,0,1,0,0
41.0,2.0,4,4,88.0,3,4,2,1.0,19.0,2,22.0,2.0,3,22.0,10.0,0.0,4.0,3,1,1,0,0,0,0,0,1,0,0,0,0,1,0,0,0,0,0,0,0,1,0,0,0,0,0,0,0,0,0,0,0,1,0,0
18.0,10.0,3,4,69.0,2,1,3,1.0,12.0,1,0.0,2.0,3,0.0,0.0,0.0,0.0,3,0,0,0,1,0,0,0,1,0,0,0,0,1,0,0,0,0,0,0,0,0,0,0,0,0,0,1,0,0,0,0,0,1,0,0
28.0,16.0,2,2,68.0,4,2,1,0.0,19.0,3,9.0,2.0,3,8.0,3.0,0.0,7.0,3,1,0,0,1,0,0,0,1,0,0,0,0,0,1,0,0,0,0,0,0,0,0,0,0,0,0,0,0,0,0,0,0,1,0,0
39.0,1.0,3,3,48.0,4,3,4,0.0,17.0,1,19.0,5.0,2,18.0,10.0,3.0,7.0,3,1,0,0,1,0,0,0,0,1,0,0,0,0,0,0,0,0,0,0,0,0,0,0,0,0,0,0,0,0,0,1,0,1,0,0
36.0,24.0,4,2,47.0,3,2,2,7.0,15.0,3,11.0,3.0,3,9.0,8.0,0.0,8.0,3,0,1,0,0,0,0,1,0,1,0,0,0,0,0,0,0,0,0,0,0,0,0,0,0,0,0,0,0,0,0,1,0,0,0,0
32.0,7.0,3,4,91.0,2,2,3,1.0,14.0,3,13.0,3.0,2,13.0,8.0,4.0,8.0,3,1,1,0,0,0,0,1,0,0,0,0,0,1,0,0,0,0,0,0,0,0,0,0,0,0,1,0,0,0,0,0,0,1,0,0
38.0,25.0,2,1,81.0,2,3,2,3.0,17.0,3,19.0,2.0,3,10.0,8.0,0.0,1.0,3,0,1,0,0,0,0,1,0,1,0,0,0,0,0,0,1,0,0,0,0,0,0,0,0,0,0,0,0,0,0,0,0,1,0,0
31.0,5.0,4,3,86.0,3,1,4,0.0,12.0,3,6.0,4.0,3,5.0,2.0,0.0,3.0,3,1,0,0,0,0,1,1,0,1,0,0,0,0,0,0,1,0,0,0,0,0,0,0,0,0,0,0,0,0,0,0,0,1,1,0
31.0,2.0,3,1,62.0,2,2,1,3.0,12.0,4,9.0,1.0,3,2.0,2.0,1.0,0.0,2,1,0,0,0,0,0,1,0,0,0,1,0,0,0,0,0,0,0,1,0,0,0,0,0,0,0,0,0,0,0,0,0,1,0,0
45.0,7.0,3,1,97.0,3,3,1,1.0,18.0,1,24.0,2.0,3,24.0,9.0,9.0,11.0,3,1,1,0,0,0,0,0,0,1,0,0,0,0,0,0,0,0,0,0,0,0,0,0,0,0,0,0,0,0,0,1,1,0,0,0
31.0,2.0,4,3,32.0,3,1,4,0.0,18.0,2,3.0,2.0,1,2.0,2.0,2.0,2.0,3,1,1,0,0,0,0,0,0,1,0,0,0,0,0,0,1,0,0,0,0,0,0,0,0,0,0,0,0,0,0,0,0,1,1,0
33.0,5.0,4,4,74.0,3,3,2,6.0,11.0,2,12.0,2.0,3,10.0,6.0,8.0,8.0,3,0,1,0,0,0,0,1,0,1,0,0,0,0,0,0,1,0,0,0,0,0,0,0,0,0,0,0,0,0,0,0,1,0,0,0
39.0,10.0,1,3,99.0,3,4,1,1.0,14.0,4,21.0,3.0,3,21.0,9.0,11.0,10.0,3,1,0,0,1,0,0,1,0,1,0,0,0,0,0,0,1,0,0,0,0,0,0,0,0,0,0,0,0,0,0,0,0,1,1,0
43.0,10.0,4,3,33.0,3,1,4,0.0,19.0,1,9.0,5.0,3,8.0,7.0,1.0,7.0,3,0,1,0,0,0,0,0,1,1,0,0,0,0,0,0,1,0,0,0,0,0,0,0,0,0,0,0,0,0,0,0,1,0,0,0
49.0,1.0,2,3,90.0,2,4,3,7.0,12.0,4,25.0,2.0,3,7.0,1.0,0.0,7.0,3,0,0,0,0,0,1,0,1,1,0,0,0,0,0,0,0,0,0,0,0,0,0,0,0,0,0,0,0,0,0,1,0,1,1,0
27.0,5.0,3,3,85.0,3,1,2,1.0,12.0,2,4.0,2.0,2,4.0,3.0,1.0,2.0,3,0,1,0,0,0,0,0,1,1,0,0,0,0,0,0,0,0,0,0,0,0,0,0,0,0,0,0,0,0,0,1,0,1,1,0
32.0,8.0,2,3,65.0,2,2,2,1.0,11.0,4,13.0,2.0,3,13.0,12.0,11.0,9.0,3,0,0,0,0,0,1,1,0,0,0,0,0,1,0,0,0,0,0,0,0,0,0,0,0,0,1,0,0,0,0,0,0,1,1,0
27.0,2.0,3,4,74.0,3,2,3,1.0,11.0,1,5.0,3.0,3,5.0,4.0,0.0,4.0,3,1,1,0,0,0,0,0,1,0,0,0,0,1,0,0,0,0,0,0,0,0,0,0,0,0,1,0,0,0,0,0,0,1,1,0
31.0,7.0,3,4,73.0,3,2,4,4.0,12.0,4,13.0,3.0,3,7.0,7.0,1.0,7.0,3,1,0,1,0,0,0,0,0,0,0,0,0,1,0,0,0,0,0,0,0,0,0,0,0,0,1,0,0,0,0,0,0,1,0,0
32.0,2.0,4,1,74.0,4,2,4,7.0,16.0,3,10.0,0.0,2,7.0,7.0,0.0,7.0,3,0,0,0,1,0,0,0,1,1,0,0,0,0,0,0,0,0,0,0,0,0,0,0,0,0,0,0,0,0,0,1,0,1,0,0
30.0,28.0,2,4,64.0,3,2,4,1.0,13.0,4,11.0,2.0,3,10.0,8.0,1.0,9.0,3,0,0,0,1,0,0,1,0,1,0,0,0,0,0,1,0,0,0,0,0,0,0,0,0,0,0,0,0,0,0,0,0,1,0,0
39.0,7.0,2,3,54.0,2,5,4,1.0,15.0,1,21.0,2.0,3,21.0,9.0,13.0,3.0,3,1,0,0,1,0,0,1,0,1,0,0,0,0,0,0,1,0,0,0,0,0,0,0,0,0,0,0,0,0,0,0,1,0,0,0
39.0,3.0,2,4,41.0,3,2,3,4.0,18.0,1,12.0,3.0,2,1.0,0.0,0.0,0.0,3,0,0,0,1,0,0,1,0,0,0,0,0,1,0,0,0,0,0,0,0,0,0,0,0,0,1,0,0,0,0,0,0,1,1,1
33.0,10.0,3,2,46.0,2,2,4,3.0,14.0,3,9.0,6.0,2,7.0,7.0,0.0,1.0,4,1,0,1,0,0,0,0,1,0,0,0,0,1,0,0,0,0,0,0,0,0,0,0,0,0,1,0,0,0,0,0,1,0,0,0
47.0,5.0,5,4,42.0,3,5,3,4.0,11.0,2,21.0,2.0,3,3.0,2.0,1.0,1.0,3,1,1,0,0,0,0,1,0,0,0,0,0,0,1,0,0,0,0,0,0,0,0,0,0,0,0,0,0,0,0,0,0,1,0,0
27.0,1.0,1,3,73.0,3,2,2,0.0,13.0,4,6.0,0.0,3,5.0,4.0,1.0,4.0,3,1,0,1,0,0,0,1,0,0,0,0,0,1,0,0,0,0,0,0,0,0,0,0,0,0,1,0,0,0,0,0,0,0,1,0
43.0,7.0,3,3,43.0,3,3,1,8.0,16.0,1,10.0,1.0,2,1.0,0.0,0.0,0.0,3,0,1,0,0,0,0,1,0,1,0,0,0,0,0,1,0,0,0,0,0,0,0,0,0,0,0,0,0,0,0,0,0,1,0,0
45.0,8.0,4,4,75.0,3,2,4,9.0,14.0,1,12.0,3.0,3,10.0,9.0,9.0,8.0,3,1,0,0,0,1,0,1,0,1,0,0,0,0,0,0,1,0,0,0,0,0,0,0,0,0,0,0,0,0,0,0,0,1,0,0
40.0,1.0,2,2,57.0,1,2,4,2.0,22.0,3,6.0,2.0,2,4.0,3.0,0.0,2.0,3,1,0,0,1,0,0,1,0,0,0,0,0,1,0,0,0,0,0,0,0,0,0,0,0,0,1,0,0,0,0,0,0,1,1,0
29.0,8.0,4,2,77.0,1,1,1,1.0,11.0,4,7.0,4.0,2,7.0,7.0,0.0,7.0,3,1,0,0,0,1,0,1,0,1,0,0,0,0,0,0,1,0,0,0,0,0,0,0,0,0,0,0,0,0,0,0,0,1,1,1
30.0,5.0,3,4,30.0,2,2,3,1.0,13.0,3,10.0,2.0,3,10.0,9.0,1.0,2.0,3,0,0,1,0,0,0,0,0,0,0,0,0,1,0,0,0,0,0,0,0,0,0,0,0,0,1,0,0,0,0,0,0,1,0,0
27.0,8.0,4,2,56.0,3,2,2,1.0,18.0,1,8.0,3.0,3,8.0,7.0,0.0,7.0,3,0,0,1,0,0,0,1,0,0,0,0,0,1,0,0,0,0,0,0,0,0,0,0,0,0,1,0,0,0,0,0,0,1,0,0
37.0,5.0,2,4,61.0,3,2,4,7.0,16.0,3,8.0,2.0,2,6.0,2.0,0.0,4.0,3,1,0,0,1,0,0,0,0,1,0,0,0,0,0,1,0,0,0,0,0,0,0,0,0,0,0,0,0,0,0,0,0,1,0,0
38.0,15.0,2,3,92.0,2,3,4,0.0,14.0,2,12.0,3.0,3,11.0,10.0,2.0,9.0,3,1,1,0,0,0,0,0,0,1,0,0,0,0,0,0,1,0,0,0,0,0,0,0,0,0,0,0,0,0,0,0,0,1,1,0
31.0,7.0,4,3,39.0,3,3,4,1.0,14.0,3,11.0,2.0,2,11.0,9.0,4.0,10.0,3,0,0,0,1,0,0,0,1,1,0,0,0,0,0,1,0,0,0,0,0,0,0,0,0,0,0,0,0,0,0,0,0,1,1,0
29.0,10.0,1,4,39.0,2,2,2,1.0,14.0,1,7.0,2.0,3,7.0,7.0,1.0,7.0,3,0,0,1,0,0,0,0,0,0,0,0,0,1,0,0,0,0,0,0,0,0,0,0,0,0,1,0,0,0,0,0,0,1,1,0
35.0,5.0,4,3,62.0,3,3,2,0.0,13.0,4,17.0,5.0,3,16.0,6.0,0.0,13.0,3,1,0,0,0,0,1,0,1,1,0,0,0,0,0,1,0,0,0,0,0,0,0,0,0,0,0,0,0,0,0,0,0,1,0,0
41.0,6.0,3,4,95.0,2,2,2,6.0,15.0,4,8.0,3.0,3,5.0,4.0,1.0,2.0,3,1,0,0,1,0,0,0,1,1,0,0,0,0,0,0,1,0,0,0,0,0,0,0,0,0,0,0,0,0,0,0,0,1,1,0
47.0,4.0,1,2,99.0,3,2,3,3.0,19.0,1,5.0,3.0,3,0.0,0.0,0.0,0.0,3,1,0,0,1,0,0,0,1,0,0,0,0,1,0,0,0,0,0,0,0,0,0,0,0,0,0,1,0,0,0,0,1,0,0,0
42.0,23.0,5,1,44.0,3,4,4,2.0,14.0,2,16.0,2.0,3,1.0,0.0,0.0,0.0,3,0,1,0,0,0,0,0,1,1,0,0,0,0,0,0,1,0,0,0,0,0,0,0,0,0,0,0,0,0,0,0,0,1,0,0
29.0,2.0,3,4,61.0,3,2,3,1.0,14.0,1,4.0,3.0,2,4.0,3.0,0.0,2.0,3,1,1,0,0,0,0,1,0,0,0,0,0,1,0,0,0,0,0,0,0,0,0,0,0,0,1,0,0,0,0,0,0,0,0,0
42.0,2.0,1,3,52.0,3,1,3,0.0,11.0,3,4.0,5.0,3,3.0,2.0,1.0,0.0,3,1,0,0,0,0,1,0,0,0,0,1,0,0,0,0,0,0,0,1,0,0,0,0,0,0,0,0,0,0,0,0,0,1,1,0
37.0,6.0,3,3,51.0,4,2,1,4.0,13.0,1,13.0,2.0,3,7.0,7.0,6.0,7.0,3,1,0,0,1,0,0,0,0,1,0,0,0,0,0,1,0,0,0,0,0,0,0,0,0,0,0,0,0,0,0,0,0,1,1,0
26.0,1.0,3,3,57.0,3,2,3,1.0,17.0,2,8.0,3.0,3,8.0,7.0,7.0,7.0,3,1,1,0,0,0,0,1,0,0,0,0,0,1,0,0,0,0,0,0,0,0,0,0,0,0,1,0,0,0,0,0,0,1,0,0
21.0,1.0,1,1,99.0,2,1,2,1.0,11.0,3,3.0,3.0,3,3.0,2.0,1.0,2.0,2,0,0,0,0,0,1,0,1,0,0,0,0,1,0,0,0,0,0,0,0,0,0,0,0,0,0,1,0,0,0,0,1,0,1,1
36.0,1.0,5,4,45.0,3,2,4,4.0,15.0,2,7.0,6.0,3,1.0,0.0,0.0,0.0,3,0,0,0,1,0,0,0,1,0,0,0,0,1,0,0,0,0,0,0,0,0,0,0,0,0,1,0,0,0,0,0,0,0,0,0
36.0,3.0,4,1,48.0,2,3,4,4.0,11.0,1,16.0,2.0,3,13.0,9.0,1.0,12.0,2,1,0,0,1,0,0,1,0,0,0,0,0,1,0,0,0,0,0,0,0,0,0,0,0,0,1,0,0,0,0,0,1,0,0,0
57.0,1.0,4,4,88.0,3,2,3,2.0,11.0,3,15.0,2.0,3,3.0,2.0,1.0,2.0,3,1,0,0,1,0,0,1,0,1,0,0,0,0,0,0,1,0,0,0,0,0,0,0,0,0,0,0,0,0,0,0,0,1,0,0
40.0,10.0,4,4,46.0,4,1,3,3.0,13.0,3,10.0,3.0,3,7.0,7.0,1.0,7.0,3,0,1,0,0,0,0,1,0,1,0,0,0,0,0,1,0,0,0,0,0,0,0,0,0,0,0,0,0,0,0,0,0,1,1,0
21.0,9.0,2,1,39.0,3,1,4,1.0,24.0,3,3.0,3.0,2,3.0,2.0,2.0,2.0,2,1,0,0,1,0,0,0,1,0,0,0,0,1,0,0,0,0,0,0,0,0,0,0,0,0,0,1,0,0,0,0,0,0,0,0
41.0,4.0,3,1,56.0,3,2,2,1.0,18.0,3,8.0,5.0,3,8.0,7.0,7.0,7.0,2,1,0,1,0,0,0,0,1,0,0,0,0,1,0,0,0,0,0,0,0,0,0,0,0,0,1,0,0,0,0,0,1,0,0,1
40.0,22.0,2,3,68.0,2,2,3,2.0,12.0,1,8.0,6.0,3,6.0,4.0,1.0,0.0,3,1,0,1,0,0,0,1,0,0,0,0,0,1,0,0,0,0,0,0,0,0,0,0,0,0,1,0,0,0,0,0,0,1,1,1
31.0,9.0,4,3,42.0,2,1,2,0.0,16.0,4,3.0,5.0,3,2.0,2.0,2.0,2.0,3,1,1,0,0,0,0,0,1,1,0,0,0,0,0,0,1,0,0,0,0,0,0,0,0,0,0,0,0,0,0,0,0,1,1,0
21.0,12.0,3,3,90.0,4,1,2,1.0,15.0,4,1.0,0.0,3,1.0,0.0,0.0,0.0,3,0,1,0,0,0,0,0,1,0,0,0,0,1,0,0,0,0,0,0,0,0,0,0,0,0,0,1,0,0,0,0,0,1,0,1
29.0,23.0,3,4,54.0,3,1,4,9.0,16.0,4,6.0,4.0,3,3.0,2.0,1.0,2.0,3,1,1,0,0,0,0,0,1,1,0,0,0,0,0,1,0,0,0,0,0,0,0,0,0,0,0,0,0,0,0,0,0,1,0,0
35.0,9.0,4,3,97.0,2,2,2,9.0,19.0,3,10.0,5.0,3,1.0,1.0,0.0,0.0,3,1,1,0,0,0,0,0,1,1,0,0,0,0,0,0,1,0,0,0,0,0,0,0,0,0,0,0,0,0,0,0,0,1,0,0
27.0,1.0,2,4,82.0,3,1,2,1.0,11.0,2,5.0,2.0,3,5.0,2.0,0.0,4.0,3,1,0,0,1,0,0,0,0,0,0,0,0,0,1,0,0,0,0,0,0,0,0,0,0,0,0,0,0,0,0,0,0,1,0,0
28.0,9.0,4,2,92.0,3,2,4,1.0,16.0,4,7.0,1.0,3,7.0,5.0,0.0,7.0,3,1,1,0,0,0,0,0,1,0,0,0,0,1,0,0,0,0,0,0,0,0,0,0,0,0,1,0,0,0,0,0,0,1,0,0
49.0,7.0,3,2,31.0,2,3,3,8.0,24.0,3,26.0,2.0,3,5.0,2.0,0.0,0.0,3,1,0,0,0,1,0,0,1,1,0,0,0,0,0,1,0,0,0,0,0,0,0,0,0,0,0,0,0,0,0,0,0,1,0,0
51.0,14.0,2,3,87.0,3,2,4,4.0,11.0,3,18.0,2.0,2,7.0,7.0,0.0,7.0,3,0,1,0,0,0,0,1,0,0,0,0,0,1,0,0,0,0,0,0,0,0,0,0,0,0,1,0,0,0,0,0,0,1,0,0
36.0,2.0,3,4,96.0,3,1,3,4.0,13.0,2,6.0,3.0,3,2.0,2.0,2.0,2.0,3,0,1,0,0,0,0,1,0,1,0,0,0,0,0,0,1,0,0,0,0,0,0,0,0,0,0,0,0,0,0,0,0,1,0,0
34.0,19.0,3,1,67.0,4,2,4,8.0,13.0,2,9.0,3.0,2,5.0,2.0,0.0,4.0,3,1,0,1,0,0,0,0,1,0,0,0,0,1,0,0,0,0,0,0,0,0,0,0,0,0,1,0,0,0,0,0,0,0,1,1
55.0,2.0,3,3,97.0,3,4,4,2.0,13.0,3,30.0,2.0,3,5.0,4.0,1.0,2.0,3,0,1,0,0,0,0,0,1,1,0,0,0,0,0,1,0,0,0,0,0,0,0,0,0,0,0,0,0,0,0,0,0,1,1,0
30.0,2.0,1,3,72.0,3,1,2,1.0,18.0,1,1.0,3.0,3,1.0,0.0,0.0,0.0,3,1,0,0,0,0,1,1,0,0,0,0,0,1,0,0,0,0,0,0,0,0,0,0,0,0,0,1,0,0,0,0,0,1,0,0
26.0,3.0,1,3,73.0,3,1,1,0.0,22.0,3,7.0,2.0,3,6.0,4.0,0.0,4.0,4,1,0,0,0,0,1,0,1,1,0,0,0,0,0,0,1,0,0,0,0,0,0,0,0,0,0,0,0,0,0,0,1,0,0,1
22.0,11.0,3,1,43.0,3,1,2,1.0,13.0,4,2.0,1.0,3,2.0,1.0,1.0,2.0,3,0,0,0,1,0,0,1,0,1,0,0,0,0,0,0,1,0,0,0,0,0,0,0,0,0,0,0,0,0,0,0,0,1,0,0
36.0,2.0,2,2,61.0,2,3,3,1.0,13.0,2,10.0,2.0,3,10.0,9.0,9.0,0.0,2,1,0,0,1,0,0,1,0,0,0,0,0,1,0,0,0,0,0,0,0,0,0,0,0,0,1,0,0,0,0,0,0,1,0,0
30.0,4.0,3,3,40.0,3,1,4,9.0,23.0,3,3.0,4.0,3,1.0,0.0,0.0,0.0,4,1,0,0,0,0,1,0,1,1,0,0,0,0,0,0,1,0,0,0,0,0,0,0,0,0,0,0,0,0,0,0,1,0,1,1
37.0,14.0,3,4,95.0,3,1,1,1.0,12.0,3,18.0,2.0,2,18.0,7.0,12.0,17.0,3,0,1,0,0,0,0,0,0,1,0,0,0,0,0,1,0,0,0,0,0,0,0,0,0,0,0,0,0,0,0,0,0,1,0,0
40.0,2.0,2,4,46.0,3,2,2,7.0,12.0,3,8.0,5.0,3,5.0,4.0,1.0,3.0,3,0,0,1,0,0,0,0,0,0,0,0,0,1,0,0,0,0,0,0,0,0,0,0,0,0,1,0,0,0,0,0,0,1,0,0
37.0,10.0,4,3,49.0,3,2,2,2.0,12.0,4,18.0,2.0,2,1.0,0.0,0.0,1.0,3,1,1,0,0,0,0,0,1,1,0,0,0,0,0,1,0,0,0,0,0,0,0,0,0,0,0,0,0,0,0,0,0,1,1,0
43.0,12.0,3,1,59.0,2,4,2,1.0,11.0,3,25.0,3.0,3,25.0,10.0,3.0,9.0,2,1,1,0,0,0,0,0,0,1,0,0,0,0,0,0,1,0,0,0,0,0,0,0,0,0,0,0,0,0,0,0,0,1,0,0
40.0,2.0,3,2,78.0,2,2,3,6.0,22.0,2,20.0,3.0,3,1.0,0.0,0.0,0.0,4,0,0,0,1,0,0,1,0,1,0,0,0,0,0,0,1,0,0,0,0,0,0,0,0,0,0,0,0,0,0,0,0,1,0,0
54.0,5.0,2,1,86.0,3,5,1,4.0,11.0,3,24.0,4.0,2,4.0,2.0,1.0,2.0,3,1,0,0,1,0,0,1,0,1,0,0,0,0,0,0,1,0,0,0,0,0,0,0,0,0,0,0,0,0,0,0,0,1,0,0
31.0,7.0,2,2,31.0,3,2,1,1.0,12.0,2,13.0,5.0,1,13.0,10.0,3.0,12.0,3,0,0,0,1,0,0,1,0,1,0,0,0,0,0,0,1,0,0,0,0,0,0,0,0,0,0,0,0,0,0,0,0,1,0,0
43.0,21.0,3,4,61.0,3,1,4,7.0,20.0,1,8.0,1.0,3,3.0,2.0,1.0,2.0,4,1,0,0,1,0,0,1,0,1,0,0,0,0,0,0,1,0,0,0,0,0,0,0,0,0,0,0,0,0,0,0,1,0,0,0
25.0,4.0,2,2,99.0,2,2,4,1.0,11.0,2,5.0,3.0,3,5.0,4.0,1.0,3.0,2,0,1,0,0,0,0,0,1,0,0,0,0,1,0,0,0,0,0,0,0,0,0,0,0,0,1,0,0,0,0,0,0,1,1,0
37.0,25.0,5,2,72.0,3,2,3,3.0,15.0,1,15.0,2.0,3,13.0,11.0,10.0,7.0,3,0,0,0,1,0,0,1,0,1,0,0,0,0,0,0,0,0,0,0,0,0,0,0,0,0,0,0,1,0,0,0,0,0,1,0
31.0,1.0,2,4,98.0,2,1,1,1.0,12.0,3,4.0,3.0,3,4.0,2.0,3.0,2.0,3,1,1,0,0,0,0,1,0,1,0,0,0,0,0,0,1,0,0,0,0,0,0,0,0,0,0,0,0,0,0,0,0,1,0,0
39.0,1.0,1,2,52.0,3,5,3,1.0,14.0,3,21.0,3.0,3,21.0,8.0,1.0,6.0,2,1,1,0,0,0,0,0,0,1,0,0,0,0,0,0,0,0,0,0,0,0,0,0,0,0,0,0,1,0,0,0,1,0,1,0
30.0,12.0,3,2,83.0,3,2,3,0.0,11.0,2,6.0,6.0,3,5.0,4.0,4.0,4.0,2,0,0,0,0,0,1,0,1,0,0,0,0,1,0,0,0,0,0,0,0,0,0,0,0,0,1,0,0,0,0,0,0,1,0,0
41.0,1.0,3,2,49.0,4,3,1,1.0,16.0,3,10.0,2.0,3,10.0,7.0,0.0,7.0,3,1,0,1,0,0,0,1,0,0,0,0,0,1,0,0,0,0,0,0,0,0,0,0,0,0,1,0,0,0,0,0,0,1,0,0
28.0,17.0,2,3,79.0,3,2,1,1.0,12.0,4,10.0,2.0,3,10.0,0.0,1.0,8.0,3,1,0,0,1,0,0,0,0,1,0,0,0,0,0,0,0,0,0,0,0,0,0,0,0,0,0,0,1,0,0,0,0,1,0,0
25.0,3.0,3,1,91.0,3,1,1,5.0,13.0,3,6.0,5.0,3,2.0,2.0,0.0,2.0,3,1,0,0,1,0,0,1,0,1,0,0,0,0,0,0,1,0,0,0,0,0,0,0,0,0,0,0,0,0,0,0,0,1,0,1
52.0,3.0,3,4,39.0,2,3,3,2.0,14.0,3,28.0,4.0,3,5.0,4.0,0.0,4.0,3,1,0,0,1,0,0,1,0,1,0,0,0,0,0,0,1,0,0,0,0,0,0,0,0,0,0,0,0,0,0,0,0,1,1,0
45.0,10.0,2,1,69.0,3,1,4,3.0,21.0,4,8.0,3.0,2,2.0,2.0,0.0,2.0,3,1,1,0,0,0,0,1,0,1,0,0,0,0,0,0,1,0,0,0,0,0,0,0,0,0,0,0,0,0,0,0,0,1,0,0
52.0,4.0,2,4,30.0,3,4,4,2.0,13.0,4,31.0,2.0,1,5.0,2.0,1.0,4.0,3,0,1,0,0,0,0,1,0,0,0,0,0,0,1,0,0,0,0,0,0,0,0,0,0,0,0,0,0,0,0,0,0,1,0,0
42.0,29.0,2,1,92.0,3,2,3,2.0,11.0,2,19.0,3.0,3,5.0,4.0,0.0,2.0,3,0,1,0,0,0,0,0,0,1,0,0,0,0,0,0,1,0,0,0,0,0,0,0,0,0,0,0,0,0,0,0,1,0,0,0
30.0,2.0,3,3,43.0,1,2,4,2.0,20.0,3,11.0,2.0,3,5.0,4.0,0.0,2.0,4,0,1,0,0,0,0,0,1,1,0,0,0,0,0,0,1,0,0,0,0,0,0,0,0,0,0,0,0,0,0,0,0,1,0,0
60.0,7.0,3,1,41.0,3,5,1,5.0,11.0,4,33.0,5.0,1,29.0,8.0,11.0,10.0,3,0,1,0,0,0,0,1,0,1,0,0,0,0,0,0,1,0,0,0,0,0,0,0,0,0,0,0,0,0,0,0,0,1,0,0
46.0,18.0,3,3,87.0,3,2,3,2.0,14.0,3,19.0,5.0,2,10.0,7.0,0.0,8.0,3,0,0,0,1,0,0,0,0,0,0,0,0,0,1,0,0,0,0,0,0,0,0,0,0,0,0,0,0,0,0,0,0,1,0,0
24.0,1.0,1,1,62.0,3,1,2,1.0,16.0,2,6.0,4.0,3,5.0,3.0,1.0,4.0,3,0,0,0,0,0,1,0,1,0,0,0,0,1,0,0,0,0,0,0,0,0,0,0,0,0,0,1,0,0,0,0,0,1,1,1
34.0,6.0,2,4,33.0,1,1,3,0.0,16.0,4,3.0,3.0,2,2.0,2.0,1.0,0.0,3,0,0,1,0,0,0,0,0,0,0,0,0,1,0,0,0,0,0,0,0,0,0,0,0,0,0,1,0,0,0,0,1,0,0,1
38.0,2.0,2,4,42.0,3,1,4,1.0,23.0,3,1.0,3.0,3,1.0,0.0,0.0,0.0,4,1,1,0,0,0,0,1,0,0,0,0,0,0,1,0,0,0,0,0,0,0,0,0,0,0,0,0,0,0,0,0,1,0,1,0
40.0,2.0,4,3,79.0,3,5,3,0.0,14.0,4,21.0,2.0,3,20.0,15.0,1.0,12.0,3,0,1,0,0,0,0,1,0,0,0,0,0,1,0,0,0,0,0,0,0,1,0,0,0,0,0,0,0,0,0,0,0,1,0,0
26.0,23.0,3,1,90.0,3,1,4,1.0,22.0,2,3.0,3.0,1,3.0,2.0,0.0,2.0,3,0,1,0,0,0,0,0,0,1,0,0,0,0,0,0,0,0,0,0,0,0,0,0,0,0,0,0,1,0,0,0,0,1,0,0
30.0,3.0,3,3,53.0,3,1,4,4.0,15.0,3,9.0,3.0,1,5.0,3.0,1.0,4.0,3,1,1,0,0,0,0,1,0,1,0,0,0,0,0,0,0,0,0,0,0,0,0,0,0,0,0,0,1,0,0,0,0,0,0,0
29.0,3.0,4,2,93.0,2,3,3,1.0,18.0,3,10.0,2.0,3,10.0,2.0,0.0,7.0,3,1,0,0,1,0,0,1,0,1,0,0,0,0,0,0,1,0,0,0,0,0,0,0,0,0,0,0,0,0,0,0,0,1,0,0
29.0,25.0,5,3,71.0,2,1,2,5.0,16.0,2,6.0,2.0,4,2.0,2.0,1.0,1.0,3,0,0,0,0,0,1,1,0,1,0,0,0,0,0,0,1,0,0,0,0,0,0,0,0,0,0,0,0,0,0,0,0,1,0,1
19.0,2.0,2,1,52.0,2,1,4,1.0,12.0,3,1.0,3.0,4,1.0,0.0,0.0,0.0,3,1,0,0,0,0,1,0,1,0,0,1,0,0,0,0,0,0,0,1,0,0,0,0,0,0,0,0,0,0,0,0,0,1,0,1
30.0,22.0,4,3,69.0,3,3,1,0.0,11.0,3,10.0,3.0,3,9.0,8.0,7.0,8.0,3,0,0,0,0,1,0,1,0,0,0,0,0,1,0,0,0,0,0,0,0,0,0,0,0,0,1,0,0,0,0,0,0,0,0,0
57.0,29.0,3,1,56.0,2,4,4,3.0,12.0,3,32.0,3.0,2,1.0,0.0,0.0,0.0,3,1,0,1,0,0,0,0,0,0,0,0,0,1,0,0,0,0,0,0,0,1,0,0,0,0,0,0,0,0,0,0,0,1,0,0
50.0,29.0,4,2,88.0,2,4,3,0.0,15.0,2,28.0,2.0,3,27.0,10.0,15.0,7.0,3,1,1,0,0,0,0,1,0,1,0,0,0,0,0,0,0,0,0,0,0,0,0,0,0,0,0,0,1,0,0,0,0,1,0,0
47.0,2.0,2,1,65.0,3,2,4,5.0,13.0,3,20.0,2.0,3,5.0,0.0,0.0,4.0,3,0,0,0,1,0,0,0,0,1,0,0,0,0,0,0,1,0,0,0,0,0,0,0,0,0,0,0,0,0,0,0,0,1,0,0
46.0,2.0,3,1,51.0,3,4,3,6.0,13.0,3,26.0,2.0,1,3.0,2.0,0.0,1.0,3,1,1,0,0,0,0,1,0,1,0,0,0,0,0,0,0,0,0,0,0,0,0,0,0,0,0,0,1,0,0,0,0,1,0,0
35.0,22.0,3,4,46.0,1,1,3,0.0,15.0,3,6.0,2.0,3,5.0,4.0,4.0,3.0,3,1,1,0,0,0,0,0,1,1,0,0,0,0,0,0,1,0,0,0,0,0,0,0,0,0,0,0,0,0,0,0,0,1,0,0
54.0,8.0,4,3,42.0,3,2,3,7.0,11.0,3,19.0,3.0,3,1.0,0.0,0.0,0.0,3,0,1,0,0,0,0,0,1,1,0,0,0,0,0,0,1,0,0,0,0,0,0,0,0,0,0,0,0,0,0,0,0,1,0,0
34.0,2.0,4,4,62.0,2,1,3,3.0,12.0,3,14.0,3.0,3,7.0,3.0,5.0,7.0,3,1,1,0,0,0,0,0,0,1,0,0,0,0,0,0,0,0,0,0,0,0,0,0,0,0,0,0,1,0,0,0,0,1,0,0
46.0,10.0,3,3,94.0,2,3,4,2.0,19.0,3,15.0,3.0,3,3.0,2.0,1.0,2.0,3,0,0,1,0,0,0,1,0,0,0,0,0,1,0,0,0,0,0,0,0,0,0,0,0,0,1,0,0,0,0,0,0,1,1,0
31.0,9.0,1,3,33.0,3,3,2,1.0,25.0,4,13.0,6.0,4,13.0,8.0,0.0,8.0,3,1,1,0,0,0,0,0,0,1,0,0,0,0,0,0,0,0,0,0,0,0,0,0,0,0,0,0,1,0,0,0,0,1,0,0
33.0,15.0,1,2,56.0,3,3,3,7.0,12.0,4,15.0,2.0,4,7.0,6.0,7.0,7.0,2,1,0,0,1,0,0,1,0,1,0,0,0,0,0,0,0,0,0,0,0,0,0,0,0,0,0,0,1,0,0,0,0,1,1,1
33.0,10.0,1,1,38.0,1,1,4,7.0,13.0,1,8.0,2.0,3,4.0,3.0,1.0,3.0,3,1,0,0,1,0,0,0,0,1,0,0,0,0,0,0,1,0,0,0,0,0,0,0,0,0,0,0,0,0,0,0,0,1,0,1
30.0,7.0,1,4,57.0,3,1,2,0.0,14.0,1,4.0,3.0,3,3.0,2.0,1.0,2.0,3,1,0,1,0,0,0,0,1,0,0,0,0,1,0,0,0,0,0,0,0,0,0,0,0,0,0,1,0,0,0,0,0,1,0,0
35.0,16.0,3,4,72.0,3,3,3,4.0,12.0,3,10.0,2.0,3,8.0,7.0,0.0,0.0,3,1,1,0,0,0,0,1,0,1,0,0,0,0,0,0,0,0,0,0,0,0,0,0,0,0,0,0,1,0,0,0,0,1,1,0
31.0,20.0,3,1,66.0,3,3,3,3.0,12.0,1,12.0,2.0,3,1.0,0.0,0.0,0.0,3,1,1,0,0,0,0,1,0,1,0,0,0,0,0,0,1,0,0,0,0,0,0,0,0,0,0,0,0,0,0,0,1,0,0,1
34.0,23.0,3,2,43.0,3,3,1,9.0,15.0,3,11.0,2.0,3,3.0,2.0,0.0,2.0,3,0,0,0,0,0,0,0,0,0,0,1,0,0,0,0,0,0,0,1,0,0,0,0,0,0,0,0,0,0,0,0,1,0,1,1
42.0,5.0,2,2,97.0,3,1,3,4.0,17.0,4,8.0,4.0,3,2.0,2.0,2.0,0.0,3,1,0,0,0,1,0,1,0,0,0,0,0,0,1,0,0,0,0,0,0,0,0,0,0,0,0,0,0,0,0,0,1,0,0,0
36.0,10.0,4,2,32.0,3,3,4,1.0,14.0,4,10.0,3.0,2,10.0,3.0,9.0,7.0,2,1,0,0,1,0,0,0,1,0,0,0,0,1,0,0,0,0,0,0,0,0,0,0,0,0,1,0,0,0,0,0,0,0,0,0
22.0,4.0,1,3,99.0,2,1,3,5.0,16.0,3,4.0,3.0,3,2.0,2.0,1.0,2.0,3,1,0,0,0,0,1,0,1,1,0,0,0,0,0,0,0,0,0,0,0,0,0,0,0,0,0,0,1,0,0,0,1,0,0,1
48.0,2.0,5,2,37.0,3,2,4,2.0,14.0,1,14.0,2.0,3,9.0,7.0,6.0,7.0,2,0,0,1,0,0,0,1,0,0,0,0,0,1,0,0,0,0,0,0,0,0,0,0,0,0,1,0,0,0,0,0,0,1,0,0
55.0,18.0,5,1,83.0,3,4,2,3.0,23.0,4,37.0,2.0,3,10.0,9.0,7.0,7.0,2,0,1,0,0,0,0,0,1,0,0,0,0,1,0,0,0,0,0,0,0,1,0,0,0,0,0,0,0,0,0,0,0,1,0,0
41.0,10.0,2,4,56.0,3,2,4,7.0,14.0,4,16.0,3.0,3,14.0,3.0,1.0,10.0,3,1,1,0,0,0,0,0,1,0,0,0,0,1,0,0,0,0,0,0,0,0,0,0,0,0,1,0,0,0,0,0,0,0,0,0
35.0,1.0,3,2,85.0,3,2,3,9.0,11.0,3,15.0,2.0,3,11.0,9.0,6.0,9.0,2,1,0,1,0,0,0,1,0,0,0,0,0,1,0,0,0,0,0,0,0,0,0,0,0,0,1,0,0,0,0,0,0,1,0,0
39.0,8.0,1,3,48.0,3,1,3,1.0,11.0,1,8.0,3.0,3,8.0,3.0,0.0,7.0,3,0,1,0,0,0,0,1,0,1,0,0,0,0,0,0,1,0,0,0,0,0,0,0,0,0,0,0,0,0,0,0,1,0,0,0
31.0,2.0,1,2,77.0,3,2,4,4.0,13.0,3,10.0,2.0,4,6.0,5.0,0.0,5.0,3,1,1,0,0,0,0,0,1,0,0,0,0,1,0,0,0,0,0,0,0,0,0,0,0,0,1,0,0,0,0,0,0,1,1,0
42.0,24.0,3,4,56.0,3,3,1,1.0,21.0,4,10.0,5.0,2,10.0,9.0,5.0,8.0,4,1,0,0,1,0,0,1,0,1,0,0,0,0,0,0,1,0,0,0,0,0,0,0,0,0,0,0,0,0,0,0,0,1,1,0
45.0,2.0,3,4,61.0,3,2,2,0.0,19.0,2,9.0,3.0,4,8.0,7.0,3.0,7.0,3,1,0,0,0,1,0,1,0,0,0,0,0,1,0,0,0,0,0,0,0,0,0,0,0,0,1,0,0,0,0,0,0,1,0,0
33.0,1.0,5,1,95.0,4,4,3,4.0,19.0,3,10.0,2.0,3,6.0,1.0,0.0,5.0,3,0,0,0,1,0,0,0,0,1,0,0,0,0,0,0,1,0,0,0,0,0,0,0,0,0,0,0,0,0,0,0,0,1,0,0
31.0,7.0,3,3,44.0,2,3,4,9.0,21.0,3,10.0,3.0,2,5.0,4.0,0.0,1.0,4,1,1,0,0,0,0,0,0,0,0,0,0,1,0,0,0,0,0,0,0,1,0,0,0,0,0,0,0,0,0,0,0,1,0,0
18.0,5.0,3,2,69.0,3,1,2,1.0,14.0,4,0.0,3.0,3,0.0,0.0,0.0,0.0,3,1,0,1,0,0,0,0,1,0,0,0,0,1,0,0,0,0,0,0,0,0,0,0,0,0,0,1,0,0,0,0,1,0,1,1
40.0,28.0,3,3,58.0,1,3,1,3.0,15.0,3,20.0,2.0,3,1.0,0.0,0.0,1.0,3,1,0,0,0,1,0,0,0,0,0,0,0,1,0,0,0,0,0,0,0,0,0,0,0,0,1,0,0,0,0,0,0,0,0,0
41.0,2.0,4,1,62.0,2,2,3,2.0,17.0,1,10.0,3.0,3,8.0,7.0,0.0,7.0,3,0,0,0,0,1,0,0,1,1,0,0,0,0,0,0,1,0,0,0,0,0,0,0,0,0,0,0,0,0,0,0,0,0,1,0
35.0,1.0,3,1,80.0,3,2,3,1.0,16.0,4,5.0,3.0,3,5.0,4.0,0.0,3.0,3,0,0,0,1,0,0,0,1,0,0,0,0,1,0,0,0,0,0,0,0,0,0,0,0,0,1,0,0,0,0,0,0,1,0,0
34.0,21.0,4,4,74.0,4,2,4,1.0,12.0,4,10.0,3.0,3,10.0,7.0,5.0,7.0,3,1,1,0,0,0,0,0,1,0,0,0,0,1,0,0,0,0,0,0,0,0,0,0,0,0,1,0,0,0,0,0,0,1,0,0
26.0,24.0,3,3,66.0,1,1,4,1.0,18.0,2,1.0,3.0,1,1.0,0.0,0.0,0.0,3,1,0,0,0,0,1,0,1,1,0,0,0,0,0,0,1,0,0,0,0,0,0,0,0,0,0,0,0,0,0,0,0,1,1,1
37.0,1.0,3,2,59.0,3,3,4,4.0,17.0,4,12.0,3.0,4,6.0,5.0,1.0,2.0,4,0,0,0,0,0,1,0,1,1,0,0,0,0,0,0,1,0,0,0,0,0,0,0,0,0,0,0,0,0,0,0,0,1,0,0
46.0,18.0,1,1,86.0,3,3,3,5.0,11.0,4,28.0,3.0,2,2.0,2.0,1.0,2.0,2,0,0,0,1,0,0,1,0,1,0,0,0,0,0,0,0,0,0,0,0,0,0,0,0,0,0,0,1,0,0,0,1,0,0,0
41.0,2.0,5,2,91.0,3,4,1,7.0,16.0,2,22.0,2.0,3,18.0,16.0,11.0,8.0,2,0,1,0,0,0,0,1,0,0,0,0,0,1,0,0,0,0,0,0,0,1,0,0,0,0,0,0,0,0,0,0,0,1,0,0
52.0,6.0,2,4,78.0,3,2,1,3.0,12.0,2,18.0,3.0,3,10.0,9.0,6.0,9.0,3,1,0,0,0,0,1,0,0,1,0,0,0,0,0,0,1,0,0,0,0,0,0,0,0,0,0,0,0,0,0,0,0,1,1,0
38.0,10.0,3,3,76.0,3,2,3,3.0,19.0,3,18.0,4.0,3,1.0,0.0,0.0,0.0,3,0,0,0,1,0,0,1,0,0,0,0,0,0,1,0,0,0,0,0,0,0,0,0,0,0,0,0,0,0,0,0,0,1,0,0
37.0,1.0,4,2,65.0,3,2,2,6.0,12.0,2,8.0,2.0,2,6.0,5.0,4.0,3.0,3,0,1,0,0,0,0,1,0,1,0,0,0,0,0,0,1,0,0,0,0,0,0,0,0,0,0,0,0,0,0,0,0,1,0,0
49.0,18.0,4,4,58.0,2,5,3,1.0,17.0,3,31.0,5.0,3,31.0,9.0,0.0,9.0,3,1,1,0,0,0,0,0,0,1,0,0,0,0,0,0,0,0,0,0,0,0,0,0,0,0,0,0,1,0,0,0,0,1,1,0
24.0,23.0,3,2,89.0,4,1,4,1.0,11.0,2,6.0,3.0,3,6.0,5.0,1.0,4.0,3,1,0,0,1,0,0,1,0,1,0,0,0,0,0,0,1,0,0,0,0,0,0,0,0,0,0,0,0,0,0,0,0,1,1,0
26.0,28.0,2,1,66.0,3,2,2,1.0,20.0,4,6.0,5.0,4,5.0,3.0,1.0,4.0,3,1,0,1,0,0,0,1,0,0,0,0,0,1,0,0,0,0,0,0,0,0,0,0,0,0,1,0,0,0,0,0,0,1,0,0
24.0,17.0,2,4,94.0,2,1,2,1.0,21.0,4,1.0,2.0,3,1.0,0.0,0.0,0.0,4,1,0,0,0,1,0,1,0,1,0,0,0,0,0,0,1,0,0,0,0,0,0,0,0,0,0,0,0,0,0,0,0,1,0,0
50.0,3.0,3,1,99.0,3,5,2,1.0,11.0,3,32.0,2.0,3,32.0,5.0,10.0,7.0,2,1,0,0,1,0,0,1,0,0,0,1,0,0,0,0,0,0,0,0,0,1,0,0,0,0,0,0,0,0,0,0,1,0,0,0
25.0,13.0,1,2,40.0,3,1,3,1.0,11.0,3,7.0,1.0,3,7.0,4.0,0.0,6.0,3,1,0,0,1,0,0,1,0,0,0,0,0,1,0,0,0,0,0,0,0,0,0,0,0,0,0,1,0,0,0,0,0,1,0,0
24.0,7.0,3,1,55.0,3,1,3,1.0,16.0,4,6.0,4.0,3,6.0,3.0,1.0,2.0,2,0,1,0,0,0,0,1,0,1,0,0,0,0,0,0,0,0,0,0,0,0,0,0,0,0,0,0,1,0,0,0,1,0,1,1
34.0,1.0,2,2,83.0,2,1,4,1.0,13.0,4,6.0,3.0,3,6.0,5.0,1.0,3.0,3,1,1,0,0,0,0,1,0,1,0,0,0,0,0,0,1,0,0,0,0,0,0,0,0,0,0,0,0,0,0,0,0,1,1,0
31.0,13.0,4,2,46.0,3,2,1,2.0,17.0,3,9.0,2.0,1,3.0,1.0,1.0,2.0,3,1,0,0,1,0,0,0,0,0,0,0,0,1,0,0,0,0,0,0,0,0,0,0,0,0,1,0,0,0,0,0,0,1,0,1
31.0,6.0,4,1,66.0,4,2,4,4.0,22.0,4,13.0,4.0,4,7.0,7.0,5.0,7.0,2,1,0,0,1,0,0,0,0,0,0,0,0,1,0,0,0,0,0,0,0,0,0,0,0,0,1,0,0,0,0,0,0,1,0,0
27.0,6.0,4,1,66.0,2,1,3,0.0,12.0,3,6.0,5.0,2,5.0,3.0,0.0,3.0,3,0,0,0,1,0,0,0,0,1,0,0,0,0,0,0,1,0,0,0,0,0,0,0,0,0,0,0,0,0,0,0,0,1,0,0
37.0,2.0,3,4,75.0,3,2,3,4.0,11.0,3,17.0,3.0,2,3.0,0.0,1.0,0.0,3,1,0,1,0,0,0,1,0,0,0,0,0,1,0,0,0,0,0,0,0,0,0,0,0,0,1,0,0,0,0,0,0,1,1,0
42.0,2.0,4,3,81.0,3,2,4,1.0,13.0,2,10.0,4.0,3,10.0,2.0,2.0,2.0,3,0,1,0,0,0,0,1,0,1,0,0,0,0,0,0,1,0,0,0,0,0,0,0,0,0,0,0,0,0,0,0,0,1,0,0
43.0,6.0,4,2,50.0,2,4,4,4.0,14.0,3,21.0,3.0,2,1.0,0.0,0.0,0.0,3,1,0,0,0,1,0,0,0,1,0,0,0,0,0,0,1,0,0,0,0,0,0,0,0,0,0,0,0,0,0,0,0,1,1,0
38.0,1.0,1,3,43.0,3,1,1,3.0,17.0,4,8.0,3.0,2,0.0,0.0,0.0,0.0,3,0,1,0,0,0,0,0,1,1,0,0,0,0,0,0,1,0,0,0,0,0,0,0,0,0,0,0,0,0,0,0,0,1,0,0
43.0,9.0,5,4,72.0,3,2,3,3.0,13.0,2,10.0,3.0,3,8.0,7.0,4.0,7.0,3,1,0,0,1,0,0,0,0,1,0,0,0,0,0,0,0,0,0,0,0,0,0,0,0,0,0,0,1,0,0,0,1,0,1,0
48.0,1.0,4,4,40.0,2,4,1,7.0,11.0,1,21.0,3.0,1,3.0,2.0,0.0,2.0,3,0,1,0,0,0,0,1,0,1,0,0,0,0,0,0,0,0,0,0,0,0,0,0,0,0,0,0,1,0,0,0,0,1,0,0
44.0,1.0,4,1,50.0,2,2,3,4.0,11.0,2,10.0,1.0,4,2.0,2.0,0.0,2.0,3,0,1,0,0,0,0,0,1,0,0,1,0,0,0,0,0,0,0,1,0,0,0,0,0,0,0,0,0,0,0,0,0,1,0,0
34.0,14.0,3,3,31.0,3,1,3,1.0,18.0,4,8.0,3.0,3,8.0,2.0,0.0,6.0,3,0,0,0,0,0,1,0,0,0,0,0,0,1,0,0,0,0,0,0,0,0,0,0,0,0,0,1,0,0,0,0,0,1,1,0
27.0,2.0,1,3,85.0,3,1,1,0.0,11.0,2,5.0,3.0,3,4.0,3.0,0.0,2.0,3,1,0,1,0,0,0,0,0,0,0,0,0,1,0,0,0,0,0,0,0,0,0,0,0,0,0,1,0,0,0,0,0,1,0,1
21.0,22.0,1,3,49.0,3,1,3,1.0,11.0,3,3.0,2.0,3,3.0,2.0,1.0,2.0,3,1,0,0,0,0,1,0,1,0,0,0,0,1,0,0,0,0,0,0,0,0,0,0,0,0,0,1,0,0,0,0,0,1,0,0
44.0,3.0,4,4,35.0,3,5,4,4.0,12.0,1,26.0,2.0,4,2.0,2.0,0.0,1.0,3,1,0,0,0,1,0,1,0,1,0,0,0,0,0,0,0,0,0,0,0,0,0,0,0,0,0,0,1,0,0,0,0,1,1,0
22.0,6.0,1,1,69.0,3,1,3,0.0,20.0,4,3.0,3.0,3,2.0,2.0,2.0,2.0,3,1,0,0,1,0,0,1,0,1,0,0,0,0,0,0,1,0,0,0,0,0,0,0,0,0,0,0,0,0,0,0,0,1,0,0
32.0,9.0,4,1,92.0,3,2,4,1.0,12.0,4,6.0,2.0,2,6.0,4.0,0.0,5.0,3,0,1,0,0,0,0,1,0,1,0,0,0,0,0,0,1,0,0,0,0,0,0,0,0,0,0,0,0,0,0,0,0,1,1,0
30.0,3.0,3,3,71.0,3,1,3,1.0,20.0,3,1.0,2.0,3,1.0,0.0,0.0,0.0,4,0,0,0,1,0,0,0,0,1,0,0,0,0,0,0,1,0,0,0,0,0,0,0,0,0,0,0,0,0,0,0,1,0,0,0
34.0,1.0,5,2,42.0,3,1,4,1.0,12.0,4,10.0,4.0,2,10.0,9.0,8.0,8.0,3,1,1,0,0,0,0,1,0,1,0,0,0,0,0,0,0,0,0,0,0,0,0,0,0,0,0,0,1,0,0,0,0,1,0,0
26.0,6.0,3,3,71.0,3,1,4,1.0,13.0,3,3.0,2.0,3,3.0,2.0,0.0,2.0,3,0,1,0,0,0,0,1,0,1,0,0,0,0,0,0,1,0,0,0,0,0,0,0,0,0,0,0,0,0,0,0,0,1,1,0
37.0,3.0,3,3,36.0,3,3,3,1.0,15.0,3,10.0,2.0,3,10.0,7.0,7.0,8.0,3,1,0,0,0,1,0,1,0,1,0,0,0,0,0,0,1,0,0,0,0,0,0,0,0,0,0,0,0,0,0,0,0,1,0,0
29.0,3.0,2,2,62.0,3,2,3,1.0,14.0,1,6.0,5.0,2,6.0,0.0,1.0,2.0,3,0,0,0,1,0,0,1,0,0,0,0,0,1,0,0,0,0,0,0,0,0,0,0,0,0,1,0,0,0,0,0,0,1,0,0
35.0,6.0,4,2,82.0,1,2,4,1.0,13.0,2,17.0,3.0,3,17.0,11.0,11.0,8.0,3,1,1,0,0,0,0,0,1,1,0,0,0,0,0,0,0,0,0,0,0,0,0,0,0,0,0,0,1,0,0,0,0,1,0,0
54.0,19.0,4,3,88.0,3,3,2,2.0,15.0,3,16.0,1.0,4,9.0,7.0,7.0,1.0,3,1,0,0,1,0,0,1,0,0,0,1,0,0,0,0,0,0,0,1,0,0,0,0,0,0,0,0,0,0,0,0,0,1,0,0
36.0,9.0,2,2,48.0,2,2,2,2.0,11.0,3,13.0,2.0,3,3.0,2.0,0.0,2.0,3,1,0,0,1,0,0,0,0,1,0,0,0,0,0,0,1,0,0,0,0,0,0,0,0,0,0,0,0,0,0,0,0,1,1,0
20.0,10.0,1,4,32.0,3,1,3,1.0,11.0,4,1.0,5.0,3,1.0,0.0,1.0,1.0,3,1,0,0,1,0,0,0,1,1,0,0,0,0,0,0,0,0,0,0,0,0,0,0,0,0,0,0,1,0,0,0,0,1,1,1
33.0,3.0,3,1,70.0,3,1,1,1.0,11.0,1,10.0,3.0,3,10.0,8.0,9.0,7.0,3,1,1,0,0,0,0,0,1,1,0,0,0,0,0,0,0,0,0,0,0,0,0,0,0,0,0,0,1,0,0,0,1,0,1,1
23.0,4.0,3,1,58.0,4,1,1,2.0,16.0,1,5.0,3.0,4,3.0,2.0,0.0,2.0,4,1,0,0,1,0,0,1,0,1,0,0,0,0,0,0,1,0,0,0,0,0,0,0,0,0,0,0,0,0,0,0,0,1,0,0
25.0,8.0,3,4,57.0,4,2,2,0.0,22.0,3,4.0,4.0,3,3.0,2.0,1.0,2.0,4,1,1,0,0,0,0,1,0,0,0,0,0,1,0,0,0,0,0,0,0,0,0,0,0,0,1,0,0,0,0,0,0,1,0,0
38.0,7.0,4,4,46.0,2,2,4,0.0,20.0,1,8.0,2.0,3,7.0,7.0,0.0,5.0,4,0,0,1,0,0,0,0,1,0,0,0,0,1,0,0,0,0,0,0,0,0,0,0,0,0,1,0,0,0,0,0,0,1,0,0
29.0,1.0,4,2,76.0,1,1,4,1.0,18.0,4,10.0,5.0,3,10.0,7.0,2.0,8.0,3,1,1,0,0,0,0,0,0,1,0,0,0,0,0,0,1,0,0,0,0,0,0,0,0,0,0,0,0,0,0,0,1,0,0,0
48.0,2.0,1,2,56.0,4,2,2,3.0,12.0,4,12.0,3.0,3,2.0,2.0,2.0,2.0,3,1,0,1,0,0,0,1,0,0,0,0,0,1,0,0,0,0,0,0,0,0,0,0,0,0,1,0,0,0,0,0,0,1,0,0
27.0,3.0,1,4,71.0,4,2,4,1.0,20.0,2,6.0,3.0,3,6.0,5.0,0.0,4.0,4,0,0,0,1,0,0,0,0,0,0,0,0,1,0,0,0,0,0,0,0,0,0,0,0,0,1,0,0,0,0,0,1,0,1,0
37.0,10.0,2,4,80.0,4,1,4,3.0,17.0,1,4.0,2.0,3,1.0,0.0,0.0,0.0,3,1,1,0,0,0,0,0,1,1,0,0,0,0,0,0,0,0,0,0,0,0,0,0,0,0,0,0,1,0,0,0,0,1,0,0
50.0,28.0,1,4,74.0,4,1,3,1.0,11.0,3,20.0,3.0,3,20.0,8.0,3.0,8.0,3,1,0,0,1,0,0,1,0,1,0,0,0,0,0,0,0,0,0,0,0,0,0,0,0,0,0,0,1,0,0,0,0,1,1,0
34.0,9.0,3,4,46.0,2,3,2,1.0,14.0,2,9.0,3.0,4,8.0,7.0,7.0,7.0,3,0,0,0,1,0,0,0,1,0,0,0,0,0,1,0,0,0,0,0,0,0,0,0,0,0,0,0,0,0,0,0,0,1,0,0
24.0,3.0,2,1,65.0,3,2,3,9.0,14.0,1,4.0,3.0,3,2.0,2.0,2.0,0.0,2,0,1,0,0,0,0,0,1,0,0,0,0,1,0,0,0,0,0,0,0,0,0,0,0,0,1,0,0,0,0,0,0,1,0,1
